path_id,user_id,path,n_touches,converted
1,7357,ctx_brand > social > retarget > retarget > retarget,5,1
2,27472,cpa > retarget > retarget,3,1
3,39914,influencer > ctx_category > retarget,3,1
4,5104,ctx_category > social > ctx_category > retarget,4,1
5,24112,cpa > retarget,2,1
6,11458,influencer > retarget > cpa > cpa > ctx_brand > retarget,6,1
7,32291,retarget > ctx_category > cpa > ctx_brand > social > retarget,6,1
8,28839,social > cpa > cpa > retarget,4,1
9,34074,influencer > ctx_brand > ctx_brand > retarget,4,1
10,20256,organic > retarget,2,1
11,32900,cpa > retarget,2,1
12,1173,cpa > ctx_category > retarget,3,1
13,35857,influencer > retarget > ctx_category > retarget,4,1
14,25008,retarget > retarget > ctx_category > ctx_category,4,1
15,31545,cpa > ctx_brand > retarget > cpa > retarget,5,1
16,36628,cpa > cpa > cpa > social > ctx_brand > retarget,6,1
17,38375,influencer > social > cpa > ctx_brand > influencer > retarget,6,1
18,18455,ctx_brand > cpa > ctx_brand > retarget,4,1
19,31333,social > ctx_category > retarget,3,1
20,31627,social > ctx_category,2,1
21,38580,ctx_brand > ctx_category > ctx_category > ctx_brand > retarget,5,1
22,107,influencer > ctx_brand > social > influencer > ctx_category > retarget,6,1
23,33616,influencer > social > retarget,3,1
24,3618,retarget > cpa > ctx_category > retarget,4,1
25,34737,ctx_brand > ctx_brand > retarget > ctx_brand > retarget,5,1
26,973,cpa > retarget,2,1
27,5443,influencer > influencer > ctx_category > influencer > ctx_brand > retarget,6,1
28,39076,influencer > cpa > social > social > cpa > retarget,6,1
29,17000,ctx_brand > retarget > cpa > retarget,4,1
30,15034,influencer > cpa > cpa > retarget,4,1
31,18816,organic > retarget,2,1
32,1726,influencer > influencer > retarget > retarget,4,1
33,18791,influencer > influencer > influencer > retarget,4,1
34,15804,retarget > ctx_category > ctx_category > retarget,4,1
35,11471,retarget > retarget,2,1
36,23423,influencer > ctx_brand > ctx_category > retarget,4,1
37,2085,influencer > ctx_brand > ctx_brand > cpa > retarget > ctx_category > cpa > retarget,8,1
38,38987,influencer > cpa > retarget > ctx_category > influencer > retarget,6,1
39,32630,organic > retarget,2,1
40,11479,ctx_category > cpa > retarget,3,1
41,35275,organic,1,1
42,19696,influencer > retarget,2,1
43,4721,influencer > retarget,2,1
44,11724,ctx_brand > retarget,2,1
45,3428,cpa > ctx_brand > cpa > retarget,4,1
46,23399,cpa > cpa > retarget,3,1
47,1283,cpa > retarget,2,1
48,19293,cpa > retarget,2,1
49,416,retarget > ctx_category > influencer > ctx_category > ctx_category > social > retarget,7,1
50,13378,organic > retarget,2,1
51,32948,ctx_category > retarget,2,1
52,12775,ctx_category > retarget,2,1
53,23662,organic > retarget,2,1
54,30110,influencer > cpa > influencer > influencer > ctx_category > retarget,6,1
55,32170,influencer > cpa > ctx_category > retarget,4,1
56,16950,cpa > ctx_category > social > ctx_category > retarget,5,1
57,2626,influencer > ctx_category > retarget,3,1
58,25077,ctx_category > ctx_brand > retarget > retarget,4,1
59,15430,retarget > cpa > retarget,3,1
60,38726,influencer > retarget > retarget,3,1
61,129,social > retarget,2,1
62,33795,social > social > retarget > retarget,4,1
63,13788,cpa > ctx_category > ctx_brand > cpa > retarget,5,1
64,11801,cpa > retarget,2,1
65,26610,ctx_category > ctx_brand > retarget,3,1
66,3356,retarget > ctx_brand > ctx_category > retarget,4,1
67,30197,cpa > ctx_category > retarget > retarget,4,1
68,9417,social > retarget,2,1
69,12002,influencer > retarget > social > retarget,4,1
70,8692,ctx_brand > cpa > ctx_category > retarget,4,1
71,13752,retarget > ctx_brand > ctx_brand,3,1
72,6769,organic > retarget,2,1
73,14601,organic > retarget,2,1
74,39715,ctx_brand > cpa > ctx_category > retarget,4,1
75,29406,influencer > retarget > retarget > ctx_brand,4,1
76,14786,ctx_category > influencer > influencer > retarget,4,1
77,115,ctx_brand > cpa > retarget > retarget,4,1
78,16123,ctx_category > cpa > cpa > retarget,4,1
79,18825,ctx_category > influencer > retarget,3,1
80,31042,retarget > ctx_category,2,1
81,38476,ctx_category > ctx_category > influencer > retarget,4,1
82,38837,influencer > ctx_brand > ctx_brand > influencer > retarget > retarget,6,1
83,14700,influencer > cpa > ctx_category > social > retarget,5,1
84,7700,influencer > influencer > retarget > ctx_brand > social > retarget,6,1
85,16570,ctx_category > ctx_brand > ctx_brand > retarget > social > influencer > retarget,7,1
86,40000,social > ctx_brand > retarget,3,1
87,24442,influencer > ctx_brand > cpa > retarget,4,1
88,11075,influencer > ctx_brand > social > retarget,4,1
89,13361,influencer > cpa > cpa > influencer > retarget,5,1
90,37538,social > ctx_category > influencer > retarget,4,1
91,8187,influencer > retarget > retarget,3,1
92,24876,ctx_brand > cpa > ctx_category > retarget,4,1
93,20184,influencer > retarget > ctx_brand,3,1
94,30959,ctx_brand > ctx_brand > retarget > social > influencer > retarget,6,1
95,21697,ctx_brand > retarget,2,1
96,37946,cpa > cpa > retarget,3,1
97,7812,retarget > influencer > retarget,3,1
98,10481,influencer > retarget > retarget > social > ctx_category > retarget,6,1
99,13256,influencer > retarget,2,1
100,36141,retarget > influencer > retarget,3,1
101,19675,influencer > ctx_category > retarget > cpa > social > retarget,6,1
102,15035,ctx_brand > retarget > cpa > retarget > retarget > cpa > retarget,7,1
103,4108,cpa > cpa > influencer > ctx_category,4,1
104,11442,social > ctx_category > ctx_brand > ctx_brand > retarget,5,1
105,38055,retarget > cpa,2,1
106,30554,social > social > ctx_brand > retarget,4,1
107,26220,influencer > ctx_brand > ctx_brand,3,1
108,2022,influencer > retarget > cpa > cpa > ctx_category > retarget,6,1
109,19309,social > ctx_category > social > retarget,4,1
110,39872,retarget > ctx_brand > retarget,3,1
111,28134,cpa > influencer > retarget > retarget > retarget,5,1
112,25933,ctx_brand > cpa > ctx_brand > cpa > retarget,5,1
113,17676,ctx_category > influencer > retarget,3,1
114,24201,social > ctx_category > ctx_category > retarget,4,1
115,12235,influencer > ctx_brand > retarget > retarget > ctx_brand > cpa > ctx_category > retarget,8,1
116,26536,retarget > ctx_category > retarget,3,1
117,4432,cpa > cpa > ctx_category > retarget,4,1
118,24434,retarget > retarget,2,1
119,13834,ctx_category > ctx_category > influencer > cpa > ctx_brand > retarget,6,1
120,11316,influencer > social > cpa > retarget > social,5,1
121,19845,influencer > retarget,2,1
122,4097,ctx_brand > influencer > retarget,3,1
123,11610,influencer > cpa > retarget,3,1
124,21766,influencer > ctx_category > ctx_category > ctx_brand > retarget,5,1
125,23912,cpa > ctx_category > retarget,3,1
126,4219,cpa > cpa > social > retarget,4,1
127,31974,influencer > influencer > ctx_brand > ctx_category > ctx_category > cpa > cpa > cpa,8,1
128,39046,influencer > organic > retarget,3,1
129,6722,ctx_brand > retarget > retarget,3,1
130,10068,influencer > ctx_brand > retarget > retarget > ctx_category > retarget,6,1
131,10954,cpa > ctx_category > social > ctx_category,4,1
132,9334,retarget > influencer > social > cpa > retarget > retarget,6,1
133,16525,ctx_category > retarget > ctx_brand > retarget > ctx_brand > retarget,6,1
134,30043,influencer > ctx_category > influencer > retarget,4,1
135,15519,ctx_brand > retarget > ctx_brand > influencer > retarget,5,1
136,11645,retarget > ctx_category > retarget,3,1
137,22336,organic > retarget,2,1
138,4996,influencer > ctx_category > influencer > influencer > retarget,5,1
139,11240,influencer > influencer > ctx_category > retarget > retarget,5,1
140,11559,influencer > ctx_brand > cpa > cpa > retarget,5,1
141,12863,organic > retarget,2,1
142,11990,influencer > ctx_category > retarget,3,1
143,32371,cpa > retarget,2,1
144,19530,influencer > retarget > retarget,3,1
145,8270,ctx_brand > influencer,2,1
146,26092,influencer > social > social > retarget,4,1
147,15197,influencer > retarget > retarget,3,1
148,32879,retarget > social > retarget,3,1
149,39165,social > ctx_brand > retarget > retarget,4,1
150,30552,ctx_category > influencer > retarget,3,1
151,27922,influencer > social > retarget > retarget,4,1
152,39299,ctx_category > cpa > retarget,3,1
153,22778,ctx_category > ctx_category > ctx_category > retarget > retarget,5,1
154,15506,influencer > ctx_brand > ctx_brand > ctx_category > ctx_brand > retarget,6,1
155,11346,ctx_category > retarget,2,1
156,8013,influencer > cpa > retarget,3,1
157,5391,ctx_brand > retarget > ctx_category > ctx_category > retarget,5,1
158,27365,social > ctx_category > retarget > retarget,4,1
159,28039,organic > retarget,2,1
160,28907,ctx_brand > cpa > influencer > ctx_brand > retarget,5,1
161,1347,organic > retarget,2,1
162,35215,social > ctx_brand > ctx_category > retarget > cpa > retarget,6,1
163,12167,cpa > ctx_category > retarget,3,1
164,5388,influencer > retarget > retarget,3,1
165,7954,ctx_category > ctx_category > ctx_brand > social > social > retarget,6,1
166,6681,cpa > ctx_category > cpa > social > retarget,5,1
167,25730,ctx_category > retarget > retarget,3,1
168,24706,retarget > retarget,2,1
169,4328,ctx_brand > retarget,2,1
170,6683,ctx_category > cpa > ctx_brand > cpa > retarget,5,1
171,19989,retarget > ctx_category > ctx_brand > retarget,4,1
172,16336,influencer > cpa > influencer,3,1
173,18224,retarget > ctx_brand,2,1
174,28574,ctx_category > retarget > influencer > ctx_category > retarget,5,1
175,27032,social > social > retarget,3,1
176,32135,influencer > cpa > ctx_brand > influencer > ctx_category > retarget,6,1
177,17457,ctx_brand > retarget,2,1
178,22362,ctx_category > cpa > retarget,3,1
179,28793,retarget > retarget > influencer > ctx_category > retarget,5,1
180,23150,ctx_category > social > retarget,3,1
181,13102,influencer > cpa > retarget > retarget,4,1
182,17691,ctx_category > retarget,2,1
183,13073,ctx_category,1,1
184,15929,influencer > cpa > ctx_category > ctx_category > ctx_category > ctx_brand > retarget,7,1
185,36608,influencer > ctx_category > influencer > ctx_brand > cpa > retarget > retarget,7,1
186,559,retarget > retarget,2,1
187,13924,influencer > ctx_category > ctx_brand > ctx_category > ctx_category > retarget,6,1
188,37432,social > ctx_brand > retarget > retarget,4,1
189,2077,influencer > ctx_brand > retarget,3,1
190,34585,influencer > retarget,2,1
191,19281,ctx_brand > influencer > retarget > influencer,4,1
192,34158,influencer > retarget > retarget,3,1
193,13369,retarget > cpa > influencer > retarget,4,1
194,15781,influencer > cpa > influencer > retarget,4,1
195,24783,influencer > retarget > retarget > social,4,1
196,13699,ctx_category > retarget,2,1
197,23526,influencer > cpa > retarget > retarget,4,1
198,32342,ctx_category > retarget > influencer > retarget,4,1
199,30566,influencer > influencer > ctx_brand > ctx_category > retarget,5,1
200,15516,organic > retarget,2,1
201,35103,ctx_category > ctx_category > retarget,3,1
202,17630,organic > retarget,2,1
203,11643,influencer > influencer > cpa > retarget > retarget > retarget,6,1
204,27779,organic,1,1
205,23616,organic > retarget,2,1
206,28792,influencer > ctx_brand > ctx_category > retarget > ctx_category > retarget,6,1
207,14195,retarget > retarget > cpa > cpa > influencer > retarget,6,1
208,24848,ctx_brand > social > retarget,3,1
209,37053,retarget > cpa > ctx_category > retarget > retarget,5,1
210,13606,retarget > retarget,2,1
211,24104,influencer > ctx_category > retarget,3,1
212,7419,influencer > ctx_category > ctx_category > influencer > retarget,5,1
213,19981,influencer > organic,2,1
214,4706,cpa > ctx_brand > influencer > retarget,4,1
215,1913,social > ctx_category > retarget > cpa,4,1
216,39791,influencer > cpa > social,3,1
217,20622,ctx_brand > social > retarget > retarget,4,1
218,24155,ctx_brand > ctx_category > retarget > social > retarget,5,1
219,15241,ctx_category > retarget,2,1
220,6402,retarget > influencer,2,1
221,8584,influencer > ctx_brand > ctx_category > social > retarget > cpa > retarget,7,1
222,11151,organic > retarget,2,1
223,17698,influencer > social > retarget > social > retarget,5,1
224,30402,ctx_category > ctx_category > ctx_brand > retarget,4,1
225,19677,ctx_brand > retarget > ctx_category > ctx_brand > social > retarget,6,1
226,5971,ctx_brand > ctx_brand > cpa > cpa > retarget > influencer > retarget,7,1
227,12296,influencer > retarget > retarget,3,1
228,31446,ctx_category > retarget,2,1
229,1127,influencer > retarget > cpa > retarget,4,1
230,15841,influencer > social > influencer > retarget > retarget,5,1
231,13863,influencer > retarget > retarget > cpa > retarget,5,1
232,27153,influencer > cpa > retarget > cpa > retarget,5,1
233,2145,influencer > social > ctx_category > retarget,4,1
234,28086,organic > retarget,2,1
235,7333,retarget > retarget > ctx_brand > ctx_category > retarget,5,1
236,15603,influencer > retarget > influencer > ctx_brand > cpa > retarget,6,1
237,4846,ctx_category > retarget > ctx_category > retarget,4,1
238,31182,social > ctx_brand > cpa > ctx_brand > retarget,5,1
239,16280,social > social > ctx_category > retarget,4,1
240,35095,influencer > social > ctx_category > social > ctx_brand > influencer > ctx_category > retarget,8,1
241,19298,influencer > ctx_category > cpa,3,1
242,1680,influencer > retarget > social > ctx_category > retarget,5,1
243,29345,ctx_category > cpa > social > cpa > retarget,5,1
244,16738,social > ctx_brand > ctx_category > retarget,4,1
245,1985,social > retarget > ctx_brand > retarget > retarget,5,1
246,29867,social > cpa > influencer > influencer > retarget,5,1
247,19763,influencer > ctx_brand > ctx_category > cpa > ctx_category > retarget,6,1
248,38778,retarget > retarget,2,1
249,13804,ctx_category > cpa > retarget,3,1
250,9716,ctx_category > retarget > influencer > retarget,4,1
251,36320,ctx_brand > ctx_category > retarget > ctx_category > retarget,5,1
252,37161,influencer > organic > retarget,3,1
253,31276,social > retarget,2,1
254,25136,influencer > retarget,2,1
255,15402,cpa > retarget,2,1
256,3522,ctx_category > ctx_category > ctx_category,3,1
257,29304,ctx_brand > ctx_category > retarget,3,1
258,16,ctx_category > retarget,2,1
259,10352,influencer > retarget > ctx_brand > retarget,4,1
260,28969,social,1,1
261,26164,influencer > influencer > retarget,3,1
262,36734,influencer > organic > retarget,3,1
263,15864,cpa > influencer > retarget > influencer > retarget,5,1
264,5678,ctx_category > social > ctx_brand,3,1
265,29054,ctx_category > ctx_category > retarget > retarget > ctx_category > retarget,6,1
266,20300,retarget > cpa > ctx_brand > retarget,4,1
267,30193,influencer > ctx_brand > retarget > ctx_brand > retarget > retarget,6,1
268,34615,ctx_category > retarget > ctx_brand > retarget,4,1
269,28573,retarget > ctx_category > ctx_category > ctx_category > retarget,5,1
270,21394,influencer > ctx_brand > ctx_category > influencer > retarget,5,1
271,36098,influencer > influencer > retarget,3,1
272,39141,influencer > retarget > retarget,3,1
273,26149,ctx_brand > retarget > retarget,3,1
274,39777,cpa > social > ctx_category > retarget,4,1
275,21416,ctx_category > social > ctx_brand > retarget,4,1
276,27240,ctx_category > influencer > ctx_brand,3,1
277,8645,retarget > cpa > influencer > social > influencer > retarget,6,1
278,3591,influencer > social > retarget,3,1
279,14899,organic > retarget,2,1
280,12896,influencer > ctx_category > ctx_category > ctx_category > cpa > cpa > retarget,7,1
281,8535,ctx_category > retarget,2,1
282,12587,influencer > organic,2,1
283,7684,influencer > ctx_category > retarget > retarget,4,1
284,13602,cpa > retarget > retarget > retarget,4,1
285,8150,influencer > ctx_brand > cpa > influencer > social > ctx_category > retarget,7,1
286,21588,influencer > social > ctx_category > retarget,4,1
287,19904,influencer > ctx_brand > cpa > cpa > influencer > retarget,6,1
288,1769,ctx_brand > cpa > retarget > retarget,4,1
289,24621,ctx_category > ctx_category > ctx_category > cpa > retarget,5,1
290,15751,cpa > social > retarget,3,1
291,3649,cpa > cpa > retarget,3,1
292,31667,retarget > retarget > retarget,3,1
293,8022,influencer > influencer > retarget > retarget,4,1
294,22644,ctx_brand > retarget,2,1
295,31126,influencer > cpa > cpa > retarget,4,1
296,14788,social > influencer > retarget,3,1
297,4182,influencer > ctx_category > retarget,3,1
298,37522,influencer > ctx_brand > cpa > retarget,4,1
299,1825,organic > retarget,2,1
300,32189,organic > retarget,2,1
301,21118,influencer > influencer > retarget,3,1
302,16422,organic,1,1
303,16153,ctx_category > social > retarget,3,1
304,35471,influencer > cpa > retarget,3,1
305,18886,social > ctx_category,2,1
306,9471,influencer > retarget > retarget,3,1
307,3138,retarget,1,1
308,14560,cpa > retarget,2,1
309,28799,influencer > ctx_category > ctx_category > cpa > ctx_brand > retarget,6,1
310,29363,ctx_brand > influencer > ctx_brand > influencer > retarget,5,1
311,24305,influencer > ctx_brand > retarget > retarget,4,1
312,29483,influencer > retarget > retarget,3,1
313,30356,influencer > retarget > retarget,3,1
314,16055,organic > retarget,2,1
315,30033,organic,1,1
316,33648,influencer > ctx_category > ctx_category > ctx_category > ctx_category > cpa > retarget,7,1
317,23152,cpa > social > cpa,3,1
318,25485,influencer > ctx_brand > ctx_brand > retarget,4,1
319,545,retarget > ctx_brand > ctx_category > influencer > retarget,5,1
320,15675,influencer > ctx_category > influencer > retarget > retarget,5,1
321,12257,ctx_brand > retarget,2,1
322,395,cpa > cpa > ctx_category > retarget,4,1
323,37847,influencer > ctx_brand > ctx_category > retarget,4,1
324,2791,ctx_brand > retarget,2,1
325,1155,influencer > ctx_brand > influencer > retarget,4,1
326,15291,cpa > ctx_brand > ctx_category > influencer > retarget,5,1
327,8123,influencer > ctx_brand > retarget > retarget,4,1
328,26183,ctx_brand > retarget,2,1
329,34970,influencer > retarget > ctx_category > ctx_brand > social > influencer > ctx_brand > retarget,8,1
330,18236,cpa > ctx_brand > retarget,3,1
331,36201,ctx_category > ctx_brand > ctx_category > retarget,4,1
332,1376,influencer > social > ctx_brand > retarget > influencer > social > retarget,7,1
333,34709,ctx_category > retarget,2,1
334,497,cpa > ctx_brand > ctx_brand > retarget,4,1
335,29176,influencer > ctx_category > ctx_brand > retarget,4,1
336,10822,ctx_category > cpa > ctx_brand > ctx_brand > retarget,5,1
337,9243,retarget > retarget > retarget,3,1
338,13671,ctx_category > ctx_brand > retarget,3,1
339,22662,ctx_brand > retarget,2,1
340,16084,ctx_brand > cpa,2,1
341,17653,influencer > retarget > influencer > retarget > retarget,5,1
342,16878,ctx_category > cpa > ctx_brand > cpa > retarget,5,1
343,19109,ctx_brand > social > social,3,1
344,12940,ctx_brand > retarget > retarget > retarget,4,1
345,18479,influencer > ctx_category > social > ctx_brand > ctx_brand > retarget,6,1
346,8465,retarget > retarget > social > influencer > retarget,5,1
347,12380,ctx_brand > ctx_brand > retarget,3,1
348,39515,influencer > organic,2,1
349,14403,cpa > retarget > social,3,1
350,18829,retarget > influencer > retarget,3,1
351,11323,ctx_brand > retarget > influencer > social > retarget,5,1
352,19893,ctx_brand > ctx_brand > retarget > retarget > social > retarget,6,1
353,9291,retarget > ctx_category,2,1
354,1643,social > retarget,2,1
355,3485,retarget > cpa > retarget,3,1
356,20114,influencer > social > influencer > cpa > retarget,5,1
357,16015,retarget,1,1
358,12717,organic,1,1
359,13785,retarget > retarget > retarget,3,1
360,36421,influencer > ctx_brand > ctx_category > retarget,4,1
361,25666,ctx_category > social > social > influencer > retarget,5,1
362,31193,cpa > social > social > cpa > retarget,5,1
363,8368,influencer > ctx_brand > social > cpa > retarget,5,1
364,8794,ctx_brand > influencer,2,1
365,20732,influencer > retarget > ctx_category > influencer > retarget > retarget,6,1
366,29025,influencer > influencer,2,1
367,17348,ctx_category > ctx_brand,2,1
368,1776,influencer > ctx_brand > ctx_brand > influencer > retarget,5,1
369,15434,influencer > retarget > ctx_category,3,1
370,19876,ctx_category,1,1
371,24819,retarget > social > retarget,3,1
372,24793,influencer > ctx_category > retarget,3,1
373,24358,influencer > retarget > cpa > cpa > retarget,5,1
374,20342,organic > retarget,2,1
375,3196,retarget > retarget,2,1
376,25573,influencer > ctx_brand > influencer > retarget,4,1
377,21363,retarget > cpa > retarget,3,1
378,21500,retarget > ctx_category > ctx_category > retarget,4,1
379,37001,influencer > cpa > ctx_category > retarget,4,1
380,32503,ctx_category > social > ctx_brand > retarget,4,1
381,4336,retarget > retarget,2,1
382,10003,influencer > organic > retarget,3,1
383,34539,ctx_category > ctx_brand > retarget,3,1
384,28751,retarget > ctx_category > ctx_brand > retarget,4,1
385,23779,ctx_category > cpa > retarget,3,1
386,29722,cpa > influencer > ctx_category,3,1
387,13580,ctx_brand > cpa > retarget > retarget,4,1
388,20027,influencer > retarget > retarget,3,1
389,13218,ctx_category > ctx_brand > influencer > ctx_category > retarget,5,1
390,6553,social,1,1
391,3509,ctx_category > ctx_category > retarget,3,1
392,15880,social > retarget,2,1
393,8426,retarget > retarget,2,1
394,27808,influencer > cpa > ctx_category > cpa > retarget,5,1
395,11691,influencer > ctx_brand > retarget,3,1
396,14591,ctx_brand > cpa,2,1
397,38815,ctx_category > influencer,2,1
398,6614,ctx_category > cpa > retarget,3,1
399,34062,ctx_brand > social > retarget,3,1
400,39697,ctx_brand > retarget > retarget,3,1
401,9909,ctx_category > ctx_category > ctx_category > ctx_category > retarget,5,1
402,33652,retarget > retarget,2,1
403,39021,ctx_category > retarget > social,3,1
404,26137,cpa > social > retarget,3,1
405,28141,influencer > ctx_brand > ctx_brand > retarget > retarget,5,1
406,1604,ctx_brand > retarget,2,1
407,12731,influencer > retarget > ctx_category > retarget,4,1
408,9290,organic > retarget,2,1
409,33497,influencer > retarget > ctx_category > retarget,4,1
410,10780,influencer > retarget,2,1
411,38707,influencer > cpa > retarget,3,1
412,24720,social > retarget,2,1
413,12268,social > retarget > retarget,3,1
414,434,influencer > social > retarget,3,1
415,28946,influencer > retarget > retarget > ctx_category > ctx_brand > retarget,6,1
416,29015,influencer > ctx_brand > cpa > ctx_category > retarget,5,1
417,996,influencer > social > ctx_category > retarget,4,1
418,26624,retarget > retarget,2,1
419,7086,influencer > retarget > ctx_brand > influencer > retarget,5,1
420,32472,influencer > social > retarget > retarget,4,1
421,7174,retarget > retarget > retarget,3,1
422,11915,influencer > ctx_category > retarget > retarget,4,1
423,19790,ctx_category > ctx_category,2,1
424,36765,influencer > retarget > retarget > ctx_brand > retarget,5,1
425,27870,organic > retarget,2,1
426,14779,ctx_category > influencer > retarget,3,1
427,23758,retarget > ctx_category > retarget,3,1
428,34919,ctx_category > retarget > influencer > retarget,4,1
429,22834,retarget > cpa > retarget,3,1
430,20277,influencer > cpa > ctx_brand > ctx_category > cpa > retarget,6,1
431,32055,ctx_brand > ctx_category > retarget > retarget,4,1
432,24218,influencer > ctx_brand > retarget,3,1
433,13269,influencer > ctx_brand > cpa > retarget,4,1
434,27584,influencer > retarget > influencer > retarget > cpa > retarget,6,1
435,21912,ctx_category > retarget > retarget,3,1
436,10408,retarget > social > retarget > retarget,4,1
437,16345,social > social > ctx_category > ctx_category,4,1
438,9264,retarget > ctx_category > retarget,3,1
439,14249,influencer > influencer > social > cpa > retarget,5,1
440,12291,influencer > retarget > retarget,3,1
441,7884,retarget > cpa > retarget,3,1
442,14167,influencer > cpa > retarget,3,1
443,18702,influencer > retarget > retarget,3,1
444,5773,organic,1,1
445,5596,influencer > retarget > ctx_brand > retarget,4,1
446,30804,ctx_category > influencer > retarget,3,1
447,10047,ctx_category,1,1
448,21833,ctx_category > influencer > influencer > retarget,4,1
449,39855,retarget > cpa > retarget > retarget > social > cpa > retarget,7,1
450,39479,influencer > ctx_category > retarget > cpa > ctx_category > cpa > retarget,7,1
451,14740,ctx_brand > retarget,2,1
452,36512,influencer > retarget > ctx_brand > retarget,4,1
453,15333,ctx_category > social > ctx_brand > retarget > retarget,5,1
454,23905,influencer > retarget > influencer > retarget,4,1
455,36208,influencer > retarget > ctx_brand > retarget,4,1
456,10073,ctx_category > ctx_brand > ctx_category > retarget,4,1
457,30970,influencer > ctx_category > retarget > ctx_category > influencer > retarget,6,1
458,21212,influencer > social > ctx_brand,3,1
459,1130,ctx_category > ctx_brand > retarget,3,1
460,35627,influencer > cpa > cpa > retarget,4,1
461,29075,cpa > influencer > cpa > cpa > retarget,5,1
462,2689,retarget > retarget > retarget > cpa > retarget,5,1
463,27230,ctx_brand > ctx_category > ctx_category > ctx_brand > retarget > retarget,6,1
464,33393,social > retarget,2,1
465,24286,influencer > cpa > social > retarget,4,1
466,2915,ctx_brand > retarget,2,1
467,8586,ctx_brand > influencer > retarget,3,1
468,27838,influencer > influencer > influencer > ctx_category > retarget,5,1
469,31246,ctx_category > ctx_category > ctx_brand,3,1
470,18039,cpa > social > retarget,3,1
471,19338,ctx_category > retarget,2,1
472,36623,influencer > influencer > ctx_brand > ctx_category,4,1
473,34467,retarget > influencer,2,1
474,35379,influencer > ctx_category > ctx_category > social > retarget > retarget,6,1
475,13278,ctx_brand > social > cpa > ctx_brand > retarget,5,1
476,30138,retarget > cpa > social > retarget,4,1
477,38597,influencer > cpa > ctx_brand > ctx_brand > retarget,5,1
478,21848,influencer > ctx_category > retarget > retarget,4,1
479,37777,influencer > ctx_brand > retarget > ctx_category,4,1
480,14223,retarget > ctx_category > social > retarget,4,1
481,21725,influencer > organic,2,1
482,27819,influencer > ctx_category > social > retarget,4,1
483,12474,influencer > social > retarget,3,1
484,9076,social > cpa > retarget,3,1
485,24957,influencer > ctx_brand > retarget,3,1
486,30821,retarget > retarget > retarget > ctx_brand > social,5,1
487,34071,influencer > ctx_brand > cpa > cpa > retarget,5,1
488,5288,cpa > ctx_brand > social > retarget,4,1
489,32326,cpa > retarget > ctx_category > retarget,4,1
490,2493,cpa > retarget,2,1
491,34305,ctx_brand > retarget > retarget > retarget > influencer,5,1
492,14653,influencer > ctx_brand > influencer > retarget,4,1
493,8771,social > influencer > retarget,3,1
494,31171,ctx_category > retarget,2,1
495,12880,ctx_category > influencer > retarget,3,1
496,28635,influencer > ctx_category > ctx_brand > retarget,4,1
497,4550,influencer > retarget > ctx_brand > retarget,4,1
498,25700,social > retarget,2,1
499,7841,influencer > organic > retarget,3,1
500,12497,influencer > influencer > retarget,3,1
501,30338,ctx_brand > retarget,2,1
502,23677,influencer > social > ctx_category > retarget,4,1
503,29776,ctx_brand > ctx_category > retarget > retarget,4,1
504,36785,influencer > ctx_brand > ctx_brand > retarget,4,1
505,23539,influencer > ctx_category > social > retarget,4,1
506,34830,retarget > cpa > ctx_category > retarget,4,1
507,16192,influencer > social > retarget > retarget,4,1
508,31203,influencer > ctx_category > cpa > retarget,4,1
509,14746,ctx_brand > influencer > ctx_brand > cpa > retarget,5,1
510,27315,influencer > retarget > retarget > retarget,4,1
511,4183,ctx_brand > cpa > cpa,3,1
512,11874,cpa > retarget,2,1
513,7865,organic > retarget,2,1
514,36752,influencer > retarget > ctx_brand > social > retarget,5,1
515,38326,ctx_category > retarget > retarget,3,1
516,34814,cpa > retarget > social > retarget,4,1
517,2268,ctx_category > ctx_category > ctx_category > social > retarget,5,1
518,7029,retarget > cpa > cpa > retarget,4,1
519,1179,cpa > influencer > retarget,3,1
520,29598,cpa > influencer > retarget,3,1
521,1606,influencer > social > retarget > retarget > ctx_category > retarget,6,1
522,17068,influencer > ctx_category > retarget > social > social > retarget,6,1
523,2180,ctx_brand > ctx_category > retarget,3,1
524,2478,ctx_brand > ctx_brand > retarget,3,1
525,34079,influencer > cpa > retarget > ctx_brand > retarget,5,1
526,22266,influencer > ctx_category > cpa > retarget,4,1
527,331,influencer > ctx_category > cpa > social > retarget > cpa > retarget > retarget,8,1
528,4692,influencer > ctx_brand,2,1
529,35844,retarget > influencer > retarget,3,1
530,28105,retarget > ctx_category > social > retarget,4,1
531,1232,influencer > cpa > influencer > retarget,4,1
532,15139,ctx_brand > ctx_category > retarget,3,1
533,9523,ctx_category > ctx_category > cpa > influencer > social > retarget,6,1
534,21137,ctx_category > ctx_category > retarget > cpa > retarget,5,1
535,35244,ctx_category > ctx_category > ctx_category,3,1
536,1218,influencer > cpa > ctx_category > influencer > retarget,5,1
537,34026,influencer > social > retarget > retarget,4,1
538,24067,ctx_brand > retarget,2,1
539,7960,influencer > ctx_category > cpa > influencer > retarget,5,1
540,1100,social > influencer > retarget,3,1
541,20706,retarget > retarget,2,1
542,21320,ctx_brand > ctx_category > retarget,3,1
543,2080,social > retarget,2,1
544,1702,social > ctx_brand > retarget,3,1
545,8933,ctx_category > ctx_category > influencer > ctx_brand > ctx_brand > retarget > retarget,7,1
546,15953,retarget > retarget > ctx_brand > influencer,4,1
547,37569,ctx_category > influencer > ctx_category > retarget > retarget,5,1
548,27258,ctx_category > retarget,2,1
549,99,ctx_category > retarget,2,1
550,15486,retarget > retarget > retarget > retarget,4,1
551,24056,ctx_category > retarget,2,1
552,10341,influencer > influencer > ctx_category > retarget,4,1
553,8930,retarget > cpa > retarget,3,1
554,3977,influencer > social > influencer > retarget,4,1
555,20671,ctx_brand > retarget > retarget > retarget > retarget,5,1
556,28909,ctx_category > ctx_brand > retarget > retarget,4,1
557,29347,influencer > retarget,2,1
558,27972,retarget > retarget,2,1
559,25961,influencer > cpa > retarget,3,1
560,26282,retarget > ctx_category > retarget,3,1
561,28535,ctx_brand > ctx_category > ctx_category > retarget,4,1
562,39576,ctx_brand > ctx_category > cpa > retarget,4,1
563,31720,ctx_brand > retarget,2,1
564,25689,ctx_brand > ctx_brand > cpa > retarget > ctx_category > retarget,6,1
565,1404,organic > retarget,2,1
566,18288,retarget > social > cpa > retarget,4,1
567,38916,ctx_brand > ctx_category > influencer > social > retarget,5,1
568,12985,retarget > retarget > retarget,3,1
569,14143,ctx_category > retarget > retarget > retarget,4,1
570,38767,influencer > ctx_category > retarget,3,1
571,14929,influencer > retarget > retarget,3,1
572,698,influencer > ctx_brand,2,1
573,24078,ctx_brand > retarget,2,1
574,6473,influencer > ctx_brand > ctx_category > cpa,4,1
575,22480,social > influencer > cpa > retarget,4,1
576,18844,ctx_category > ctx_category > ctx_brand > retarget,4,1
577,8362,influencer > influencer > retarget > ctx_category > influencer > retarget,6,1
578,24365,retarget > cpa > retarget,3,1
579,15415,retarget > cpa > retarget > retarget,4,1
580,10238,ctx_brand > social > ctx_category > retarget,4,1
581,31905,influencer > ctx_category > retarget > retarget,4,1
582,33805,social > influencer > retarget,3,1
583,21845,cpa > retarget,2,1
584,18151,influencer > cpa > ctx_brand,3,1
585,6855,influencer > ctx_brand > ctx_category > cpa > ctx_category,5,1
586,29257,influencer > influencer > retarget > influencer > ctx_category > influencer > ctx_category > social > retarget,9,1
587,30273,influencer > organic > retarget,3,1
588,25216,influencer > retarget > retarget,3,1
589,1169,retarget > retarget,2,1
590,5726,ctx_brand > ctx_brand > cpa > retarget > retarget,5,1
591,21372,ctx_category > cpa > retarget,3,1
592,23632,ctx_brand > influencer > influencer > retarget,4,1
593,6151,influencer > retarget,2,1
594,24233,ctx_category > retarget,2,1
595,8018,cpa > retarget > retarget,3,1
596,9337,influencer > ctx_brand > retarget,3,1
597,21307,influencer > ctx_category > ctx_category > ctx_category > retarget,5,1
598,39393,social > retarget > social > retarget,4,1
599,33750,influencer > influencer > ctx_category > retarget,4,1
600,20310,cpa > retarget,2,1
601,156,influencer > retarget > ctx_category > influencer,4,1
602,35565,ctx_category > ctx_category > social > retarget > retarget > retarget,6,1
603,36175,influencer > ctx_category > ctx_brand > retarget > ctx_category > retarget,6,1
604,19732,social > retarget > retarget,3,1
605,16329,influencer > organic > retarget,3,1
606,11455,influencer,1,1
607,22299,social > influencer,2,1
608,21849,influencer > cpa > retarget,3,1
609,25578,ctx_category > social > cpa > retarget,4,1
610,8742,cpa > ctx_brand > retarget > ctx_category > retarget,5,1
611,36828,ctx_brand > ctx_category > influencer > retarget,4,1
612,39042,cpa > ctx_brand > retarget > ctx_brand > retarget,5,1
613,16392,ctx_brand > influencer > cpa > retarget,4,1
614,36735,ctx_brand > influencer > retarget > retarget,4,1
615,20105,retarget > retarget > cpa > retarget,4,1
616,34092,ctx_category > social > retarget,3,1
617,2842,influencer > organic,2,1
618,20922,influencer > ctx_brand > cpa > retarget,4,1
619,6791,cpa > social > ctx_brand,3,1
620,25445,social > influencer > retarget > retarget,4,1
621,37630,cpa,1,1
622,28067,ctx_brand > social > retarget,3,1
623,19034,ctx_category > ctx_category > ctx_brand > retarget,4,1
624,6803,ctx_category > retarget > retarget,3,1
625,12759,influencer > social > retarget,3,1
626,5151,organic,1,1
627,4214,influencer > social > retarget,3,1
628,24571,retarget > retarget,2,1
629,27580,influencer > ctx_category > ctx_brand > retarget,4,1
630,31682,ctx_category > retarget > retarget,3,1
631,33814,influencer > social > ctx_category > ctx_brand,4,1
632,31233,social > cpa > social > ctx_category > cpa > ctx_brand > retarget,7,1
633,6399,influencer > cpa > retarget,3,1
634,26158,retarget > retarget > retarget,3,1
635,1981,influencer > ctx_brand > ctx_brand > ctx_brand > ctx_brand > retarget,6,1
636,7277,cpa > retarget,2,1
637,17949,influencer > social,2,1
638,12919,influencer > influencer > cpa > retarget,4,1
639,8874,retarget > ctx_brand > retarget,3,1
640,11635,influencer > ctx_category,2,1
641,9439,influencer > cpa > social > retarget,4,1
642,11072,organic > retarget,2,1
643,25000,social > retarget > social > cpa > cpa > retarget,6,1
644,25928,influencer > ctx_category > ctx_category > cpa > retarget,5,1
645,15087,cpa,1,1
646,8754,social > ctx_brand > cpa > cpa > ctx_category > ctx_category > retarget,7,1
647,14563,ctx_brand > retarget > retarget,3,1
648,18166,ctx_category > social > ctx_brand > retarget > ctx_category,5,1
649,34701,retarget > retarget > ctx_brand > retarget,4,1
650,9619,ctx_category > retarget,2,1
651,34027,organic > retarget,2,1
652,36836,influencer > influencer > ctx_category > influencer > ctx_brand > retarget,6,1
653,33189,ctx_category > retarget > ctx_category > ctx_category > ctx_category > retarget,6,1
654,14027,influencer > cpa > social > retarget,4,1
655,29069,retarget > ctx_category > retarget,3,1
656,22133,influencer > retarget > retarget,3,1
657,21061,influencer > social > ctx_category,3,1
658,10112,ctx_category > social > social > ctx_brand > ctx_brand > ctx_category > retarget,7,1
659,23100,retarget > cpa > retarget,3,1
660,2018,ctx_category > ctx_brand > retarget,3,1
661,37584,influencer > retarget > cpa > cpa > retarget,5,1
662,7826,cpa > cpa > influencer > retarget,4,1
663,33998,social > retarget > influencer > retarget,4,1
664,28316,ctx_category > social > retarget,3,1
665,14181,retarget > retarget,2,1
666,10882,influencer > retarget > ctx_category > retarget,4,1
667,39869,retarget > ctx_category,2,1
668,17212,ctx_category > retarget > ctx_brand,3,1
669,19233,social > social > retarget,3,1
670,11585,ctx_brand > influencer > ctx_brand > cpa > retarget,5,1
671,2323,ctx_category > retarget,2,1
672,15454,ctx_category > retarget,2,1
673,33647,ctx_category > ctx_brand > retarget > retarget,4,1
674,33797,influencer > ctx_brand > ctx_category > retarget,4,1
675,22405,influencer > retarget > retarget,3,1
676,29538,ctx_brand > cpa > ctx_brand > retarget,4,1
677,4158,ctx_brand > cpa > ctx_category > retarget,4,1
678,15747,organic > retarget,2,1
679,16520,influencer > retarget > influencer > retarget,4,1
680,14044,cpa > retarget,2,1
681,8097,ctx_category > ctx_brand > retarget,3,1
682,33660,influencer > retarget > retarget > retarget > retarget > ctx_category > retarget > retarget,8,1
683,28871,influencer > cpa > retarget,3,1
684,17960,influencer > influencer > social > ctx_brand > retarget,5,1
685,18566,influencer > ctx_brand,2,1
686,31201,cpa > retarget,2,1
687,9235,influencer > ctx_category > ctx_category > retarget,4,1
688,36753,retarget > cpa > retarget,3,1
689,1108,retarget > social > ctx_category > retarget,4,1
690,4180,retarget > cpa > retarget,3,1
691,16018,influencer > ctx_category > retarget,3,1
692,4483,influencer > influencer > social > social > retarget,5,1
693,5649,cpa > ctx_category > retarget,3,1
694,38027,social > retarget,2,1
695,6513,influencer > ctx_brand > ctx_brand > retarget > retarget,5,1
696,1085,social > retarget > retarget,3,1
697,7705,ctx_brand > retarget > retarget > retarget,4,1
698,26714,ctx_brand > social > ctx_category > retarget,4,1
699,36552,ctx_category > ctx_brand > retarget,3,1
700,2637,ctx_brand > cpa,2,1
701,16413,influencer > ctx_brand > retarget,3,1
702,14464,ctx_category > ctx_category > retarget,3,1
703,1227,influencer > ctx_category > retarget,3,1
704,15356,influencer > ctx_brand > social > influencer > retarget,5,1
705,24214,ctx_category > retarget > retarget,3,1
706,10888,social > cpa > retarget > retarget,4,1
707,33320,social > social > retarget,3,1
708,35129,ctx_brand > ctx_category > cpa > retarget,4,1
709,32395,influencer > cpa > retarget > retarget > ctx_category > retarget > retarget,7,1
710,6708,cpa > ctx_brand > ctx_category > ctx_category > retarget,5,1
711,9240,influencer > retarget > ctx_category > influencer > retarget,5,1
712,26219,influencer > social > ctx_brand,3,1
713,2499,influencer > ctx_brand > ctx_brand > retarget,4,1
714,16589,ctx_category > retarget > ctx_brand > ctx_category > ctx_category > retarget,6,1
715,34924,ctx_category > ctx_category > retarget,3,1
716,29947,influencer > retarget,2,1
717,10979,ctx_brand > retarget > retarget,3,1
718,4008,influencer > ctx_category > retarget,3,1
719,4455,ctx_category > ctx_brand > retarget,3,1
720,9579,influencer > retarget > cpa > retarget,4,1
721,15604,influencer > influencer > retarget,3,1
722,11269,retarget > retarget,2,1
723,25990,influencer > social > retarget,3,1
724,28007,ctx_brand > ctx_brand > ctx_category > influencer > cpa > retarget,6,1
725,5384,social > ctx_category > cpa > cpa > retarget,5,1
726,30807,organic > retarget,2,1
727,10572,ctx_category > retarget,2,1
728,14004,influencer > organic > retarget,3,1
729,6552,cpa > retarget,2,1
730,1556,ctx_category > ctx_brand,2,1
731,20450,influencer > ctx_brand > social > retarget,4,1
732,37609,ctx_brand > retarget > ctx_category > retarget,4,1
733,11523,ctx_brand > retarget,2,1
734,37867,influencer > ctx_brand > cpa > retarget > retarget > retarget,6,1
735,30524,influencer > ctx_brand > social > retarget,4,1
736,32136,influencer > social > ctx_category > ctx_brand > ctx_category > ctx_category > ctx_category > retarget,8,1
737,15394,influencer > retarget > ctx_category > retarget > retarget,5,1
738,20065,influencer > influencer > retarget,3,1
739,26542,influencer > ctx_category > retarget > ctx_brand > ctx_category > retarget,6,1
740,28483,influencer > ctx_category > ctx_brand > ctx_category > social > ctx_category > retarget,7,1
741,21702,influencer > influencer > influencer > ctx_brand > retarget,5,1
742,14507,cpa > retarget > retarget,3,1
743,22061,influencer > retarget > retarget,3,1
744,12553,influencer > retarget,2,1
745,33197,influencer > retarget > retarget > cpa > social > retarget,6,1
746,11074,ctx_category > ctx_brand > ctx_brand > retarget,4,1
747,27125,ctx_category > influencer > ctx_brand > retarget,4,1
748,826,cpa > social > social > ctx_brand > retarget,5,1
749,6060,social > influencer > retarget > retarget,4,1
750,24657,influencer > ctx_category > cpa > retarget,4,1
751,11614,organic > retarget,2,1
752,34792,retarget > retarget,2,1
753,17669,influencer > influencer > retarget > ctx_brand > ctx_category > retarget,6,1
754,6420,influencer > retarget > ctx_brand > ctx_brand > ctx_brand > retarget,6,1
755,15853,influencer > retarget > cpa > retarget,4,1
756,20183,retarget > ctx_brand > retarget > retarget > retarget,5,1
757,30434,ctx_brand > social,2,1
758,26704,ctx_category > influencer > ctx_brand > retarget,4,1
759,14829,retarget > retarget > ctx_category > influencer > retarget,5,1
760,19666,influencer > ctx_category > ctx_brand > retarget,4,1
761,30350,ctx_category > ctx_category > ctx_category > ctx_category > ctx_brand > retarget,6,1
762,35805,social > retarget,2,1
763,7075,influencer > ctx_category > retarget,3,1
764,27880,ctx_category > ctx_brand > retarget,3,1
765,11344,influencer > retarget > retarget > ctx_brand > ctx_brand > cpa > retarget,7,1
766,38524,ctx_brand > ctx_brand > retarget,3,1
767,22810,influencer > social > ctx_brand > ctx_brand > influencer > retarget,6,1
768,38113,ctx_category > retarget > ctx_category > retarget,4,1
769,16449,retarget > social > social > influencer > ctx_category > retarget,6,1
770,17292,organic > retarget,2,1
771,27869,influencer > cpa > ctx_category > retarget,4,1
772,24784,retarget > ctx_category > cpa > social > cpa > retarget,6,1
773,28813,influencer > influencer > retarget,3,1
774,433,ctx_category > social > cpa > retarget,4,1
775,34994,influencer,1,1
776,20040,ctx_category > ctx_category > social,3,1
777,2177,retarget > ctx_brand > ctx_brand > retarget,4,1
778,27433,influencer > cpa > ctx_category > retarget,4,1
779,19031,cpa > retarget,2,1
780,8485,retarget > retarget,2,1
781,23890,influencer > ctx_brand > retarget,3,1
782,22537,ctx_category > ctx_category > retarget,3,1
783,8599,influencer > retarget,2,1
784,4088,retarget > retarget,2,1
785,34435,influencer > cpa > cpa > retarget > retarget,5,1
786,23253,cpa > influencer > ctx_brand > retarget,4,1
787,26779,influencer > social > cpa > cpa,4,1
788,32470,social > cpa > retarget > retarget,4,1
789,9438,influencer > influencer > influencer > ctx_category > retarget,5,1
790,38725,cpa > retarget,2,1
791,14060,organic > retarget,2,1
792,30939,social > social > cpa > ctx_category,4,1
793,28438,influencer > cpa > social > ctx_category,4,1
794,11578,ctx_category > retarget,2,1
795,11264,retarget > social > retarget > retarget,4,1
796,33609,cpa > ctx_category > ctx_category > retarget,4,1
797,34944,organic > retarget,2,1
798,28482,cpa > retarget > influencer > retarget,4,1
799,27984,influencer > ctx_brand > ctx_brand > retarget,4,1
800,28955,ctx_category > retarget,2,1
801,33255,influencer > ctx_brand > retarget,3,1
802,6359,organic,1,1
803,9819,influencer > organic > retarget,3,1
804,17723,ctx_category,1,1
805,33574,social > retarget,2,1
806,14134,ctx_category > influencer > cpa > ctx_category > influencer > retarget,6,1
807,19009,ctx_brand > social > ctx_brand > retarget > retarget,5,1
808,6215,influencer > ctx_brand > cpa > retarget,4,1
809,94,influencer > cpa > ctx_category > influencer > social > ctx_brand > social > retarget,8,1
810,26076,influencer > cpa > ctx_brand > ctx_category > retarget,5,1
811,29343,retarget > ctx_category > social > retarget,4,1
812,21868,retarget > retarget,2,1
813,27286,ctx_brand > ctx_category > ctx_brand > retarget,4,1
814,6762,influencer > social > influencer > retarget,4,1
815,2096,influencer > social > ctx_brand > retarget,4,1
816,14645,ctx_category > retarget,2,1
817,27021,influencer > ctx_brand > ctx_category > ctx_category > cpa > retarget > retarget,7,1
818,5066,ctx_category > social > cpa > influencer > retarget,5,1
819,33773,organic > retarget,2,1
820,23587,social > cpa > ctx_brand > influencer > retarget,5,1
821,11543,retarget > influencer > retarget,3,1
822,13869,organic > retarget,2,1
823,11723,influencer > retarget > ctx_brand > retarget,4,1
824,20161,retarget > cpa,2,1
825,17245,influencer > ctx_category > retarget,3,1
826,439,retarget > influencer > cpa > ctx_category,4,1
827,31725,social > ctx_category > influencer > retarget > ctx_category > retarget,6,1
828,6838,cpa > retarget,2,1
829,33976,retarget > social > influencer > retarget > ctx_category > retarget,6,1
830,36282,ctx_brand > ctx_brand > ctx_brand,3,1
831,17752,influencer > social > retarget,3,1
832,16270,influencer > ctx_category > social > influencer > retarget,5,1
833,34918,influencer > cpa > ctx_category > retarget,4,1
834,8831,influencer > ctx_category > cpa > retarget,4,1
835,30502,retarget > cpa > retarget,3,1
836,12849,cpa > retarget,2,1
837,22926,ctx_brand > ctx_category > ctx_category > retarget > ctx_brand,5,1
838,19602,influencer,1,1
839,7281,organic > retarget,2,1
840,25394,influencer > ctx_category > cpa > cpa > retarget > retarget,6,1
841,13851,social > ctx_category > retarget > ctx_category > retarget,5,1
842,12337,cpa > social > ctx_brand > ctx_category > ctx_brand > retarget,6,1
843,14519,retarget > influencer > retarget,3,1
844,25428,influencer > cpa > retarget,3,1
845,7260,retarget > retarget > cpa > cpa > retarget,5,1
846,32162,influencer > social > retarget > ctx_brand > retarget,5,1
847,28882,retarget > retarget,2,1
848,39277,ctx_category > social,2,1
849,8537,cpa > cpa > social > retarget,4,1
850,34331,retarget > cpa > retarget,3,1
851,1009,retarget > ctx_brand > retarget,3,1
852,34899,social > retarget,2,1
853,36365,influencer > social > influencer > ctx_category > influencer > cpa > ctx_category > retarget,8,1
854,14164,ctx_brand > ctx_category > retarget,3,1
855,20903,retarget > retarget,2,1
856,26526,retarget > retarget > ctx_brand > retarget > retarget > retarget,6,1
857,33315,retarget > cpa > ctx_brand > ctx_category > influencer > retarget,6,1
858,22388,influencer > social > ctx_category > retarget,4,1
859,15040,cpa > social > retarget,3,1
860,21783,influencer > cpa > ctx_category > retarget,4,1
861,28730,influencer > organic > retarget,3,1
862,18319,cpa > retarget,2,1
863,15375,influencer > retarget,2,1
864,12785,influencer > retarget > retarget,3,1
865,8512,influencer > cpa > cpa > social > influencer > retarget,6,1
866,4814,ctx_category > retarget > retarget > retarget > ctx_category > retarget > retarget,7,1
867,1104,retarget,1,1
868,12451,ctx_brand > cpa > influencer > retarget,4,1
869,21035,retarget > influencer > retarget,3,1
870,2808,influencer > influencer > retarget > retarget,4,1
871,30389,social > retarget,2,1
872,17670,influencer > retarget > social > retarget,4,1
873,28484,cpa > retarget,2,1
874,1608,ctx_brand > social,2,1
875,39611,ctx_category > cpa > social > retarget,4,1
876,38701,influencer > organic > retarget,3,1
877,2122,cpa > cpa > retarget > retarget,4,1
878,16986,ctx_category > ctx_category > ctx_category > retarget,4,1
879,39631,influencer > social > ctx_brand > cpa > retarget,5,1
880,24696,cpa > ctx_category > ctx_brand,3,1
881,8451,influencer > retarget,2,1
882,18291,ctx_category > retarget,2,1
883,9283,influencer > ctx_brand > retarget,3,1
884,25805,influencer > ctx_brand > retarget,3,1
885,61,influencer > ctx_brand > social > influencer > retarget,5,1
886,19604,social > retarget,2,1
887,19378,ctx_brand > influencer > ctx_brand > retarget,4,1
888,27380,influencer > cpa > ctx_brand > social > retarget > retarget,6,1
889,7628,ctx_category,1,1
890,18168,influencer > ctx_category > cpa > retarget > retarget,5,1
891,9874,ctx_category > ctx_category > retarget,3,1
892,38164,retarget > ctx_brand > retarget,3,1
893,23559,retarget > ctx_category > ctx_category > retarget,4,1
894,13820,ctx_brand > ctx_category > ctx_brand > retarget,4,1
895,25921,influencer > ctx_category > retarget,3,1
896,4054,social > retarget > retarget > retarget,4,1
897,3288,influencer > social > ctx_category > retarget,4,1
898,31153,retarget > influencer > cpa > retarget,4,1
899,13992,influencer > ctx_category > retarget > social > retarget,5,1
900,13202,influencer > cpa > social > retarget > ctx_category > influencer > cpa > retarget,8,1
901,11946,influencer > retarget > cpa > influencer > retarget,5,1
902,31431,influencer > ctx_category > ctx_category > retarget > retarget,5,1
903,36971,organic > retarget,2,1
904,17418,ctx_brand > retarget,2,1
905,2697,ctx_category > retarget > ctx_category > ctx_brand > retarget,5,1
906,2695,influencer > ctx_brand > ctx_brand > retarget,4,1
907,25562,retarget > ctx_brand > retarget > retarget,4,1
908,36377,social > retarget,2,1
909,13229,retarget > cpa > ctx_brand > ctx_category > ctx_category > social > retarget,7,1
910,20685,influencer > ctx_category > cpa > retarget,4,1
911,380,cpa > social > social > cpa > retarget,5,1
912,10089,ctx_category > ctx_category > influencer > ctx_category > ctx_category > ctx_brand > retarget,7,1
913,10733,ctx_brand > social > influencer > ctx_category > retarget,5,1
914,39970,social,1,1
915,24530,cpa > ctx_category > ctx_brand > social > retarget,5,1
916,9907,influencer > cpa > retarget,3,1
917,14585,ctx_brand > influencer > ctx_brand > retarget,4,1
918,31455,cpa > cpa > retarget > retarget,4,1
919,1809,ctx_brand > ctx_brand > ctx_brand > retarget > retarget,5,1
920,31588,ctx_category > retarget,2,1
921,9784,ctx_category > retarget,2,1
922,31534,ctx_category > ctx_brand > ctx_brand > retarget,4,1
923,20097,retarget > ctx_category > cpa > retarget,4,1
924,29197,ctx_brand > retarget > ctx_category > cpa > retarget,5,1
925,38180,influencer > cpa > ctx_category > influencer > retarget,5,1
926,20033,ctx_brand > cpa > social > retarget,4,1
927,3124,influencer > ctx_brand > retarget > cpa > ctx_category > retarget,6,1
928,1510,organic > retarget,2,1
929,22584,social > ctx_brand > retarget,3,1
930,19133,cpa > cpa > retarget > retarget,4,1
931,4591,cpa > ctx_category > retarget > ctx_brand,4,1
932,23772,influencer > organic > retarget,3,1
933,12758,influencer > ctx_brand > ctx_category > influencer > retarget > ctx_category > retarget,7,1
934,4842,influencer > ctx_brand > social > retarget,4,1
935,32309,influencer > ctx_brand > ctx_category > cpa > ctx_brand > cpa > influencer > retarget,8,1
936,5707,social > ctx_category > retarget,3,1
937,25544,ctx_category > retarget > retarget,3,1
938,3867,cpa > cpa > retarget > retarget,4,1
939,14474,retarget > retarget,2,1
940,31496,social > ctx_category > retarget,3,1
941,36165,retarget > ctx_category > retarget,3,1
942,3623,cpa > ctx_category > influencer > influencer > retarget,5,1
943,33614,retarget > retarget,2,1
944,29397,ctx_category > retarget,2,1
945,13914,cpa > social > cpa > retarget,4,1
946,5167,ctx_category > influencer > influencer > cpa > retarget,5,1
947,17366,influencer > ctx_brand > retarget,3,1
948,12570,ctx_category > influencer,2,1
949,11696,cpa > retarget,2,1
950,11503,influencer > retarget > retarget,3,1
951,10602,influencer > ctx_brand > social > ctx_brand > retarget,5,1
952,5525,social > cpa > retarget,3,1
953,32829,retarget > retarget,2,1
954,22654,ctx_category > ctx_brand > ctx_brand > cpa > retarget,5,1
955,1475,retarget > retarget,2,1
956,3076,ctx_brand,1,1
957,38486,retarget > retarget > ctx_brand,3,1
958,27256,influencer > ctx_category > ctx_category > retarget,4,1
959,21683,ctx_category > retarget,2,1
960,29273,retarget > cpa > ctx_brand > cpa > retarget,5,1
961,37736,influencer > ctx_brand > influencer > retarget,4,1
962,18673,social > influencer > ctx_brand > retarget > retarget,5,1
963,6505,retarget > ctx_brand > retarget > ctx_category,4,1
964,4193,ctx_category > social > retarget > cpa > retarget,5,1
965,38297,ctx_category > social > retarget,3,1
966,18302,ctx_brand > influencer > retarget,3,1
967,347,retarget > cpa,2,1
968,1866,influencer > retarget,2,1
969,32696,influencer > retarget > retarget,3,1
970,17385,ctx_category > retarget,2,1
971,29160,ctx_brand > influencer > influencer > ctx_category > retarget,5,1
972,5591,organic > retarget,2,1
973,34824,ctx_category > ctx_brand > ctx_brand > retarget,4,1
974,38447,cpa > ctx_brand > retarget,3,1
975,10681,ctx_category > retarget,2,1
976,35682,influencer > retarget > social > cpa > ctx_category > retarget > social > retarget,8,1
977,24700,cpa > cpa,2,1
978,10560,influencer > ctx_brand > retarget,3,1
979,23031,influencer > ctx_brand > ctx_category > cpa > ctx_brand > retarget,6,1
980,37744,influencer > ctx_category > retarget,3,1
981,26343,social > influencer > retarget,3,1
982,25316,social > influencer > retarget,3,1
983,31717,social > retarget,2,1
984,3817,influencer > retarget > social > ctx_brand > retarget,5,1
985,7135,influencer > retarget,2,1
986,2408,influencer > retarget > retarget,3,1
987,28231,influencer > ctx_brand > ctx_category,3,1
988,14500,ctx_category > ctx_brand > retarget,3,1
989,15277,influencer > social > ctx_category > retarget,4,1
990,15340,ctx_brand > retarget,2,1
991,4696,cpa > ctx_category > retarget,3,1
992,23513,retarget > ctx_category > ctx_category > retarget,4,1
993,12579,organic > retarget,2,1
994,7365,cpa,1,1
995,22433,influencer > ctx_category > social > ctx_category > ctx_brand > retarget > retarget,7,1
996,17362,influencer > retarget,2,1
997,8686,cpa > ctx_category > social > retarget,4,1
998,1584,cpa > retarget,2,1
999,6323,cpa > cpa > ctx_category > retarget,4,1
1000,2313,influencer > ctx_brand > ctx_category > retarget,4,1
1001,38535,retarget > cpa > retarget,3,1
1002,5322,influencer > cpa > cpa > social > retarget,5,1
1003,2650,social > ctx_category > retarget,3,1
1004,18492,influencer > ctx_brand > retarget,3,1
1005,26800,influencer > ctx_category > ctx_category > ctx_category > ctx_category > ctx_brand,6,1
1006,12592,influencer > ctx_category > cpa > retarget,4,1
1007,9479,ctx_category > ctx_category > social > retarget > influencer > retarget,6,1
1008,33433,cpa > ctx_category > retarget > retarget,4,1
1009,5702,ctx_brand > ctx_category > retarget > social > influencer > social > retarget,7,1
1010,34849,influencer > social > retarget > influencer > retarget,5,1
1011,6970,influencer > organic > retarget,3,1
1012,15161,influencer > retarget > retarget > ctx_category > cpa > retarget,6,1
1013,29613,influencer > ctx_category > retarget,3,1
1014,2032,influencer > ctx_category > retarget > retarget,4,1
1015,13818,ctx_category > cpa > retarget,3,1
1016,26380,influencer > retarget > social > influencer > retarget > influencer > retarget,7,1
1017,11320,ctx_brand > retarget,2,1
1018,4874,influencer > cpa > cpa > retarget,4,1
1019,31077,ctx_brand > ctx_category > cpa > retarget > retarget,5,1
1020,18296,retarget > retarget,2,1
1021,11745,social > cpa > ctx_brand > ctx_category,4,1
1022,36,ctx_category > social > social > ctx_category > retarget,5,1
1023,1513,cpa > retarget,2,1
1024,17161,ctx_brand > cpa > retarget > retarget,4,1
1025,11375,influencer > influencer > influencer > retarget,4,1
1026,25176,ctx_brand > influencer > ctx_category > ctx_brand > retarget,5,1
1027,21815,influencer > ctx_category > ctx_brand > ctx_category > influencer,5,1
1028,27130,cpa > ctx_category > cpa > retarget,4,1
1029,29756,influencer > retarget > cpa > ctx_category > ctx_brand > retarget,6,1
1030,27031,influencer > ctx_category > retarget > retarget,4,1
1031,21476,influencer,1,1
1032,35109,retarget > cpa > retarget,3,1
1033,37646,influencer > cpa > retarget > retarget > retarget,5,1
1034,11029,retarget > ctx_category > retarget,3,1
1035,16506,social > retarget > retarget,3,1
1036,5574,ctx_brand > retarget,2,1
1037,39416,influencer > ctx_category > ctx_category,3,1
1038,5236,influencer > influencer > influencer > retarget,4,1
1039,36741,social > retarget,2,1
1040,17719,ctx_brand > retarget > cpa > retarget > retarget,5,1
1041,5441,influencer > retarget,2,1
1042,3659,influencer > influencer > retarget > ctx_category > retarget,5,1
1043,2911,cpa > retarget > influencer > influencer > ctx_category > retarget,6,1
1044,2683,ctx_brand > ctx_brand > ctx_brand > ctx_brand > retarget > retarget,6,1
1045,32903,retarget > social > retarget > ctx_brand > cpa > retarget,6,1
1046,37430,social > ctx_brand > retarget,3,1
1047,32885,influencer > social > cpa > retarget,4,1
1048,17304,ctx_category > retarget,2,1
1049,34418,cpa > retarget,2,1
1050,33337,retarget > retarget > retarget,3,1
1051,13805,influencer > retarget > ctx_brand > influencer > influencer > retarget,6,1
1052,17582,retarget > retarget,2,1
1053,2601,influencer > retarget,2,1
1054,29551,organic > retarget,2,1
1055,953,influencer > retarget > retarget,3,1
1056,16765,influencer > social > retarget,3,1
1057,15742,influencer > retarget > ctx_category > retarget,4,1
1058,10039,influencer > retarget,2,1
1059,16672,ctx_brand > retarget,2,1
1060,28257,ctx_brand > retarget > retarget > retarget,4,1
1061,26457,ctx_category > influencer > ctx_category > retarget,4,1
1062,21259,ctx_category,1,1
1063,26891,ctx_brand > retarget,2,1
1064,34139,ctx_category > cpa > retarget,3,1
1065,39495,cpa > influencer > retarget,3,1
1066,34333,social > ctx_category > social,3,1
1067,13716,ctx_category > retarget,2,1
1068,5760,social > ctx_brand > retarget,3,1
1069,8814,influencer > ctx_brand > cpa > retarget,4,1
1070,250,influencer > influencer > ctx_category > retarget > retarget,5,1
1071,10374,influencer > social > influencer > retarget,4,1
1072,31778,influencer > influencer > retarget,3,1
1073,19132,retarget > social > ctx_brand > retarget,4,1
1074,19748,ctx_brand > retarget > retarget,3,1
1075,5518,ctx_category > cpa > ctx_brand > retarget,4,1
1076,7633,influencer > cpa > influencer,3,1
1077,19082,cpa > influencer > ctx_category > retarget,4,1
1078,39798,influencer > influencer > ctx_brand > ctx_category,4,1
1079,3777,influencer > retarget > retarget,3,1
1080,36337,organic > retarget,2,1
1081,38555,ctx_category > social > cpa,3,1
1082,21417,retarget > retarget,2,1
1083,28679,influencer > influencer > retarget,3,1
1084,4082,cpa > retarget,2,1
1085,3940,influencer > retarget > retarget,3,1
1086,34287,influencer > ctx_brand > ctx_category > retarget,4,1
1087,3884,influencer > ctx_category > retarget,3,1
1088,1007,retarget > cpa > retarget,3,1
1089,27867,cpa > retarget > ctx_category > retarget,4,1
1090,23120,ctx_brand > ctx_category > ctx_category > retarget,4,1
1091,4359,ctx_category > retarget,2,1
1092,2427,social > social > ctx_category > retarget,4,1
1093,2321,ctx_brand > retarget > retarget > influencer > retarget,5,1
1094,21591,ctx_brand > retarget,2,1
1095,27621,ctx_category > ctx_brand > retarget,3,1
1096,31737,cpa > influencer > retarget,3,1
1097,35957,influencer > ctx_category > retarget,3,1
1098,4318,influencer > social,2,1
1099,26367,ctx_category > cpa > retarget > ctx_category > retarget,5,1
1100,39503,ctx_brand > retarget,2,1
1101,5921,ctx_brand > retarget,2,1
1102,29316,ctx_brand > retarget > retarget,3,1
1103,25484,influencer > ctx_category > ctx_brand > retarget,4,1
1104,18274,social > ctx_category > retarget > retarget,4,1
1105,2125,retarget,1,1
1106,18971,influencer > retarget > social > cpa > retarget,5,1
1107,29515,ctx_category > retarget > retarget,3,1
1108,13587,ctx_brand > retarget,2,1
1109,38972,ctx_category > retarget > retarget,3,1
1110,7077,influencer > ctx_category,2,1
1111,8300,influencer > ctx_category > social > retarget,4,1
1112,22557,influencer > ctx_brand > retarget,3,1
1113,5625,influencer > cpa > ctx_category,3,1
1114,9788,ctx_category,1,1
1115,14156,influencer > cpa > retarget > retarget > retarget,5,1
1116,14767,ctx_brand > retarget > retarget,3,1
1117,10292,influencer > social > retarget,3,1
1118,309,influencer > social > cpa > retarget,4,1
1119,12131,influencer > retarget,2,1
1120,24140,cpa > influencer > ctx_brand > ctx_category > retarget,5,1
1121,21579,influencer > ctx_brand > social > retarget,4,1
1122,34024,ctx_category > social > ctx_brand > retarget,4,1
1123,38239,ctx_category > retarget > influencer,3,1
1124,21798,ctx_brand > ctx_category > ctx_brand > retarget,4,1
1125,18978,ctx_category > ctx_category > retarget,3,1
1126,20917,organic,1,1
1127,25546,social > ctx_brand > retarget,3,1
1128,26655,influencer > ctx_category > retarget > influencer,4,1
1129,20574,influencer > social > ctx_category,3,1
1130,21129,retarget > cpa > retarget,3,1
1131,18685,ctx_category > cpa > retarget,3,1
1132,17392,cpa > ctx_brand > social > retarget > retarget,5,1
1133,5700,influencer,1,1
1134,2535,influencer > social > retarget,3,1
1135,17356,influencer > cpa > ctx_brand > ctx_category > retarget,5,1
1136,2387,ctx_category > cpa > retarget,3,1
1137,39518,ctx_brand > social,2,1
1138,19662,retarget > cpa > retarget > retarget > retarget,5,1
1139,35208,influencer > retarget > ctx_brand > cpa > cpa > ctx_category,6,1
1140,4048,influencer > ctx_brand > ctx_category > influencer > ctx_category > retarget,6,1
1141,1096,influencer > retarget > retarget > retarget > retarget,5,1
1142,23324,social > retarget,2,1
1143,6595,influencer > influencer > retarget,3,1
1144,21010,influencer > ctx_brand > retarget,3,1
1145,30985,retarget > ctx_category > cpa,3,1
1146,9889,ctx_category > cpa > retarget > ctx_category > retarget,5,1
1147,31687,influencer > retarget > retarget,3,1
1148,18553,ctx_category,1,1
1149,22623,influencer > retarget > retarget > ctx_category,4,1
1150,25025,influencer > retarget > retarget > retarget,4,1
1151,18826,influencer > cpa > retarget,3,1
1152,27503,cpa > cpa > ctx_brand > retarget > retarget > retarget > retarget,7,1
1153,20746,influencer > organic > retarget,3,1
1154,23245,influencer > ctx_brand > cpa > cpa > retarget,5,1
1155,747,ctx_brand > ctx_brand > ctx_category > retarget,4,1
1156,35826,cpa > ctx_brand > retarget,3,1
1157,34981,ctx_category > influencer > ctx_category > retarget,4,1
1158,18633,influencer > ctx_category > cpa > ctx_brand,4,1
1159,31301,influencer > ctx_brand > retarget,3,1
1160,15952,organic > retarget,2,1
1161,22694,ctx_category > retarget,2,1
1162,25447,ctx_brand > retarget,2,1
1163,14251,influencer > ctx_category > ctx_brand > cpa > retarget,5,1
1164,33140,cpa > retarget,2,1
1165,39022,cpa > retarget,2,1
1166,7411,influencer > retarget > retarget,3,1
1167,13809,influencer > ctx_brand > ctx_brand > retarget,4,1
1168,37130,ctx_brand > ctx_brand > cpa > retarget > retarget,5,1
1169,1445,ctx_category > retarget > retarget,3,1
1170,29242,organic > retarget,2,1
1171,27461,social > retarget,2,1
1172,27814,social > social > ctx_category > cpa > retarget,5,1
1173,38776,social > retarget,2,1
1174,33397,social,1,1
1175,38041,influencer > retarget > social,3,1
1176,17372,ctx_category > retarget,2,1
1177,11672,organic,1,1
1178,30671,influencer > ctx_brand > social > social > ctx_category > retarget,6,1
1179,12869,influencer > ctx_brand > cpa > ctx_category > retarget > ctx_brand > retarget,7,1
1180,37891,retarget > retarget > ctx_brand > social > retarget,5,1
1181,6651,ctx_brand > ctx_brand > social > retarget,4,1
1182,10854,ctx_category > retarget > ctx_brand > social > cpa > retarget,6,1
1183,35248,ctx_category > retarget,2,1
1184,13789,cpa > retarget,2,1
1185,15013,cpa > cpa > retarget,3,1
1186,35626,organic > retarget,2,1
1187,17181,cpa > retarget,2,1
1188,21879,ctx_category > cpa > retarget,3,1
1189,4487,ctx_category > influencer > social > retarget,4,1
1190,30447,ctx_brand > retarget,2,1
1191,35084,retarget > social > retarget,3,1
1192,15176,ctx_category > cpa > retarget,3,1
1193,15189,cpa > ctx_brand > retarget,3,1
1194,11984,organic > retarget,2,1
1195,23370,cpa > social > cpa > retarget > retarget,5,1
1196,18529,retarget > retarget > social > retarget,4,1
1197,10739,organic > retarget,2,1
1198,37868,ctx_brand > retarget > cpa > retarget,4,1
1199,16641,retarget > ctx_category > cpa > retarget > retarget,5,1
1200,27275,influencer > ctx_category,2,1
1201,26986,social > social > retarget,3,1
1202,22358,retarget > ctx_category > retarget,3,1
1203,17242,influencer > retarget > cpa > ctx_brand > retarget,5,1
1204,22797,ctx_brand > retarget,2,1
1205,21599,retarget > ctx_category > retarget,3,1
1206,9517,ctx_category > ctx_category > retarget > retarget,4,1
1207,38896,retarget > retarget,2,1
1208,13098,social > social > ctx_brand > retarget > retarget,5,1
1209,7146,ctx_brand > retarget > retarget > retarget,4,1
1210,594,ctx_category > ctx_brand > ctx_brand > retarget,4,1
1211,17363,ctx_brand > social > retarget,3,1
1212,36085,influencer > influencer > retarget > ctx_category > retarget,5,1
1213,11000,retarget > ctx_brand > retarget > cpa > retarget,5,1
1214,24570,retarget > retarget,2,1
1215,2783,ctx_brand > cpa > retarget > retarget > ctx_brand > retarget,6,1
1216,35963,influencer > cpa > ctx_category > retarget > retarget,5,1
1217,33924,influencer > ctx_category > social > retarget,4,1
1218,20841,influencer > retarget,2,1
1219,35357,influencer > social > ctx_category > ctx_brand > retarget,5,1
1220,13284,influencer > retarget > retarget,3,1
1221,39343,ctx_brand > cpa > social > retarget > ctx_brand > retarget,6,1
1222,13411,ctx_category > influencer > ctx_brand > social > ctx_category > retarget,6,1
1223,11902,ctx_category > cpa > retarget,3,1
1224,33010,ctx_brand > ctx_category > retarget,3,1
1225,27741,ctx_category > retarget,2,1
1226,12420,influencer > ctx_brand > influencer > retarget > retarget,5,1
1227,23041,ctx_brand > ctx_brand > cpa > retarget,4,1
1228,21251,ctx_category > retarget,2,1
1229,39049,social > influencer,2,1
1230,33729,influencer > ctx_category > social > cpa > retarget,5,1
1231,34502,retarget > cpa > cpa > ctx_brand > retarget,5,1
1232,1621,influencer > ctx_category > ctx_brand > ctx_brand > retarget,5,1
1233,21571,ctx_category > retarget,2,1
1234,4,retarget > ctx_brand > ctx_brand > ctx_brand > social > retarget,6,1
1235,26487,influencer > ctx_category > influencer > influencer > retarget,5,1
1236,34639,influencer > retarget > retarget,3,1
1237,1289,ctx_category > influencer > retarget,3,1
1238,32826,influencer > retarget,2,1
1239,19741,influencer > influencer > retarget > retarget,4,1
1240,26015,influencer > retarget > ctx_category > ctx_category > retarget,5,1
1241,12135,ctx_brand > ctx_category > retarget > retarget,4,1
1242,15390,organic > retarget,2,1
1243,10529,influencer > ctx_brand > ctx_category > retarget,4,1
1244,31884,ctx_category > retarget > retarget,3,1
1245,21961,social > ctx_brand > retarget,3,1
1246,19025,ctx_category > ctx_category > retarget,3,1
1247,33803,social > social > retarget > retarget,4,1
1248,36312,ctx_category > ctx_brand > retarget > ctx_category > retarget,5,1
1249,4349,influencer > retarget > ctx_category > influencer > retarget,5,1
1250,17871,ctx_brand > ctx_category > retarget,3,1
1251,12441,ctx_category > retarget > influencer > retarget,4,1
1252,27536,retarget > influencer > influencer > retarget,4,1
1253,8932,influencer > cpa > retarget > influencer > retarget,5,1
1254,16038,retarget > ctx_brand > ctx_brand > retarget,4,1
1255,2618,influencer > retarget > cpa > social > retarget,5,1
1256,29916,ctx_category > ctx_category > cpa > ctx_category > retarget,5,1
1257,19462,social > ctx_category > retarget,3,1
1258,3436,ctx_brand > retarget,2,1
1259,5966,influencer > influencer > retarget > ctx_brand > retarget,5,1
1260,18718,influencer > ctx_category > cpa > retarget,4,1
1261,18216,influencer > ctx_brand > influencer > social > retarget,5,1
1262,36896,ctx_brand > retarget > influencer > ctx_category > retarget,5,1
1263,8406,influencer > retarget,2,1
1264,35431,retarget > retarget > ctx_category > retarget,4,1
1265,34584,influencer > ctx_category > influencer > social > social > retarget,6,1
1266,11706,influencer > cpa > retarget > social > retarget,5,1
1267,6355,ctx_brand > ctx_category > ctx_category > retarget,4,1
1268,37612,ctx_category > ctx_brand > retarget,3,1
1269,37315,retarget,1,1
1270,28685,ctx_brand > retarget > ctx_category > retarget,4,1
1271,37990,influencer > ctx_brand > cpa > ctx_brand > retarget,5,1
1272,2878,ctx_category > social > ctx_brand > ctx_category > retarget,5,1
1273,24137,ctx_brand > ctx_category > retarget,3,1
1274,4350,influencer > retarget > ctx_category > retarget,4,1
1275,32387,influencer > retarget > retarget,3,1
1276,9768,ctx_category > ctx_brand > retarget,3,1
1277,1171,influencer > retarget,2,1
1278,11718,ctx_category > retarget,2,1
1279,18164,influencer > cpa > retarget > retarget > retarget,5,1
1280,19434,influencer > influencer,2,1
1281,34490,influencer > cpa > retarget > retarget,4,1
1282,1426,influencer > retarget > social > retarget > retarget,5,1
1283,29110,influencer > retarget > ctx_category > retarget,4,1
1284,36743,influencer > retarget > cpa > retarget,4,1
1285,10143,ctx_category > ctx_brand > retarget,3,1
1286,27479,influencer > cpa > social,3,1
1287,7493,social > retarget > cpa > retarget,4,1
1288,39604,ctx_category > retarget,2,1
1289,17580,ctx_category > retarget,2,1
1290,21112,retarget > social > ctx_brand > retarget,4,1
1291,26474,cpa > retarget,2,1
1292,17268,influencer > ctx_category > ctx_category > retarget > retarget > retarget,6,1
1293,19880,social > influencer > retarget,3,1
1294,32052,cpa > influencer > retarget,3,1
1295,9232,influencer > retarget > ctx_brand > retarget > retarget,5,1
1296,9342,social > ctx_category > influencer > influencer > retarget,5,1
1297,420,cpa > social > influencer > cpa > retarget > retarget,6,1
1298,16202,influencer > cpa > influencer,3,1
1299,13052,influencer > organic > retarget,3,1
1300,11397,ctx_category > ctx_category > influencer > retarget,4,1
1301,35131,ctx_brand > cpa > retarget,3,1
1302,15788,ctx_brand > ctx_category > cpa > cpa > retarget,5,1
1303,30565,influencer > cpa > ctx_category > retarget,4,1
1304,2774,influencer > cpa > ctx_category > retarget,4,1
1305,24926,influencer > ctx_category > retarget,3,1
1306,15903,influencer > cpa > ctx_brand > cpa > retarget,5,1
1307,35526,ctx_category > retarget,2,1
1308,19353,cpa > ctx_category > ctx_category > retarget,4,1
1309,5468,ctx_brand > cpa > retarget > retarget,4,1
1310,6847,cpa > retarget > ctx_brand > retarget,4,1
1311,34459,cpa > retarget,2,1
1312,6437,ctx_category > social > retarget > retarget,4,1
1313,20800,influencer > ctx_category > ctx_brand,3,1
1314,18463,ctx_brand > retarget,2,1
1315,7679,cpa > ctx_brand,2,1
1316,22963,cpa > cpa > cpa,3,1
1317,25815,ctx_category > cpa > cpa > retarget,4,1
1318,33301,influencer > retarget,2,1
1319,32146,influencer > ctx_brand > ctx_brand > retarget,4,1
1320,11326,influencer > cpa > retarget,3,1
1321,33602,influencer > ctx_category,2,1
1322,2095,ctx_brand > ctx_category > cpa > ctx_category > cpa > cpa > retarget,7,1
1323,20141,cpa > social > cpa > cpa > retarget,5,1
1324,13244,retarget > cpa > retarget,3,1
1325,33852,ctx_brand > ctx_category > social > retarget,4,1
1326,23658,ctx_brand > cpa > cpa > retarget,4,1
1327,27687,organic > retarget,2,1
1328,34184,influencer > social > retarget,3,1
1329,7219,retarget > retarget,2,1
1330,24092,influencer > organic > retarget,3,1
1331,10518,influencer > retarget,2,1
1332,29845,ctx_brand > cpa > retarget > retarget,4,1
1333,25230,ctx_brand > retarget > retarget > retarget,4,1
1334,16393,influencer > retarget > social > ctx_category > retarget,5,1
1335,13754,influencer > influencer > ctx_brand,3,1
1336,32606,retarget > retarget,2,1
1337,4615,ctx_category > retarget,2,1
1338,13288,retarget > ctx_category > ctx_category > retarget,4,1
1339,4503,ctx_brand > retarget > ctx_category > retarget,4,1
1340,20374,influencer > retarget,2,1
1341,2807,retarget > influencer,2,1
1342,17941,ctx_brand > retarget,2,1
1343,118,influencer > ctx_category > cpa > retarget,4,1
1344,30379,influencer > organic > retarget,3,1
1345,5790,cpa > retarget,2,1
1346,22811,influencer > ctx_brand > cpa > ctx_brand > ctx_category > retarget,6,1
1347,22132,retarget > retarget,2,1
1348,31028,ctx_brand > influencer > retarget,3,1
1349,5146,influencer > ctx_category > influencer > cpa > retarget,5,1
1350,21751,retarget > ctx_brand,2,1
1351,9008,ctx_category > ctx_brand > ctx_category > retarget,4,1
1352,35584,ctx_category > influencer > ctx_brand,3,1
1353,30146,cpa > retarget > retarget,3,1
1354,5069,influencer > ctx_category > cpa > ctx_brand > influencer > ctx_category > retarget,7,1
1355,9466,influencer > ctx_category > social > retarget,4,1
1356,30165,influencer > ctx_brand > retarget > influencer > cpa > retarget,6,1
1357,34631,influencer > ctx_brand,2,1
1358,19424,social > cpa > social > ctx_brand > retarget > cpa > retarget,7,1
1359,16834,influencer > ctx_brand > retarget > retarget,4,1
1360,23181,ctx_category > influencer > cpa > retarget,4,1
1361,8359,influencer > social > ctx_brand > retarget,4,1
1362,14988,influencer > retarget > cpa > retarget > ctx_category > retarget,6,1
1363,38939,ctx_category > retarget > retarget,3,1
1364,31395,social > cpa > retarget,3,1
1365,29198,cpa > retarget > retarget > retarget,4,1
1366,38499,cpa > retarget,2,1
1367,16344,influencer > ctx_brand > retarget,3,1
1368,7368,retarget > ctx_category > retarget,3,1
1369,26978,ctx_category > ctx_category > retarget > cpa > retarget,5,1
1370,2361,cpa > ctx_category > cpa > cpa > retarget,5,1
1371,4032,ctx_category > cpa > retarget,3,1
1372,28612,influencer > retarget,2,1
1373,23146,social > cpa > retarget,3,1
1374,4476,cpa > cpa > ctx_brand > social > retarget,5,1
1375,27882,cpa > retarget,2,1
1376,37442,ctx_brand > retarget,2,1
1377,5299,influencer > ctx_category,2,1
1378,27400,retarget > ctx_category > retarget > cpa > retarget,5,1
1379,619,organic > retarget,2,1
1380,36241,cpa > retarget,2,1
1381,13534,social > influencer > retarget,3,1
1382,10330,social > influencer > ctx_category > social > influencer > retarget,6,1
1383,17972,ctx_category > retarget > ctx_brand > retarget,4,1
1384,30917,influencer > social > ctx_brand > ctx_brand > social > retarget,6,1
1385,20844,ctx_category > ctx_category > retarget,3,1
1386,30652,ctx_category > ctx_category > influencer > influencer > retarget,5,1
1387,37448,ctx_brand > retarget > cpa > retarget,4,1
1388,13990,ctx_category > retarget,2,1
1389,2943,ctx_brand > cpa > retarget > retarget,4,1
1390,20299,social > social > retarget,3,1
1391,8928,influencer > influencer > ctx_brand > ctx_category > retarget,5,1
1392,6278,influencer > retarget > influencer > ctx_brand > retarget,5,1
1393,2711,influencer > social > influencer > retarget,4,1
1394,22744,ctx_category > retarget,2,1
1395,35374,cpa > retarget,2,1
1396,15467,retarget > cpa > retarget,3,1
1397,23976,influencer > ctx_brand > cpa > ctx_category > retarget > retarget,6,1
1398,28861,cpa > cpa > retarget,3,1
1399,15198,retarget > retarget,2,1
1400,20519,influencer > retarget > social > retarget,4,1
1401,7503,influencer > cpa > retarget,3,1
1402,7505,retarget > influencer > retarget > retarget,4,1
1403,29521,cpa > cpa > cpa > cpa > retarget,5,1
1404,34121,influencer > retarget > cpa > ctx_category > retarget > retarget,6,1
1405,16088,ctx_brand > retarget,2,1
1406,2939,social > ctx_brand > retarget > influencer > retarget,5,1
1407,18783,retarget > ctx_brand > ctx_category > cpa,4,1
1408,19367,social > influencer > influencer > retarget,4,1
1409,18330,retarget > ctx_category > retarget > retarget,4,1
1410,27482,retarget > ctx_brand > ctx_brand > retarget,4,1
1411,4554,ctx_category > ctx_brand > retarget,3,1
1412,27733,influencer > social > ctx_category > retarget,4,1
1413,10863,ctx_brand > ctx_category > ctx_brand > social > retarget,5,1
1414,32917,influencer > influencer > ctx_brand > ctx_brand > retarget,5,1
1415,10975,cpa > ctx_category > ctx_category > ctx_brand > retarget,5,1
1416,12711,influencer > ctx_category > cpa > retarget > retarget,5,1
1417,35970,influencer > cpa > retarget,3,1
1418,35710,cpa > cpa > retarget,3,1
1419,4469,retarget > cpa > retarget > retarget,4,1
1420,6923,ctx_brand > retarget,2,1
1421,18054,social > retarget,2,1
1422,2161,ctx_brand > retarget,2,1
1423,26825,ctx_brand > ctx_category > retarget,3,1
1424,22076,influencer > ctx_category > social > retarget,4,1
1425,7964,influencer > ctx_category > retarget > ctx_category > retarget,5,1
1426,6319,influencer > ctx_category > cpa > retarget,4,1
1427,10865,ctx_brand > cpa > ctx_brand > retarget,4,1
1428,32216,influencer > ctx_category > ctx_category > retarget > retarget > retarget,6,1
1429,21581,ctx_category > retarget,2,1
1430,8998,ctx_category > retarget,2,1
1431,33696,influencer > ctx_category > cpa > cpa > retarget,5,1
1432,84,influencer > social > retarget,3,1
1433,38852,retarget > cpa,2,1
1434,23293,retarget > retarget > retarget > retarget,4,1
1435,30579,ctx_brand > retarget > retarget,3,1
1436,8240,influencer > retarget > influencer > cpa > ctx_brand > ctx_category > retarget,7,1
1437,30540,social > cpa > retarget,3,1
1438,22015,ctx_category > retarget > ctx_brand > retarget,4,1
1439,15271,retarget > social > ctx_category > ctx_category > retarget,5,1
1440,2895,organic > retarget,2,1
1441,33687,influencer > retarget,2,1
1442,5061,influencer > retarget > ctx_brand > cpa > retarget,5,1
1443,36067,social > ctx_brand > cpa > cpa > retarget,5,1
1444,30473,influencer > social > ctx_category > ctx_category > retarget,5,1
1445,22598,ctx_category > influencer > retarget,3,1
1446,31141,retarget > social > influencer > influencer > retarget,5,1
1447,6555,cpa > retarget > cpa > retarget,4,1
1448,39979,ctx_category > influencer > retarget,3,1
1449,18814,retarget > ctx_brand > influencer > cpa > cpa,5,1
1450,15122,influencer > social > retarget,3,1
1451,33990,influencer > ctx_brand > influencer > ctx_category > retarget,5,1
1452,32322,retarget > ctx_category > ctx_category > influencer > retarget,5,1
1453,5336,influencer > retarget > cpa > ctx_category > retarget,5,1
1454,32721,ctx_category > social > ctx_category > retarget,4,1
1455,26358,influencer > ctx_brand > ctx_brand > social > retarget,5,1
1456,2237,organic > retarget,2,1
1457,18310,influencer > cpa > social > retarget,4,1
1458,38179,retarget > ctx_category > ctx_category > retarget > cpa > retarget,6,1
1459,3746,ctx_category > ctx_brand > cpa > ctx_category > retarget,5,1
1460,19242,ctx_brand > retarget,2,1
1461,6064,ctx_brand > social > retarget > ctx_brand > cpa > retarget,6,1
1462,18199,ctx_category > influencer,2,1
1463,14799,influencer > ctx_category > ctx_brand > retarget,4,1
1464,14853,influencer > ctx_category > ctx_category > influencer > retarget > retarget,6,1
1465,21003,influencer > influencer > retarget,3,1
1466,13285,retarget > cpa > ctx_brand > retarget,4,1
1467,39355,ctx_brand > influencer > ctx_brand > retarget,4,1
1468,12212,influencer > ctx_category,2,1
1469,14154,influencer > ctx_brand > ctx_brand > retarget > retarget > retarget,6,1
1470,7760,cpa > ctx_category > retarget,3,1
1471,23771,influencer > social > cpa > cpa > retarget,5,1
1472,37248,retarget > retarget > retarget,3,1
1473,21875,influencer > ctx_brand > retarget > retarget,4,1
1474,31383,ctx_brand > retarget > retarget,3,1
1475,32215,ctx_category > retarget > influencer > retarget,4,1
1476,34837,social > cpa > retarget,3,1
1477,17835,retarget > cpa > retarget,3,1
1478,36139,ctx_category > retarget > ctx_category > retarget > retarget,5,1
1479,17128,influencer > cpa > social > retarget,4,1
1480,34292,ctx_category > influencer > ctx_brand > social > ctx_category > retarget,6,1
1481,4718,social > ctx_category > retarget,3,1
1482,21468,influencer > ctx_category > retarget,3,1
1483,25139,retarget > ctx_category > influencer > ctx_category > influencer,5,1
1484,34173,retarget > influencer > cpa > ctx_brand > retarget,5,1
1485,4915,influencer > retarget,2,1
1486,19967,social > retarget > cpa > influencer > retarget,5,1
1487,28852,cpa > ctx_category > influencer > ctx_brand > cpa > retarget,6,1
1488,20497,social > cpa > cpa > retarget,4,1
1489,24886,influencer > ctx_category > retarget > retarget > retarget,5,1
1490,9481,cpa > ctx_category > retarget,3,1
1491,39194,ctx_brand > influencer > ctx_category > ctx_category > retarget,5,1
1492,26376,cpa > influencer > ctx_category > retarget,4,1
1493,34247,ctx_brand > retarget > ctx_brand > retarget,4,1
1494,8587,cpa > retarget > retarget,3,1
1495,31390,cpa > social > ctx_category > retarget,4,1
1496,29556,retarget > ctx_brand > ctx_brand > ctx_brand > ctx_category > social > retarget,7,1
1497,35488,social > social > ctx_category > retarget,4,1
1498,1019,influencer > ctx_category > retarget,3,1
1499,21393,cpa > retarget > influencer > cpa > retarget > retarget,6,1
1500,2640,retarget > ctx_category > retarget,3,1
1501,28286,organic > retarget,2,1
1502,7601,social > retarget,2,1
1503,5030,social > ctx_brand > ctx_brand > ctx_category > retarget > retarget,6,1
1504,12501,influencer > retarget,2,1
1505,31257,social > retarget > cpa > cpa > retarget,5,1
1506,2699,ctx_category > retarget > ctx_brand > ctx_category > influencer > retarget,6,1
1507,16464,influencer > ctx_brand > influencer > retarget,4,1
1508,3639,influencer > retarget > retarget,3,1
1509,974,influencer > social > ctx_category,3,1
1510,6608,ctx_brand > ctx_brand > ctx_brand > social > retarget,5,1
1511,15324,social > ctx_category > cpa > retarget,4,1
1512,166,influencer > influencer > retarget,3,1
1513,21767,organic > retarget,2,1
1514,20973,ctx_category > cpa > retarget,3,1
1515,10645,influencer > ctx_category > retarget,3,1
1516,3226,influencer > ctx_category > ctx_category > retarget,4,1
1517,39434,influencer > influencer > cpa > retarget,4,1
1518,13118,influencer > retarget,2,1
1519,31026,cpa > influencer > retarget,3,1
1520,16609,ctx_brand > influencer > retarget,3,1
1521,37661,cpa > influencer > retarget,3,1
1522,6291,cpa > ctx_brand > retarget,3,1
1523,33711,influencer > influencer > ctx_brand > retarget,4,1
1524,962,ctx_category > cpa > retarget,3,1
1525,37998,ctx_category > retarget,2,1
1526,15204,cpa > social > cpa > retarget,4,1
1527,26463,retarget > retarget,2,1
1528,22512,influencer > cpa > cpa > cpa > retarget > retarget,6,1
1529,2049,social,1,1
1530,3667,ctx_brand > cpa > ctx_category > retarget,4,1
1531,24375,organic,1,1
1532,35570,social > ctx_brand > ctx_brand > retarget > social > influencer > retarget,7,1
1533,27307,cpa > influencer > ctx_brand > retarget,4,1
1534,36140,ctx_category > retarget > retarget > retarget,4,1
1535,36485,ctx_category > retarget > influencer,3,1
1536,31909,retarget > retarget,2,1
1537,32314,ctx_category > social > cpa > retarget,4,1
1538,17770,ctx_category > social > retarget,3,1
1539,39246,influencer > retarget,2,1
1540,1674,influencer > social > ctx_category > social > ctx_brand > social > retarget,7,1
1541,13741,retarget > ctx_brand > retarget,3,1
1542,15345,influencer > ctx_category > retarget,3,1
1543,30342,retarget > retarget,2,1
1544,19821,influencer > organic > retarget,3,1
1545,6120,organic > retarget,2,1
1546,24278,influencer > ctx_category > social > ctx_category > retarget,5,1
1547,33132,influencer > cpa > retarget > ctx_category,4,1
1548,19050,retarget > retarget > social > cpa > social > retarget,6,1
1549,18857,ctx_brand,1,1
1550,1712,cpa > ctx_category,2,1
1551,32245,influencer > ctx_category > cpa > retarget > ctx_category > retarget,6,1
1552,29671,ctx_brand > ctx_brand > retarget,3,1
1553,27591,ctx_category > cpa > retarget,3,1
1554,17317,influencer > retarget > cpa,3,1
1555,6173,influencer > retarget > retarget,3,1
1556,2751,ctx_brand > cpa > retarget > retarget,4,1
1557,4416,influencer > organic,2,1
1558,35781,cpa > influencer > retarget,3,1
1559,1414,cpa > social > retarget,3,1
1560,1559,influencer > retarget > cpa > ctx_brand > influencer,5,1
1561,17510,retarget > ctx_brand > influencer > ctx_category > retarget,5,1
1562,30598,influencer > cpa > retarget,3,1
1563,7102,influencer > ctx_category,2,1
1564,38417,social > ctx_category > influencer > cpa > retarget,5,1
1565,38056,retarget > influencer > retarget,3,1
1566,19999,cpa,1,1
1567,27961,retarget > social > retarget,3,1
1568,8670,influencer > ctx_brand > retarget,3,1
1569,20565,organic > retarget,2,1
1570,10351,ctx_brand > retarget > ctx_category > retarget,4,1
1571,33425,influencer > ctx_category > retarget,3,1
1572,33719,influencer > retarget > ctx_category > retarget,4,1
1573,1054,ctx_category > ctx_brand > ctx_brand > retarget,4,1
1574,5630,influencer > retarget > ctx_brand > cpa > social > retarget,6,1
1575,25848,cpa > retarget,2,1
1576,20196,retarget > influencer > retarget,3,1
1577,9972,ctx_brand > retarget > ctx_category > ctx_brand,4,1
1578,38098,social > cpa > retarget > ctx_category > cpa > cpa,6,1
1579,33890,retarget > cpa > retarget > social > retarget > retarget,6,1
1580,25327,ctx_brand > retarget,2,1
1581,16518,ctx_brand > retarget > ctx_brand > retarget,4,1
1582,13243,ctx_category,1,1
1583,12092,influencer > organic > retarget,3,1
1584,12576,ctx_brand > ctx_category > retarget,3,1
1585,34326,influencer > ctx_category > cpa > cpa > retarget,5,1
1586,18584,ctx_category > social > retarget,3,1
1587,14610,influencer > cpa > retarget > retarget > social > retarget,6,1
1588,25514,influencer > ctx_category > retarget,3,1
1589,1724,ctx_category > retarget,2,1
1590,22939,retarget > cpa > retarget,3,1
1591,22583,influencer > cpa > ctx_category > cpa > ctx_category > retarget,6,1
1592,5699,ctx_category > ctx_category > ctx_brand > influencer > social > ctx_category > retarget,7,1
1593,34041,influencer > influencer > ctx_brand > retarget,4,1
1594,11695,cpa > social > cpa > cpa > retarget,5,1
1595,1822,influencer > retarget,2,1
1596,19688,retarget > cpa > retarget,3,1
1597,19012,influencer > cpa > retarget,3,1
1598,1887,influencer > influencer > ctx_category > ctx_category > ctx_category > ctx_category > retarget,7,1
1599,6180,cpa > ctx_category > retarget,3,1
1600,21323,cpa > retarget > ctx_brand > influencer > retarget,5,1
1601,7131,influencer > ctx_category > retarget,3,1
1602,34645,social > ctx_category > retarget,3,1
1603,36234,cpa > ctx_category > ctx_category > ctx_brand > retarget > retarget,6,1
1604,3460,cpa > ctx_brand > retarget,3,1
1605,36158,influencer > social > influencer > retarget,4,1
1606,37594,ctx_category > influencer > retarget,3,1
1607,6611,retarget > social > influencer,3,1
1608,22760,ctx_category > retarget,2,1
1609,36632,retarget > ctx_category > retarget,3,1
1610,1736,organic > retarget,2,1
1611,18239,organic > retarget,2,1
1612,19490,organic > retarget,2,1
1613,1719,social > ctx_brand > social > retarget,4,1
1614,21485,social > ctx_category > influencer > ctx_category > retarget,5,1
1615,38900,cpa > retarget,2,1
1616,33518,influencer > organic > retarget,3,1
1617,37120,influencer > ctx_category > ctx_category > retarget,4,1
1618,22981,influencer > retarget > cpa > ctx_category > retarget > retarget,6,1
1619,1750,influencer > ctx_category > cpa > ctx_brand > ctx_category > retarget,6,1
1620,29765,ctx_category > ctx_category > social > retarget,4,1
1621,20447,influencer > retarget,2,1
1622,32667,cpa > cpa > ctx_category > retarget,4,1
1623,36592,influencer > ctx_category > retarget > ctx_brand > retarget > retarget,6,1
1624,39630,influencer > cpa > ctx_category > influencer > influencer > social > retarget,7,1
1625,34980,ctx_brand > retarget,2,1
1626,29104,ctx_brand > cpa > retarget,3,1
1627,12245,influencer,1,1
1628,21837,ctx_category > cpa > ctx_brand > ctx_brand > retarget,5,1
1629,17159,social > ctx_category > influencer > retarget,4,1
1630,39103,social > ctx_brand > retarget,3,1
1631,25495,cpa > ctx_brand > retarget,3,1
1632,39747,ctx_category > social > retarget > cpa > ctx_brand > retarget,6,1
1633,5065,influencer > retarget,2,1
1634,19761,influencer > influencer > influencer > social,4,1
1635,28171,ctx_category > retarget > ctx_category > ctx_category > retarget,5,1
1636,31167,influencer > cpa > ctx_brand > retarget,4,1
1637,23451,influencer > influencer > retarget,3,1
1638,11231,ctx_category > ctx_category > retarget,3,1
1639,32413,influencer > ctx_brand > social > ctx_category > retarget,5,1
1640,6113,ctx_brand > retarget > ctx_category > retarget,4,1
1641,23206,influencer > influencer > retarget > retarget,4,1
1642,17318,influencer > ctx_category,2,1
1643,36646,ctx_brand > retarget,2,1
1644,2639,influencer > influencer > ctx_category > retarget,4,1
1645,20510,ctx_category > influencer > ctx_category > ctx_category > ctx_brand > retarget,6,1
1646,12710,ctx_brand > retarget > ctx_category,3,1
1647,9009,retarget > ctx_brand > retarget,3,1
1648,25671,influencer > retarget > influencer > influencer > ctx_category,5,1
1649,32791,ctx_brand > ctx_category > ctx_brand > retarget,4,1
1650,37620,cpa > retarget > ctx_category > retarget,4,1
1651,6430,cpa > social > cpa > retarget,4,1
1652,31516,influencer > retarget,2,1
1653,32053,retarget > retarget,2,1
1654,22364,influencer > ctx_brand > retarget > influencer > retarget,5,1
1655,6150,influencer > retarget > cpa > ctx_category > ctx_brand > retarget,6,1
1656,18652,ctx_category > retarget,2,1
1657,26872,influencer > cpa > retarget,3,1
1658,5416,retarget > cpa > influencer > retarget > cpa > retarget,6,1
1659,32708,social > influencer,2,1
1660,3853,influencer > social > retarget,3,1
1661,2603,influencer > influencer > ctx_brand > influencer > ctx_brand > social > cpa,7,1
1662,24050,cpa > retarget > ctx_category > retarget,4,1
1663,23357,influencer > social > ctx_category > retarget,4,1
1664,21505,ctx_category > cpa > cpa > retarget,4,1
1665,36546,influencer > ctx_category,2,1
1666,14495,retarget > social,2,1
1667,18677,influencer > retarget > ctx_brand > cpa > retarget,5,1
1668,32257,influencer > ctx_category > ctx_category > retarget,4,1
1669,5938,influencer > cpa > ctx_category,3,1
1670,3397,social > influencer > ctx_category > ctx_brand,4,1
1671,16537,cpa > retarget > ctx_category > ctx_brand > retarget,5,1
1672,34963,influencer > influencer > ctx_category > retarget,4,1
1673,27135,retarget > ctx_brand > retarget,3,1
1674,33334,influencer > social,2,1
1675,13228,influencer > ctx_category > ctx_brand > ctx_category > retarget,5,1
1676,31675,ctx_brand > retarget,2,1
1677,29914,influencer > retarget > retarget > cpa > retarget,5,1
1678,37236,influencer > cpa > retarget > retarget > retarget,5,1
1679,22074,ctx_category > cpa > cpa > ctx_category > retarget,5,1
1680,2191,influencer > ctx_brand > cpa > retarget > retarget,5,1
1681,5901,organic > retarget,2,1
1682,22323,retarget > social > retarget,3,1
1683,1654,ctx_brand > retarget > influencer > influencer > retarget,5,1
1684,18243,retarget > influencer > social > retarget,4,1
1685,25962,retarget > retarget,2,1
1686,20815,cpa > influencer > retarget > cpa > social > retarget,6,1
1687,17531,ctx_category > retarget > social > retarget,4,1
1688,32655,retarget > ctx_category > social > retarget,4,1
1689,20526,retarget > retarget > retarget,3,1
1690,43,social > ctx_brand > retarget,3,1
1691,29246,ctx_brand > retarget > retarget,3,1
1692,31531,influencer > ctx_category > retarget > retarget > social > retarget,6,1
1693,38146,influencer > social > ctx_category > retarget,4,1
1694,22637,ctx_category > ctx_category > retarget,3,1
1695,381,cpa > retarget > influencer > retarget,4,1
1696,8722,cpa > influencer > cpa > retarget,4,1
1697,34379,influencer > ctx_brand > retarget,3,1
1698,36357,influencer > retarget > retarget,3,1
1699,16310,ctx_category > social > cpa > influencer > retarget,5,1
1700,20488,ctx_brand > retarget,2,1
1701,34160,retarget > ctx_brand > influencer > retarget,4,1
1702,38393,organic > retarget,2,1
1703,31379,influencer > retarget > ctx_brand > retarget > influencer > ctx_brand > cpa > retarget,8,1
1704,1103,influencer > cpa > retarget,3,1
1705,2894,influencer > ctx_brand > retarget,3,1
1706,18223,influencer > ctx_category > retarget > retarget,4,1
1707,10970,ctx_category > ctx_brand > social,3,1
1708,10652,ctx_brand > retarget,2,1
1709,23455,influencer > ctx_category > influencer > retarget,4,1
1710,19786,cpa > retarget,2,1
1711,18323,influencer > retarget,2,1
1712,21091,ctx_category > social > ctx_brand > retarget,4,1
1713,33967,ctx_category > retarget > ctx_brand > cpa > retarget,5,1
1714,12799,social > influencer > cpa > retarget,4,1
1715,24591,cpa > cpa > retarget,3,1
1716,4947,cpa > retarget,2,1
1717,22651,cpa > influencer > social > ctx_brand > cpa > retarget,6,1
1718,27369,ctx_brand > retarget > retarget,3,1
1719,28114,ctx_brand > ctx_brand > retarget,3,1
1720,10269,influencer > social > ctx_category > cpa > cpa > retarget,6,1
1721,8034,ctx_category > cpa > retarget > retarget,4,1
1722,13280,influencer > influencer > ctx_brand > retarget,4,1
1723,26173,influencer > ctx_brand > influencer > ctx_category > retarget > ctx_category,6,1
1724,32075,influencer > retarget > retarget,3,1
1725,33302,ctx_category > influencer > cpa > ctx_category > retarget,5,1
1726,27653,social > retarget > ctx_brand > retarget,4,1
1727,32780,ctx_brand > ctx_brand > cpa > retarget,4,1
1728,35997,influencer > ctx_category > ctx_category > influencer > cpa > retarget,6,1
1729,11301,influencer > cpa > retarget,3,1
1730,33731,influencer > social,2,1
1731,17295,influencer > retarget > retarget > retarget,4,1
1732,38470,influencer > influencer > retarget,3,1
1733,21854,ctx_brand > ctx_category > influencer,3,1
1734,16639,retarget > retarget > retarget,3,1
1735,8031,social > retarget > social,3,1
1736,32290,ctx_category > retarget > ctx_brand > retarget,4,1
1737,17259,influencer > retarget > retarget > retarget,4,1
1738,14839,ctx_brand > influencer > retarget,3,1
1739,19557,influencer > social > retarget > social > retarget,5,1
1740,8114,influencer > ctx_brand > cpa > retarget > retarget,5,1
1741,19325,influencer > cpa > retarget,3,1
1742,38827,influencer > ctx_brand > retarget,3,1
1743,6798,retarget > retarget > ctx_brand > ctx_brand > retarget,5,1
1744,3079,influencer > retarget > ctx_category > retarget > retarget,5,1
1745,23640,social > retarget > cpa,3,1
1746,9026,retarget > retarget,2,1
1747,37003,social > ctx_category > retarget,3,1
1748,27016,ctx_category > retarget,2,1
1749,897,ctx_category,1,1
1750,9441,ctx_category > cpa > ctx_brand > ctx_category > retarget,5,1
1751,31643,ctx_category > ctx_brand > ctx_category > influencer > social > retarget,6,1
1752,19869,cpa > ctx_category > retarget,3,1
1753,36533,social > cpa,2,1
1754,11862,organic > retarget,2,1
1755,39796,social > social > ctx_category > retarget,4,1
1756,12627,ctx_category > retarget,2,1
1757,18371,cpa > cpa > cpa > retarget,4,1
1758,38267,influencer > ctx_category > social > cpa > retarget,5,1
1759,33681,retarget > retarget,2,1
1760,650,ctx_brand > retarget > social > retarget > retarget,5,1
1761,18349,cpa > influencer > retarget > ctx_category > ctx_brand > retarget,6,1
1762,24276,influencer > ctx_category > ctx_category > cpa > cpa > retarget,6,1
1763,15626,ctx_category > retarget > cpa > retarget > retarget,5,1
1764,36564,ctx_category > ctx_category > retarget,3,1
1765,5409,ctx_brand > ctx_brand > ctx_category > retarget,4,1
1766,27809,ctx_brand > cpa > ctx_brand > influencer > retarget,5,1
1767,15072,cpa > retarget > retarget > retarget > social > retarget > retarget,7,1
1768,21162,ctx_category > retarget > ctx_brand > retarget,4,1
1769,2594,influencer > ctx_category > ctx_category > retarget,4,1
1770,15009,influencer > cpa,2,1
1771,17276,ctx_category > ctx_brand > social > retarget,4,1
1772,11039,retarget > ctx_category > ctx_brand > retarget > retarget,5,1
1773,11418,ctx_brand > ctx_brand > influencer > retarget,4,1
1774,31664,influencer > social > ctx_category > retarget,4,1
1775,13063,social > cpa > ctx_brand > ctx_category > retarget,5,1
1776,9249,influencer > retarget > retarget,3,1
1777,24432,retarget > ctx_brand > influencer > retarget,4,1
1778,24665,ctx_brand > retarget,2,1
1779,16343,influencer > ctx_category > ctx_category > retarget,4,1
1780,33991,ctx_category > ctx_brand > retarget > retarget,4,1
1781,35905,retarget > retarget,2,1
1782,21811,ctx_brand > cpa > cpa > ctx_category > retarget,5,1
1783,23893,ctx_category > retarget > cpa > retarget,4,1
1784,36133,ctx_brand > retarget,2,1
1785,33416,ctx_brand > social > retarget > ctx_brand > influencer > retarget,6,1
1786,35618,social > ctx_category > ctx_brand > retarget,4,1
1787,30659,influencer > ctx_category > retarget > retarget,4,1
1788,19302,influencer,1,1
1789,17076,influencer > ctx_brand > social > influencer > social > retarget,6,1
1790,37275,ctx_category > ctx_brand > ctx_brand > retarget,4,1
1791,12678,social,1,1
1792,23617,ctx_category,1,1
1793,21821,retarget > influencer > retarget,3,1
1794,5269,influencer > cpa > retarget,3,1
1795,5814,influencer > influencer > retarget,3,1
1796,30765,cpa > social > retarget,3,1
1797,15055,ctx_brand > influencer > ctx_brand,3,1
1798,38797,organic > retarget,2,1
1799,17299,influencer > retarget,2,1
1800,36143,organic > retarget,2,1
1801,25540,cpa > social > cpa > retarget,4,1
1802,23719,influencer > influencer > ctx_category > cpa > retarget,5,1
1803,37031,ctx_brand > ctx_brand > ctx_brand > ctx_category > ctx_category > ctx_category > retarget,7,1
1804,15651,influencer > ctx_brand > cpa > social > influencer > retarget,6,1
1805,9302,retarget > cpa > retarget,3,1
1806,31185,retarget > ctx_brand > retarget,3,1
1807,2230,ctx_category > ctx_category > influencer > cpa > retarget,5,1
1808,9387,ctx_category > retarget > ctx_brand > retarget,4,1
1809,8186,influencer > cpa > ctx_category > retarget,4,1
1810,24582,influencer > cpa > social,3,1
1811,27635,ctx_category > retarget > social > retarget,4,1
1812,1490,retarget > retarget,2,1
1813,13303,ctx_category > ctx_category > retarget,3,1
1814,26049,influencer > retarget > influencer > ctx_category > social > retarget,6,1
1815,18356,retarget > ctx_category > influencer > social,4,1
1816,28875,retarget > ctx_category > social > retarget,4,1
1817,391,ctx_category > social > retarget,3,1
1818,13352,social > retarget,2,1
1819,32605,influencer > social > ctx_category > social > retarget,5,1
1820,9446,influencer > retarget > influencer > ctx_category > retarget > cpa > retarget,7,1
1821,32199,cpa > ctx_category > cpa > retarget,4,1
1822,31734,influencer > retarget > retarget,3,1
1823,11156,ctx_category,1,1
1824,38478,influencer > ctx_brand > cpa > social > retarget,5,1
1825,9360,ctx_category > influencer,2,1
1826,31880,influencer > ctx_brand > retarget,3,1
1827,16286,ctx_category > retarget,2,1
1828,17353,influencer > cpa > retarget > retarget > retarget,5,1
1829,11371,ctx_brand > social > retarget > ctx_brand > influencer > ctx_brand > retarget,7,1
1830,19781,influencer > retarget,2,1
1831,24232,influencer > ctx_category > influencer,3,1
1832,28636,social,1,1
1833,16048,social > retarget > ctx_category > ctx_category > retarget > social,6,1
1834,13858,influencer > ctx_category > retarget > retarget,4,1
1835,15753,retarget > retarget,2,1
1836,6205,social > ctx_category > cpa > retarget,4,1
1837,30250,retarget > cpa > social > retarget,4,1
1838,21337,retarget > cpa > cpa > retarget,4,1
1839,20187,retarget > retarget,2,1
1840,9375,influencer > social > social > retarget,4,1
1841,15322,ctx_category > retarget > influencer > retarget > influencer > retarget,6,1
1842,32785,influencer > social > ctx_category > retarget > cpa > retarget,6,1
1843,5078,ctx_brand > ctx_category > retarget,3,1
1844,23297,ctx_category > retarget > social > retarget,4,1
1845,6975,influencer > social > cpa > social > cpa > social > retarget,7,1
1846,8423,influencer > retarget > retarget > retarget,4,1
1847,33145,influencer > cpa > retarget,3,1
1848,20997,influencer > ctx_category > retarget,3,1
1849,39996,retarget > retarget,2,1
1850,20978,cpa > ctx_category > retarget,3,1
1851,20625,organic > retarget,2,1
1852,35550,retarget > influencer > ctx_category > retarget,4,1
1853,15463,ctx_category > ctx_brand > social > retarget,4,1
1854,18230,ctx_brand > ctx_category > retarget,3,1
1855,8683,influencer > ctx_brand > influencer > retarget,4,1
1856,17398,influencer > influencer > retarget > retarget > retarget,5,1
1857,12655,influencer > ctx_brand > retarget,3,1
1858,8746,influencer > retarget > ctx_category > retarget,4,1
1859,72,influencer,1,1
1860,14663,influencer > retarget > ctx_brand > cpa > retarget,5,1
1861,7413,retarget > retarget,2,1
1862,23048,influencer > ctx_brand > retarget,3,1
1863,22634,influencer > ctx_category > cpa > retarget,4,1
1864,6076,ctx_category > ctx_brand > retarget,3,1
1865,23504,influencer > ctx_brand > cpa > ctx_category > retarget,5,1
1866,19240,ctx_brand > ctx_brand > ctx_category,3,1
1867,13558,influencer > cpa > cpa > cpa > retarget,5,1
1868,29848,social > retarget > cpa > retarget,4,1
1869,25292,ctx_category > ctx_category > retarget,3,1
1870,11910,influencer > ctx_category > cpa > social > ctx_brand > retarget,6,1
1871,7920,ctx_category > influencer > ctx_category > retarget,4,1
1872,32478,ctx_brand > retarget,2,1
1873,26071,ctx_category > retarget,2,1
1874,4736,ctx_category > ctx_category > ctx_category > ctx_category,4,1
1875,24066,retarget > retarget,2,1
1876,2989,social > ctx_brand > retarget,3,1
1877,32441,ctx_brand > retarget,2,1
1878,11352,retarget > ctx_category > social > retarget,4,1
1879,10716,ctx_brand > ctx_category > influencer > retarget,4,1
1880,31607,cpa > ctx_brand > retarget,3,1
1881,24322,social > retarget,2,1
1882,14366,organic > retarget,2,1
1883,39526,ctx_category > cpa > retarget,3,1
1884,31048,cpa > ctx_category > retarget,3,1
1885,9056,influencer > retarget > cpa > retarget,4,1
1886,4305,influencer > retarget > cpa > ctx_brand > retarget > retarget,6,1
1887,27572,ctx_brand > cpa > social > influencer > retarget,5,1
1888,6470,ctx_brand > ctx_brand > retarget,3,1
1889,25925,influencer > influencer > retarget,3,1
1890,9911,influencer > cpa > ctx_category > cpa > ctx_brand > retarget,6,1
1891,37773,social > social > ctx_brand > retarget,4,1
1892,8237,influencer > ctx_category > retarget > retarget,4,1
1893,30497,retarget > ctx_brand > retarget,3,1
1894,28605,organic > retarget,2,1
1895,9883,social > social > retarget,3,1
1896,29041,influencer > ctx_category > retarget > ctx_category > retarget,5,1
1897,12436,cpa > influencer > ctx_category > retarget,4,1
1898,7125,influencer > retarget > social > retarget > retarget,5,1
1899,11184,influencer > social > ctx_category > ctx_category > retarget,5,1
1900,36399,cpa > cpa > retarget,3,1
1901,22909,ctx_category > retarget,2,1
1902,26908,influencer > retarget > ctx_category > cpa > retarget,5,1
1903,39900,influencer > ctx_category > retarget,3,1
1904,34483,retarget > retarget,2,1
1905,25180,influencer > retarget > retarget > retarget,4,1
1906,28790,retarget > ctx_brand > influencer > retarget,4,1
1907,28490,influencer > cpa > social > retarget,4,1
1908,2311,influencer > ctx_category > ctx_category > ctx_brand > retarget,5,1
1909,12668,retarget > retarget,2,1
1910,23633,cpa > ctx_brand > cpa > ctx_category > ctx_brand > retarget,6,1
1911,17162,influencer > cpa > influencer > influencer > cpa > cpa > retarget,7,1
1912,17059,influencer > retarget > retarget,3,1
1913,19683,retarget > cpa > ctx_category > influencer > retarget > ctx_category > social > retarget,8,1
1914,37382,ctx_category,1,1
1915,12083,influencer > retarget > ctx_category > ctx_category,4,1
1916,18465,influencer > retarget > ctx_brand > ctx_category > retarget > ctx_category > retarget,7,1
1917,3958,influencer > ctx_category > social > social > social > retarget,6,1
1918,30544,ctx_brand > influencer,2,1
1919,30151,influencer > cpa > retarget > retarget > cpa > retarget,6,1
1920,26568,organic,1,1
1921,30695,retarget > retarget > ctx_brand > retarget,4,1
1922,7661,organic,1,1
1923,5943,influencer > social > ctx_brand > retarget > retarget,5,1
1924,1715,ctx_brand > ctx_category > retarget,3,1
1925,2715,ctx_category > retarget > ctx_brand > ctx_brand > retarget,5,1
1926,886,influencer > retarget,2,1
1927,26889,influencer > ctx_brand > cpa,3,1
1928,18406,retarget > ctx_brand > retarget > retarget,4,1
1929,2324,influencer > influencer > social > retarget > retarget,5,1
1930,13860,cpa > influencer > influencer > ctx_brand > retarget,5,1
1931,27661,influencer > retarget > cpa > retarget,4,1
1932,36372,ctx_category > social > influencer > retarget > retarget,5,1
1933,9882,ctx_brand > retarget > retarget,3,1
1934,34935,ctx_brand > retarget,2,1
1935,35068,influencer > cpa > ctx_category > ctx_category > retarget,5,1
1936,31411,influencer > organic > retarget,3,1
1937,16842,influencer > social > ctx_category > retarget,4,1
1938,4927,ctx_brand > retarget,2,1
1939,34931,ctx_brand > cpa > retarget,3,1
1940,22615,cpa > retarget > cpa > social > retarget,5,1
1941,33896,influencer > ctx_brand > ctx_brand > ctx_category > retarget,5,1
1942,15698,retarget > retarget,2,1
1943,1297,ctx_brand > ctx_brand > cpa > retarget,4,1
1944,27432,organic > retarget,2,1
1945,1694,influencer > ctx_category > ctx_category > retarget,4,1
1946,32547,ctx_category > retarget,2,1
1947,21878,influencer > retarget > cpa > retarget,4,1
1948,938,cpa > retarget > ctx_brand > retarget > retarget,5,1
1949,31453,influencer > retarget,2,1
1950,19420,ctx_category > ctx_brand > retarget > retarget,4,1
1951,13686,ctx_category > ctx_brand > retarget,3,1
1952,16889,retarget > retarget,2,1
1953,7379,retarget > cpa > ctx_category > retarget > ctx_category > retarget,6,1
1954,36944,ctx_brand > retarget > retarget,3,1
1955,8066,organic > retarget,2,1
1956,8279,cpa > retarget,2,1
1957,24030,cpa > retarget > retarget,3,1
1958,3850,ctx_brand > cpa,2,1
1959,14599,influencer > ctx_category > retarget,3,1
1960,25992,social > retarget,2,1
1961,6056,ctx_brand > retarget,2,1
1962,6661,influencer > ctx_category > ctx_category > retarget,4,1
1963,8710,ctx_brand > ctx_category > ctx_category > ctx_category > retarget,5,1
1964,11432,ctx_brand > ctx_brand,2,1
1965,34998,influencer > cpa > influencer > social > influencer > retarget,6,1
1966,33810,influencer > ctx_brand > ctx_category > retarget,4,1
1967,6357,ctx_category > cpa > retarget > retarget,4,1
1968,4148,influencer > social > ctx_category > retarget,4,1
1969,39138,ctx_category > retarget,2,1
1970,32722,influencer > ctx_brand > ctx_brand > ctx_category > cpa > influencer > retarget,7,1
1971,30181,influencer > organic,2,1
1972,34153,influencer > ctx_brand > retarget,3,1
1973,12309,influencer > ctx_brand > cpa > ctx_category > retarget,5,1
1974,9324,ctx_brand > ctx_category > social > retarget > retarget,5,1
1975,18609,cpa > ctx_category > retarget,3,1
1976,18806,cpa > cpa > social > retarget,4,1
1977,22238,social > ctx_category > retarget,3,1
1978,11130,retarget > social > retarget,3,1
1979,12208,retarget > social > retarget,3,1
1980,22114,ctx_category > retarget,2,1
1981,36904,organic > retarget,2,1
1982,13501,ctx_category > retarget > cpa > cpa > ctx_brand > retarget,6,1
1983,36617,influencer > ctx_category > cpa > retarget,4,1
1984,36890,social > influencer > retarget > retarget > ctx_brand > retarget,6,1
1985,37377,influencer > ctx_category > ctx_category > cpa > retarget,5,1
1986,5200,influencer > retarget > retarget > ctx_category > ctx_category > ctx_brand > retarget,7,1
1987,37669,retarget > ctx_brand,2,1
1988,8475,influencer > ctx_brand > retarget > influencer > retarget > retarget,6,1
1989,21447,influencer > ctx_brand > ctx_brand > retarget,4,1
1990,872,retarget > ctx_category > retarget,3,1
1991,21179,cpa > social > retarget,3,1
1992,32832,cpa > retarget,2,1
1993,32147,ctx_category > ctx_category > ctx_category > retarget,4,1
1994,34099,influencer > ctx_category > retarget > retarget,4,1
1995,35511,retarget > ctx_category > retarget,3,1
1996,3917,cpa > influencer > retarget,3,1
1997,869,influencer > retarget > ctx_brand > ctx_brand > influencer > retarget,6,1
1998,35649,ctx_category > social > social > cpa,4,1
1999,34939,social > influencer > retarget,3,1
2000,15221,social > retarget,2,1
2001,34167,ctx_brand > ctx_category > retarget,3,1
2002,17019,ctx_brand > ctx_category > retarget,3,1
2003,3389,ctx_brand > retarget,2,1
2004,27936,ctx_brand > influencer > retarget > influencer > ctx_brand > influencer > retarget,7,1
2005,26226,cpa > retarget > social > social > retarget,5,1
2006,23784,organic > retarget,2,1
2007,36083,influencer > cpa > retarget,3,1
2008,29121,influencer > retarget > retarget,3,1
2009,24250,organic > retarget,2,1
2010,31733,retarget > retarget > retarget,3,1
2011,31530,ctx_brand > ctx_category > retarget > retarget,4,1
2012,8878,cpa > ctx_brand > retarget > retarget,4,1
2013,34521,influencer > social > ctx_category > influencer > cpa > retarget,6,1
2014,39659,influencer > retarget,2,1
2015,31433,influencer > organic > retarget,3,1
2016,27997,retarget > social > cpa > retarget,4,1
2017,25625,influencer > social > influencer > ctx_brand > ctx_category > retarget,6,1
2018,6747,cpa > ctx_category > retarget > retarget,4,1
2019,25135,ctx_brand > ctx_brand > retarget > retarget,4,1
2020,12716,retarget > ctx_brand > retarget,3,1
2021,27157,influencer > ctx_category > retarget,3,1
2022,3127,retarget > retarget,2,1
2023,36427,influencer > ctx_category > ctx_brand > cpa > retarget,5,1
2024,14561,cpa > cpa > retarget,3,1
2025,11384,ctx_category > influencer > retarget > retarget > ctx_brand > retarget,6,1
2026,7608,influencer > ctx_brand > ctx_brand > ctx_brand,4,1
2027,31373,retarget > cpa > social > cpa > retarget,5,1
2028,37786,influencer > social > retarget,3,1
2029,29340,retarget > cpa > ctx_category > ctx_brand,4,1
2030,22308,ctx_category > ctx_brand > ctx_brand > ctx_brand > retarget,5,1
2031,20777,social > ctx_category > ctx_category > retarget,4,1
2032,28855,organic > retarget,2,1
2033,13198,ctx_brand > retarget,2,1
2034,32909,ctx_category > retarget,2,1
2035,7210,organic > retarget,2,1
2036,6496,social > ctx_brand > social > retarget,4,1
2037,13815,social > ctx_category > retarget > ctx_brand > ctx_brand > ctx_brand > retarget,7,1
2038,15130,social > retarget,2,1
2039,10391,ctx_category > retarget,2,1
2040,2726,influencer > cpa > cpa > cpa > ctx_category > retarget > cpa > retarget,8,1
2041,28785,retarget > social > influencer > cpa > retarget > ctx_category > retarget,7,1
2042,24034,cpa > retarget > retarget,3,1
2043,5944,ctx_category > ctx_brand > retarget,3,1
2044,36917,influencer > ctx_category > retarget > ctx_category > cpa > retarget,6,1
2045,1285,social > retarget,2,1
2046,4677,influencer > ctx_category,2,1
2047,14510,ctx_brand > ctx_category > retarget,3,1
2048,23494,cpa > retarget > ctx_brand > retarget > retarget,5,1
2049,29255,social > ctx_brand > cpa > ctx_category > retarget,5,1
2050,28218,influencer > retarget > ctx_brand > retarget,4,1
2051,27146,retarget > social > retarget,3,1
2052,26537,influencer > cpa > ctx_category > retarget,4,1
2053,33535,retarget > retarget,2,1
2054,38409,influencer > cpa > ctx_brand > retarget,4,1
2055,26973,retarget,1,1
2056,15532,influencer > ctx_brand > retarget,3,1
2057,10062,influencer > cpa > cpa > social > retarget > ctx_category > retarget,7,1
2058,20355,influencer > ctx_brand > ctx_category > influencer > retarget > retarget,6,1
2059,23723,influencer > ctx_category > ctx_brand > retarget,4,1
2060,38948,cpa > ctx_category > cpa > retarget,4,1
2061,2804,influencer > retarget,2,1
2062,27330,influencer > influencer > retarget,3,1
2063,35817,influencer > influencer > influencer > ctx_category > influencer > ctx_category > ctx_brand > retarget,8,1
2064,35348,cpa > influencer > ctx_category > retarget,4,1
2065,4608,organic > retarget,2,1
2066,32271,cpa > social > ctx_brand > retarget,4,1
2067,19772,retarget > influencer > retarget > influencer > retarget,5,1
2068,32339,ctx_brand > cpa > retarget > retarget,4,1
2069,11998,influencer > retarget > influencer > retarget,4,1
2070,5963,influencer > retarget > influencer > cpa,4,1
2071,1862,ctx_brand > social > cpa > retarget > retarget,5,1
2072,10551,influencer > cpa > influencer > cpa > retarget,5,1
2073,28794,retarget > influencer > retarget > retarget > retarget,5,1
2074,4731,influencer > ctx_brand > retarget,3,1
2075,16740,cpa > ctx_category > ctx_brand > influencer > retarget,5,1
2076,35686,influencer > ctx_brand > retarget,3,1
2077,34699,ctx_category > cpa > retarget,3,1
2078,2628,retarget > ctx_category > retarget,3,1
2079,27296,influencer > retarget > retarget > ctx_category > cpa > ctx_brand > retarget,7,1
2080,36509,influencer > cpa > cpa > retarget,4,1
2081,34912,cpa > ctx_brand,2,1
2082,8388,ctx_category > ctx_brand > ctx_category > ctx_category > retarget,5,1
2083,19549,ctx_category > ctx_category,2,1
2084,5161,influencer > retarget > ctx_category,3,1
2085,2631,cpa > influencer > retarget,3,1
2086,9083,influencer > ctx_category > influencer > retarget > retarget,5,1
2087,8353,retarget > retarget,2,1
2088,20398,ctx_category > retarget,2,1
2089,29209,influencer > influencer > retarget > retarget,4,1
2090,29305,influencer > ctx_category > cpa > retarget,4,1
2091,5579,influencer > social > ctx_brand > ctx_brand > influencer > retarget,6,1
2092,12289,influencer > organic > retarget,3,1
2093,24947,cpa > ctx_brand > retarget > retarget,4,1
2094,10403,cpa,1,1
2095,6799,influencer > organic > retarget,3,1
2096,16167,ctx_brand > ctx_category > social > influencer > retarget,5,1
2097,30422,influencer > cpa > ctx_category > ctx_brand > ctx_category > retarget,6,1
2098,37636,ctx_category > retarget,2,1
2099,17129,ctx_brand > ctx_category > retarget,3,1
2100,15319,ctx_category > ctx_brand > cpa > retarget,4,1
2101,6596,retarget > retarget,2,1
2102,6307,influencer > cpa > retarget,3,1
2103,846,ctx_category > retarget,2,1
2104,35503,social > ctx_category > retarget,3,1
2105,10678,organic > retarget,2,1
2106,1186,ctx_category > retarget > ctx_category > cpa > retarget,5,1
2107,37683,retarget > retarget,2,1
2108,4124,influencer > retarget > cpa > retarget,4,1
2109,35218,influencer > cpa > ctx_brand > retarget,4,1
2110,14972,retarget,1,1
2111,1230,influencer > social > cpa > ctx_category > retarget,5,1
2112,6134,ctx_brand,1,1
2113,23406,influencer > ctx_category > ctx_brand > ctx_brand > ctx_brand > ctx_brand > retarget,7,1
2114,2908,cpa > retarget,2,1
2115,922,ctx_category > retarget,2,1
2116,24583,cpa > ctx_brand > retarget,3,1
2117,29205,ctx_category > retarget,2,1
2118,17293,influencer > ctx_category > ctx_category > ctx_category > retarget,5,1
2119,38187,retarget > cpa > retarget > ctx_brand > retarget,5,1
2120,25385,cpa > influencer > cpa > retarget,4,1
2121,18386,retarget > ctx_category > retarget,3,1
2122,18127,influencer > cpa > retarget,3,1
2123,21331,ctx_category > retarget > ctx_brand > cpa > retarget,5,1
2124,33213,influencer > organic > retarget,3,1
2125,15659,cpa > ctx_brand,2,1
2126,24535,influencer > ctx_category > cpa > retarget,4,1
2127,22215,retarget > ctx_category > ctx_brand > retarget > retarget,5,1
2128,3219,influencer > ctx_brand > ctx_category > retarget > influencer > ctx_category > retarget,7,1
2129,4741,ctx_brand > retarget,2,1
2130,6157,influencer > influencer > retarget > retarget,4,1
2131,33981,ctx_category > ctx_category > ctx_brand > social > retarget,5,1
2132,20369,influencer > ctx_category > retarget,3,1
2133,24364,retarget > social,2,1
2134,26503,retarget > ctx_brand > ctx_brand > cpa > retarget,5,1
2135,21805,influencer > ctx_brand > cpa > retarget > ctx_category > retarget,6,1
2136,4599,retarget > retarget,2,1
2137,10559,ctx_category > retarget,2,1
2138,6676,influencer > ctx_category > cpa > ctx_category > retarget,5,1
2139,8638,ctx_category > retarget > cpa > ctx_category > retarget,5,1
2140,30065,social > ctx_category > retarget,3,1
2141,25880,influencer > ctx_category > ctx_brand > cpa > influencer > retarget,6,1
2142,5716,influencer > cpa > retarget,3,1
2143,10840,cpa > ctx_brand > retarget,3,1
2144,16321,ctx_category > retarget,2,1
2145,34932,retarget > cpa > retarget,3,1
2146,22046,influencer > ctx_category > retarget > cpa > retarget,5,1
2147,35778,cpa > social > retarget,3,1
2148,13961,influencer > cpa > social > retarget,4,1
2149,16979,organic > retarget,2,1
2150,23911,ctx_brand > ctx_brand > ctx_category > social > retarget,5,1
2151,34298,influencer > influencer > cpa > retarget,4,1
2152,7969,influencer > cpa > ctx_brand > ctx_category > influencer > retarget,6,1
2153,29802,retarget > influencer > retarget,3,1
2154,19523,organic > retarget,2,1
2155,35231,influencer > ctx_category > retarget,3,1
2156,13679,influencer > retarget > retarget,3,1
2157,22402,cpa > ctx_category,2,1
2158,2301,cpa > influencer,2,1
2159,10675,ctx_category > ctx_category > retarget,3,1
2160,26593,ctx_category > retarget > retarget,3,1
2161,2718,influencer > influencer > retarget,3,1
2162,15727,ctx_category > retarget,2,1
2163,10942,ctx_category > retarget > retarget > social > influencer > ctx_category > retarget,7,1
2164,32880,influencer > cpa > retarget > retarget,4,1
2165,13682,influencer > cpa > ctx_brand > ctx_brand,4,1
2166,38582,retarget > retarget > ctx_category > retarget,4,1
2167,31172,influencer > cpa > ctx_brand,3,1
2168,17740,influencer > ctx_category > ctx_brand,3,1
2169,12981,influencer > retarget > ctx_brand > retarget,4,1
2170,18893,cpa > ctx_brand > retarget,3,1
2171,12277,influencer > ctx_brand > ctx_brand > ctx_category > cpa > ctx_brand,6,1
2172,15346,ctx_category > ctx_brand > ctx_category > cpa > ctx_category > ctx_category > retarget,7,1
2173,20360,influencer > ctx_brand > social > retarget,4,1
2174,34892,retarget > cpa > ctx_category,3,1
2175,4920,ctx_brand > ctx_brand > retarget,3,1
2176,11109,cpa > social > cpa > retarget > social > retarget,6,1
2177,18716,ctx_brand > retarget,2,1
2178,37645,ctx_category > influencer > retarget > retarget,4,1
2179,35206,cpa > influencer > cpa > retarget,4,1
2180,29734,influencer > retarget > cpa > social > retarget,5,1
2181,19216,organic > retarget,2,1
2182,2420,cpa > cpa > retarget,3,1
2183,32289,influencer > ctx_category > influencer > retarget,4,1
2184,20630,ctx_category > ctx_category > retarget,3,1
2185,32929,cpa > ctx_brand > influencer > retarget,4,1
2186,20885,influencer > ctx_brand > social > retarget > retarget,5,1
2187,30309,retarget,1,1
2188,9201,influencer > ctx_brand > retarget,3,1
2189,21734,influencer > cpa > ctx_category > ctx_category > retarget,5,1
2190,13465,social > retarget,2,1
2191,2278,influencer > ctx_category > retarget > cpa > retarget,5,1
2192,12972,influencer > retarget > cpa > ctx_brand > retarget > retarget,6,1
2193,7980,influencer > ctx_brand > retarget,3,1
2194,17289,ctx_brand > ctx_category > retarget,3,1
2195,1883,ctx_category > ctx_brand > retarget > retarget,4,1
2196,18348,influencer > influencer > ctx_category > retarget,4,1
2197,37091,influencer > influencer > retarget,3,1
2198,25409,retarget > ctx_brand > ctx_brand > ctx_brand > ctx_category > retarget,6,1
2199,18698,influencer > cpa > cpa > ctx_brand > retarget,5,1
2200,28579,influencer > influencer > retarget,3,1
2201,11449,retarget > retarget > retarget,3,1
2202,24908,ctx_brand > ctx_brand > retarget,3,1
2203,39474,cpa > influencer > retarget > retarget > retarget,5,1
2204,16369,social > retarget > retarget > influencer,4,1
2205,20180,retarget > ctx_category > retarget,3,1
2206,17933,influencer > ctx_category > cpa > ctx_category > retarget,5,1
2207,21595,influencer > ctx_category > social > influencer > ctx_category > retarget,6,1
2208,10562,influencer > cpa > influencer > ctx_brand > retarget,5,1
2209,35024,ctx_category > retarget > retarget,3,1
2210,18869,ctx_brand > influencer,2,1
2211,26444,ctx_category > social > retarget,3,1
2212,16305,influencer > cpa > cpa > retarget,4,1
2213,15143,social > retarget,2,1
2214,4164,influencer > retarget > influencer > retarget,4,1
2215,24012,organic > retarget,2,1
2216,29064,retarget > ctx_brand > retarget,3,1
2217,3937,cpa > ctx_brand > social > retarget,4,1
2218,76,ctx_category > retarget,2,1
2219,15986,influencer > cpa > retarget > ctx_category > retarget,5,1
2220,39594,influencer > ctx_brand > retarget,3,1
2221,17638,ctx_brand > influencer > social > retarget,4,1
2222,11773,influencer > retarget > retarget > cpa > retarget,5,1
2223,3513,ctx_category > ctx_category > retarget,3,1
2224,28797,ctx_brand > ctx_brand > social > retarget,4,1
2225,29757,influencer > social > retarget,3,1
2226,1492,influencer > ctx_category > cpa > retarget,4,1
2227,34783,retarget > ctx_category > influencer > retarget,4,1
2228,6582,influencer > retarget > ctx_category > retarget,4,1
2229,8177,ctx_category > retarget,2,1
2230,2076,influencer > ctx_brand > retarget,3,1
2231,4371,social > retarget,2,1
2232,28524,retarget > retarget,2,1
2233,10910,influencer > ctx_brand > cpa > ctx_category,4,1
2234,23030,influencer > retarget,2,1
2235,5767,organic > retarget,2,1
2236,28029,influencer > organic > retarget,3,1
2237,35928,influencer > organic > retarget,3,1
2238,217,influencer > retarget,2,1
2239,32176,ctx_category > social > retarget,3,1
2240,35800,ctx_category > retarget > retarget,3,1
2241,38036,influencer > ctx_category > ctx_category,3,1
2242,32743,ctx_brand > retarget > ctx_brand > retarget,4,1
2243,25711,influencer > ctx_brand > ctx_category > ctx_category > ctx_brand > retarget,6,1
2244,11347,ctx_category,1,1
2245,39981,organic > retarget,2,1
2246,20099,influencer > cpa > ctx_brand > ctx_category > retarget > retarget,6,1
2247,20238,influencer > organic > retarget,3,1
2248,1578,ctx_brand > social > retarget > social > retarget,5,1
2249,38004,retarget > ctx_brand > retarget,3,1
2250,19556,organic > retarget,2,1
2251,29863,social > retarget,2,1
2252,9753,retarget > ctx_category > retarget,3,1
2253,31821,ctx_brand > social > ctx_brand > cpa > retarget,5,1
2254,9841,influencer > retarget,2,1
2255,12292,cpa > retarget > social > social > retarget,5,1
2256,33546,retarget > influencer > retarget,3,1
2257,26627,influencer > retarget > retarget,3,1
2258,19258,influencer > ctx_brand > ctx_category > social > retarget,5,1
2259,8051,influencer > influencer > retarget,3,1
2260,7197,influencer > cpa > cpa > cpa > retarget,5,1
2261,23275,influencer > ctx_brand > retarget,3,1
2262,30814,retarget > influencer > retarget,3,1
2263,27790,ctx_brand > retarget,2,1
2264,26585,influencer > cpa > cpa > ctx_brand > ctx_category > retarget,6,1
2265,23011,influencer > social > ctx_brand > retarget,4,1
2266,6888,influencer > retarget > cpa > ctx_category > retarget,5,1
2267,7324,organic,1,1
2268,11066,social > retarget > influencer > retarget,4,1
2269,7832,retarget > influencer > influencer > retarget,4,1
2270,6531,influencer > influencer > ctx_brand > ctx_category,4,1
2271,3959,influencer > ctx_category > retarget,3,1
2272,32318,influencer > ctx_category > ctx_brand > retarget,4,1
2273,17223,influencer > social > ctx_brand > retarget,4,1
2274,12978,cpa > retarget > retarget > social > ctx_category > retarget,6,1
2275,2810,ctx_brand > retarget,2,1
2276,4317,influencer > retarget > ctx_category > retarget,4,1
2277,34938,influencer > retarget > retarget,3,1
2278,8545,retarget > social > influencer > retarget,4,1
2279,9799,retarget > retarget,2,1
2280,32311,cpa > ctx_brand > retarget,3,1
2281,22196,retarget > ctx_category > retarget,3,1
2282,32483,influencer > ctx_brand > ctx_brand > ctx_category > cpa > retarget,6,1
2283,12098,social > influencer > ctx_category > ctx_category > ctx_category > ctx_category > retarget,7,1
2284,14568,retarget > retarget,2,1
2285,23600,ctx_category > influencer > influencer > ctx_category > influencer > retarget,6,1
2286,20276,influencer > ctx_category > retarget,3,1
2287,3053,influencer > ctx_brand > ctx_category > influencer > retarget,5,1
2288,34609,ctx_brand,1,1
2289,6360,influencer > influencer > ctx_brand > retarget,4,1
2290,24987,ctx_brand > ctx_brand > cpa > cpa > social > retarget,6,1
2291,24074,ctx_brand,1,1
2292,21759,ctx_category > ctx_category > retarget,3,1
2293,36323,retarget > cpa > ctx_brand > retarget,4,1
2294,8549,retarget > cpa > retarget,3,1
2295,11094,influencer > ctx_brand > ctx_category > retarget,4,1
2296,34117,retarget > ctx_brand,2,1
2297,7728,influencer > organic > retarget,3,1
2298,19705,influencer > social > retarget > ctx_category,4,1
2299,24185,retarget > ctx_category > ctx_category > ctx_category > ctx_brand,5,1
2300,22437,ctx_category > social > influencer > retarget,4,1
2301,4869,influencer > ctx_brand > retarget > retarget > retarget,5,1
2302,16451,ctx_category > ctx_brand,2,1
2303,2178,social > social > ctx_category > retarget,4,1
2304,880,ctx_category > social > retarget > retarget,4,1
2305,22837,ctx_category > ctx_brand > retarget > retarget,4,1
2306,23574,influencer > retarget > ctx_brand > retarget,4,1
2307,18571,retarget > influencer > ctx_brand > social > cpa > retarget,6,1
2308,3146,cpa > ctx_category > retarget > ctx_brand,4,1
2309,13467,influencer > social > influencer > retarget,4,1
2310,26548,influencer > cpa > retarget > cpa > retarget > retarget,6,1
2311,19690,cpa > cpa > ctx_brand > retarget,4,1
2312,3096,influencer > retarget > retarget,3,1
2313,16426,cpa > cpa > social > social > ctx_category > retarget,6,1
2314,28445,ctx_brand > retarget > retarget,3,1
2315,36884,social,1,1
2316,3748,retarget > retarget,2,1
2317,38349,influencer > retarget > ctx_category > influencer > retarget,5,1
2318,5865,cpa > retarget > retarget,3,1
2319,18549,retarget > retarget > retarget,3,1
2320,32119,ctx_brand > social,2,1
2321,20101,influencer > cpa > ctx_brand > retarget > retarget,5,1
2322,26811,influencer > ctx_category > ctx_brand > retarget,4,1
2323,12833,social > retarget,2,1
2324,24291,ctx_category > retarget > ctx_category > retarget,4,1
2325,18071,retarget > ctx_brand > retarget > retarget,4,1
2326,28515,influencer > retarget > influencer > retarget,4,1
2327,19153,social > retarget,2,1
2328,30721,influencer > cpa > retarget,3,1
2329,10795,cpa > cpa > cpa > retarget,4,1
2330,8414,influencer > ctx_category > retarget > retarget,4,1
2331,31630,cpa > ctx_brand > cpa > retarget,4,1
2332,1517,ctx_category > retarget,2,1
2333,21662,retarget > cpa > ctx_brand > cpa > ctx_brand > retarget,6,1
2334,34188,influencer > influencer > retarget > influencer > retarget,5,1
2335,19161,organic > retarget,2,1
2336,11390,ctx_category > ctx_category > ctx_category > ctx_category > retarget,5,1
2337,27933,retarget > influencer > retarget,3,1
2338,16524,influencer > ctx_brand > ctx_brand > cpa > ctx_category > retarget,6,1
2339,228,retarget > influencer,2,1
2340,38727,influencer > ctx_category > retarget,3,1
2341,14443,social > retarget,2,1
2342,36308,influencer > cpa > ctx_brand > ctx_category > ctx_category > retarget,6,1
2343,29486,influencer > influencer,2,1
2344,4991,influencer > cpa > ctx_category,3,1
2345,9877,influencer > ctx_brand > retarget,3,1
2346,14880,ctx_brand > retarget,2,1
2347,30407,retarget > social > ctx_brand > retarget,4,1
2348,13211,ctx_brand > retarget,2,1
2349,5854,influencer > influencer > retarget,3,1
2350,3816,ctx_category > cpa > ctx_category > retarget,4,1
2351,6129,influencer > ctx_brand > ctx_category > influencer > retarget,5,1
2352,35944,ctx_brand > cpa > ctx_brand > retarget,4,1
2353,36382,influencer > retarget > ctx_brand > retarget,4,1
2354,2394,influencer > retarget > influencer > ctx_category > retarget,5,1
2355,3270,cpa > retarget > retarget,3,1
2356,11539,influencer > ctx_category > ctx_brand > retarget,4,1
2357,8643,social > retarget,2,1
2358,24268,influencer > retarget > cpa > ctx_category > social > retarget,6,1
2359,13806,influencer > ctx_brand > ctx_brand > social > retarget > retarget,6,1
2360,2037,retarget > retarget,2,1
2361,31234,retarget > ctx_brand > retarget,3,1
2362,30996,influencer > retarget > ctx_category > ctx_brand > retarget,5,1
2363,20490,influencer > ctx_category > retarget > influencer,4,1
2364,38536,influencer,1,1
2365,834,ctx_category > social > retarget > retarget,4,1
2366,13615,retarget > ctx_category > retarget,3,1
2367,14175,ctx_category > cpa > retarget,3,1
2368,32029,retarget > retarget,2,1
2369,28711,influencer > retarget > influencer > retarget,4,1
2370,12654,influencer > influencer > ctx_category > retarget > retarget,5,1
2371,5404,ctx_category > social > cpa > retarget,4,1
2372,35082,ctx_brand > retarget,2,1
2373,2577,retarget > ctx_category > ctx_category,3,1
2374,27192,influencer > ctx_category > cpa > ctx_brand > ctx_category > retarget,6,1
2375,32404,retarget,1,1
2376,23209,ctx_brand > retarget > retarget,3,1
2377,4921,influencer > ctx_category > influencer > retarget,4,1
2378,15918,influencer > social > ctx_brand > retarget > influencer > influencer > retarget,7,1
2379,23210,ctx_category > retarget,2,1
2380,46,influencer > cpa > ctx_brand,3,1
2381,9671,influencer > ctx_brand > ctx_category > ctx_category,4,1
2382,34687,social > ctx_category > ctx_brand > ctx_category > influencer > retarget,6,1
2383,5056,ctx_brand > ctx_category > retarget > ctx_category > retarget,5,1
2384,34485,influencer > influencer > influencer > ctx_category > social > ctx_category > ctx_brand > retarget,8,1
2385,1690,influencer > ctx_category > retarget > retarget,4,1
2386,38122,organic > retarget,2,1
2387,13147,influencer > retarget > ctx_brand > retarget,4,1
2388,9905,social > ctx_category,2,1
2389,34810,influencer > ctx_category > retarget > social > retarget,5,1
2390,27271,ctx_category > cpa,2,1
2391,119,influencer > ctx_category > influencer > retarget,4,1
2392,3950,ctx_brand > retarget,2,1
2393,18959,influencer > influencer > retarget,3,1
2394,3539,ctx_brand > influencer > ctx_category > retarget > retarget,5,1
2395,16308,ctx_category > retarget,2,1
2396,31969,influencer > retarget > social > cpa > ctx_category > cpa > cpa > retarget,8,1
2397,14444,influencer > retarget > retarget > social > retarget,5,1
2398,2007,influencer > organic > retarget,3,1
2399,34594,social > influencer > ctx_brand > retarget,4,1
2400,29664,ctx_brand > retarget > social > retarget,4,1
2401,5256,cpa > retarget > retarget > cpa,4,1
2402,17124,cpa > ctx_category > retarget > ctx_brand > retarget,5,1
2403,9885,retarget > social > ctx_category,3,1
2404,30724,influencer > retarget > retarget,3,1
2405,34538,ctx_category > ctx_category > cpa > ctx_category > retarget,5,1
2406,23184,social > ctx_brand > ctx_brand,3,1
2407,23891,retarget > social > retarget > influencer > ctx_brand > social,6,1
2408,19773,ctx_brand,1,1
2409,22372,social > social > influencer > ctx_category > retarget,5,1
2410,17589,organic > retarget,2,1
2411,32632,social > ctx_brand > ctx_category > retarget,4,1
2412,37410,social > cpa > retarget,3,1
2413,31052,retarget > retarget,2,1
2414,25141,influencer > ctx_category > ctx_category > retarget,4,1
2415,28120,social > cpa > influencer > social > retarget,5,1
2416,36189,influencer > ctx_category > retarget,3,1
2417,13009,influencer > ctx_brand > cpa,3,1
2418,20164,retarget > retarget,2,1
2419,19782,ctx_brand > retarget > retarget,3,1
2420,6585,retarget > retarget,2,1
2421,18218,influencer > retarget > social > cpa > ctx_category > retarget,6,1
2422,19351,organic > retarget,2,1
2423,23284,retarget > retarget,2,1
2424,10188,retarget > social > retarget,3,1
2425,23534,cpa > retarget,2,1
2426,25107,influencer > retarget > ctx_category > social > retarget,5,1
2427,31085,retarget > ctx_brand > retarget > retarget,4,1
2428,5931,ctx_brand > social > retarget > influencer > retarget,5,1
2429,9261,influencer > organic > retarget,3,1
2430,18877,influencer > ctx_category > ctx_category > retarget > retarget,5,1
2431,27014,influencer > retarget > ctx_category > retarget,4,1
2432,32772,ctx_category > retarget > ctx_category > retarget,4,1
2433,34232,ctx_category > ctx_category > retarget,3,1
2434,31596,organic > retarget,2,1
2435,35733,ctx_category > ctx_category > ctx_category > social > ctx_category > retarget,6,1
2436,37066,influencer > social > ctx_brand > retarget,4,1
2437,28932,social > social > influencer > retarget,4,1
2438,9891,influencer > social > retarget,3,1
2439,29834,influencer > ctx_category > retarget,3,1
2440,18659,cpa > ctx_brand > influencer > cpa > retarget,5,1
2441,10106,organic,1,1
2442,34626,influencer > ctx_category > social > ctx_category > retarget > retarget,6,1
2443,32820,influencer > ctx_category > retarget,3,1
2444,36808,influencer > retarget,2,1
2445,8357,cpa > cpa > retarget,3,1
2446,3071,influencer > social > retarget > retarget,4,1
2447,27398,influencer > social > ctx_category > ctx_category > social > ctx_category > retarget,7,1
2448,31864,cpa > cpa > retarget,3,1
2449,10151,ctx_brand > retarget > cpa > retarget,4,1
2450,20485,ctx_category > retarget,2,1
2451,21215,ctx_brand > retarget,2,1
2452,35666,cpa > retarget > ctx_category > social > retarget,5,1
2453,27762,ctx_brand > social > influencer > ctx_category > retarget,5,1
2454,39587,social > ctx_brand > retarget,3,1
2455,18297,influencer > social > retarget > retarget,4,1
2456,26308,influencer > ctx_brand > ctx_category > ctx_category > retarget > retarget,6,1
2457,16852,influencer > organic > retarget,3,1
2458,37174,ctx_brand > ctx_brand > retarget,3,1
2459,10967,influencer > influencer > social > retarget,4,1
2460,38865,influencer > social > social > retarget > retarget,5,1
2461,39583,cpa > retarget,2,1
2462,4491,retarget > retarget > retarget > retarget,4,1
2463,36443,ctx_brand > cpa > ctx_brand > retarget,4,1
2464,13822,ctx_category > ctx_category > retarget,3,1
2465,26659,social > ctx_category > ctx_brand > retarget,4,1
2466,5374,ctx_category > social > retarget > retarget > retarget,5,1
2467,25635,retarget > ctx_category > ctx_brand > influencer > retarget,5,1
2468,26882,retarget > ctx_brand > retarget,3,1
2469,4344,retarget > retarget,2,1
2470,38280,ctx_category > retarget > cpa > social > ctx_brand > retarget,6,1
2471,23285,social > ctx_category > retarget,3,1
2472,18366,retarget > ctx_category > influencer > retarget,4,1
2473,12628,retarget > ctx_brand > retarget,3,1
2474,33455,influencer,1,1
2475,3636,ctx_brand > influencer > ctx_brand > retarget,4,1
2476,26944,influencer > retarget,2,1
2477,33542,cpa > ctx_category > cpa > social > ctx_category > retarget,6,1
2478,13723,ctx_brand > retarget > retarget,3,1
2479,11991,social > ctx_category > retarget > retarget,4,1
2480,5582,influencer > social > retarget,3,1
2481,10316,ctx_category > ctx_category > social > retarget,4,1
2482,29126,cpa > ctx_brand > ctx_brand > retarget,4,1
2483,20129,influencer > ctx_category > social > ctx_category > retarget,5,1
2484,22627,retarget,1,1
2485,5365,influencer,1,1
2486,15612,ctx_category > cpa > retarget,3,1
2487,8221,social > social > cpa > ctx_brand > retarget > retarget,6,1
2488,23542,social > retarget > influencer > cpa,4,1
2489,23377,influencer > ctx_category > influencer > cpa > retarget,5,1
2490,3978,retarget > retarget,2,1
2491,17683,ctx_brand > retarget > retarget,3,1
2492,14317,influencer > influencer > retarget,3,1
2493,13146,ctx_category > ctx_category > retarget > cpa > retarget > ctx_brand > retarget,7,1
2494,31852,influencer > ctx_category > retarget,3,1
2495,25354,influencer > retarget,2,1
2496,32023,cpa > ctx_category > social > retarget > influencer > ctx_category,6,1
2497,5820,influencer > cpa > ctx_category,3,1
2498,37721,influencer > organic > retarget,3,1
2499,33745,cpa > ctx_category > retarget > retarget,4,1
2500,10789,organic > retarget,2,1
2501,37131,influencer > retarget > retarget,3,1
2502,2669,social > ctx_brand,2,1
2503,18170,retarget > retarget,2,1
2504,25896,influencer > influencer > retarget,3,1
2505,4242,influencer > ctx_category > ctx_category,3,1
2506,22703,cpa > ctx_category > retarget > retarget > retarget,5,1
2507,27040,influencer > retarget > retarget,3,1
2508,28443,cpa > retarget > retarget,3,1
2509,22155,influencer > influencer > retarget,3,1
2510,15782,cpa > influencer > ctx_category > ctx_category > retarget,5,1
2511,39344,ctx_brand > retarget,2,1
2512,22113,organic > retarget,2,1
2513,5919,cpa > ctx_category > retarget,3,1
2514,31631,ctx_category > ctx_brand > ctx_brand > retarget,4,1
2515,19587,social > retarget > retarget,3,1
2516,14957,cpa > retarget > social > ctx_brand > retarget,5,1
2517,20335,social > ctx_category > cpa > retarget,4,1
2518,31098,organic > retarget,2,1
2519,14078,retarget > ctx_category > cpa > retarget,4,1
2520,19275,influencer > influencer > retarget,3,1
2521,17882,influencer > ctx_category > influencer > ctx_category > retarget,5,1
2522,29841,cpa > retarget > retarget > cpa > retarget,5,1
2523,33501,influencer > ctx_category,2,1
2524,26826,ctx_category > ctx_brand > influencer > retarget,4,1
2525,26059,social > social > social > retarget > retarget,5,1
2526,30610,cpa > social > retarget,3,1
2527,32966,social > retarget,2,1
2528,10744,retarget > ctx_category > cpa > retarget,4,1
2529,31336,influencer > retarget > ctx_category,3,1
2530,5235,ctx_category > ctx_brand > ctx_brand > ctx_category > retarget,5,1
2531,30602,cpa > influencer > retarget,3,1
2532,2757,ctx_brand > cpa,2,1
2533,38169,influencer > cpa > cpa > ctx_brand > retarget,5,1
2534,16716,retarget > retarget,2,1
2535,36513,influencer > influencer > ctx_brand > retarget > ctx_brand > retarget,6,1
2536,15593,ctx_category > retarget > ctx_category,3,1
2537,67,influencer > social > ctx_brand > influencer > ctx_brand > retarget,6,1
2538,6692,ctx_category > social > ctx_brand > retarget,4,1
2539,7159,ctx_category > retarget,2,1
2540,6245,influencer > social > retarget,3,1
2541,8679,ctx_category > retarget > retarget,3,1
2542,546,cpa > ctx_brand > retarget,3,1
2543,20475,organic > retarget,2,1
2544,39029,cpa > retarget,2,1
2545,14434,influencer > social > ctx_category,3,1
2546,33428,ctx_brand > retarget > influencer > retarget,4,1
2547,4118,influencer > social > ctx_brand > retarget,4,1
2548,19838,influencer > ctx_category > ctx_category > retarget,4,1
2549,31465,cpa > social > ctx_brand > retarget,4,1
2550,1960,retarget > cpa > ctx_brand > retarget,4,1
2551,17266,ctx_brand > retarget,2,1
2552,7581,cpa > retarget > retarget > retarget,4,1
2553,32694,cpa > ctx_category > retarget,3,1
2554,691,influencer > influencer,2,1
2555,24807,retarget,1,1
2556,38496,influencer > social > ctx_brand > retarget > ctx_brand > retarget,6,1
2557,7268,influencer > retarget > retarget,3,1
2558,2597,cpa > ctx_category > cpa > ctx_category > retarget,5,1
2559,30720,influencer > organic > retarget,3,1
2560,28332,ctx_category > retarget > retarget,3,1
2561,12473,retarget > retarget,2,1
2562,11224,influencer > influencer > ctx_brand > retarget,4,1
2563,23180,ctx_category > cpa > retarget > retarget,4,1
2564,39844,organic > retarget,2,1
2565,2829,influencer > social > retarget,3,1
2566,4877,influencer > cpa > ctx_category > retarget,4,1
2567,22425,influencer > cpa > retarget,3,1
2568,5071,social > retarget > ctx_category > retarget,4,1
2569,14022,social > cpa > retarget,3,1
2570,33066,influencer > ctx_brand > ctx_category,3,1
2571,4850,influencer > social > retarget,3,1
2572,9940,influencer > ctx_category > retarget > retarget > retarget,5,1
2573,29607,influencer > ctx_category,2,1
2574,37579,retarget > retarget,2,1
2575,39334,ctx_brand > retarget > ctx_category > ctx_category > retarget,5,1
2576,20203,retarget > cpa > ctx_category,3,1
2577,7613,organic > retarget,2,1
2578,14699,social > ctx_brand > cpa > retarget,4,1
2579,19961,social > ctx_brand > retarget,3,1
2580,22862,retarget > ctx_category > ctx_category > influencer,4,1
2581,31253,retarget > retarget > cpa > influencer > retarget,5,1
2582,37115,cpa > ctx_brand > retarget,3,1
2583,8105,retarget > social > retarget > retarget,4,1
2584,16128,retarget,1,1
2585,28205,retarget > retarget,2,1
2586,16395,ctx_category > retarget,2,1
2587,14605,influencer > influencer > retarget,3,1
2588,1678,ctx_brand > influencer > ctx_brand > retarget > ctx_category > retarget,6,1
2589,36857,ctx_category > influencer > cpa > retarget,4,1
2590,21263,influencer > social > social > influencer > retarget > retarget,6,1
2591,27545,ctx_category > cpa > cpa > retarget,4,1
2592,2996,influencer > social > influencer > retarget,4,1
2593,12437,influencer > ctx_category > cpa > retarget,4,1
2594,27355,influencer > retarget > ctx_brand > influencer > retarget,5,1
2595,15837,influencer > social > retarget,3,1
2596,18110,ctx_brand > ctx_brand,2,1
2597,36230,social > ctx_category > retarget,3,1
2598,24737,influencer > ctx_category > retarget,3,1
2599,26783,ctx_brand > retarget,2,1
2600,25881,social > ctx_category > retarget,3,1
2601,5564,influencer > ctx_category > ctx_brand > ctx_brand > retarget,5,1
2602,6788,social > cpa > influencer > social > retarget,5,1
2603,8734,retarget > ctx_category > influencer > ctx_category > retarget,5,1
2604,7600,ctx_category > retarget > cpa > ctx_category > retarget,5,1
2605,2532,retarget > ctx_category > cpa > retarget,4,1
2606,21898,social > cpa > ctx_brand > ctx_category > retarget,5,1
2607,17570,influencer > ctx_category > cpa > retarget,4,1
2608,21760,influencer > cpa,2,1
2609,215,ctx_category > retarget > retarget,3,1
2610,16178,cpa > influencer > retarget,3,1
2611,17393,influencer > ctx_category > retarget > retarget > retarget > social > retarget,7,1
2612,33102,ctx_brand > ctx_category > retarget,3,1
2613,25591,retarget > influencer > cpa > ctx_brand,4,1
2614,15456,organic,1,1
2615,155,influencer > ctx_brand > social > ctx_category > retarget,5,1
2616,98,influencer > ctx_category > influencer > ctx_category > retarget,5,1
2617,18057,ctx_category > ctx_brand > influencer > retarget,4,1
2618,19624,cpa > ctx_category > ctx_brand > retarget,4,1
2619,5497,cpa > ctx_brand > cpa > retarget,4,1
2620,6341,ctx_brand > retarget,2,1
2621,5331,ctx_brand > cpa > ctx_brand > retarget > retarget,5,1
2622,11188,social > social > ctx_category > retarget,4,1
2623,8817,cpa > retarget,2,1
2624,20030,retarget > retarget > ctx_brand > retarget,4,1
2625,11629,retarget > retarget,2,1
2626,30539,retarget > retarget,2,1
2627,12729,influencer > ctx_brand > retarget,3,1
2628,1614,social > influencer > retarget,3,1
2629,23620,influencer > ctx_category > social > retarget,4,1
2630,22911,retarget > retarget,2,1
2631,1465,social > social > ctx_category > retarget,4,1
2632,7350,retarget > influencer,2,1
2633,25958,ctx_brand > influencer > retarget > retarget,4,1
2634,15311,ctx_brand > cpa > cpa > ctx_category > cpa > cpa > influencer > retarget,8,1
2635,1735,influencer > retarget > cpa,3,1
2636,27179,influencer > social > retarget > retarget > retarget,5,1
2637,30971,ctx_category > social > ctx_category > retarget > ctx_category > retarget,6,1
2638,38049,cpa > influencer > cpa > retarget,4,1
2639,27587,influencer > retarget > retarget,3,1
2640,29444,social > ctx_category > retarget,3,1
2641,3975,influencer > retarget > cpa > ctx_category,4,1
2642,8565,influencer > social > ctx_category > retarget,4,1
2643,20637,social > retarget > ctx_category > retarget,4,1
2644,33565,influencer > retarget > retarget,3,1
2645,11537,influencer > retarget > ctx_category > retarget > retarget,5,1
2646,24408,retarget > influencer > ctx_brand > retarget,4,1
2647,16521,influencer > ctx_brand,2,1
2648,2997,social > ctx_category,2,1
2649,19290,social > influencer > ctx_brand > retarget,4,1
2650,11354,social > retarget > influencer,3,1
2651,19922,ctx_category > ctx_brand > ctx_category,3,1
2652,24113,ctx_category > ctx_category > social > retarget,4,1
2653,26198,retarget > ctx_category > retarget > retarget,4,1
2654,463,influencer > ctx_brand,2,1
2655,21594,retarget > ctx_brand > retarget,3,1
2656,35617,ctx_category > retarget > social > retarget,4,1
2657,16606,influencer > retarget > ctx_brand > ctx_brand > cpa > retarget,6,1
2658,6610,cpa > retarget,2,1
2659,11044,social > cpa > retarget,3,1
2660,5440,influencer > social > ctx_category > retarget,4,1
2661,8113,influencer > retarget,2,1
2662,1177,influencer > influencer > retarget,3,1
2663,19779,influencer > retarget > retarget,3,1
2664,37536,ctx_category > influencer > retarget,3,1
2665,7278,cpa > retarget,2,1
2666,24606,influencer > influencer > cpa > ctx_category > retarget,5,1
2667,35512,organic > retarget,2,1
2668,25940,influencer > social > ctx_brand > retarget,4,1
2669,17967,retarget > ctx_brand > influencer > ctx_category > retarget,5,1
2670,32962,influencer > ctx_brand > ctx_category > cpa > retarget,5,1
2671,8036,influencer > retarget > ctx_brand > retarget,4,1
2672,27195,retarget > ctx_brand > social > retarget > influencer > retarget,6,1
2673,25234,cpa > cpa > retarget > retarget > ctx_brand > retarget,6,1
2674,26319,influencer > ctx_brand > ctx_category > retarget,4,1
2675,11310,influencer > ctx_brand > retarget,3,1
2676,31196,retarget > cpa > retarget,3,1
2677,27092,ctx_category > ctx_brand > retarget,3,1
2678,25081,influencer > influencer > influencer > social,4,1
2679,22030,organic > retarget,2,1
2680,3970,social > social > ctx_brand > ctx_category > retarget,5,1
2681,26616,retarget > retarget,2,1
2682,29712,ctx_brand > cpa > retarget,3,1
2683,405,influencer > retarget > ctx_category > retarget > ctx_brand > retarget,6,1
2684,26942,social > retarget > cpa > retarget,4,1
2685,5455,social > retarget,2,1
2686,1351,social > retarget,2,1
2687,2999,organic,1,1
2688,4112,ctx_category > retarget,2,1
2689,32890,social > influencer > cpa > cpa > retarget,5,1
2690,15551,ctx_category > ctx_category > cpa > ctx_category > retarget,5,1
2691,22122,ctx_category > retarget,2,1
2692,32144,cpa > ctx_category,2,1
2693,25934,social > ctx_brand > retarget,3,1
2694,27167,ctx_category > retarget,2,1
2695,29969,cpa > retarget,2,1
2696,5323,influencer > retarget > retarget > cpa,4,1
2697,2010,ctx_brand > retarget > cpa > retarget,4,1
2698,30757,ctx_category > ctx_brand > ctx_brand > retarget,4,1
2699,16775,influencer > ctx_brand > cpa > retarget,4,1
2700,4325,cpa > cpa > influencer > cpa > retarget,5,1
2701,12372,influencer > social > retarget,3,1
2702,2763,retarget > retarget > ctx_brand > retarget,4,1
2703,14904,cpa > cpa > influencer > influencer > retarget,5,1
2704,17566,organic > retarget,2,1
2705,39170,influencer > organic > retarget,3,1
2706,29887,cpa > ctx_category > retarget > retarget,4,1
2707,38069,influencer > ctx_brand > social > social > retarget,5,1
2708,14712,ctx_category > ctx_category > retarget,3,1
2709,35582,ctx_brand > social > social > social > retarget,5,1
2710,16794,influencer > cpa > retarget,3,1
2711,11270,cpa > influencer,2,1
2712,36680,ctx_category > retarget > ctx_brand > retarget,4,1
2713,27939,influencer > organic,2,1
2714,38342,cpa > ctx_brand > cpa > retarget,4,1
2715,12641,cpa > cpa > social > ctx_category,4,1
2716,29874,retarget > ctx_category > retarget,3,1
2717,33788,social > ctx_brand > ctx_brand > retarget,4,1
2718,22568,influencer > ctx_brand > ctx_brand > ctx_brand > retarget,5,1
2719,37898,ctx_category > retarget,2,1
2720,28162,cpa > retarget > cpa > ctx_brand,4,1
2721,27334,organic > retarget,2,1
2722,2226,cpa > influencer > ctx_category > retarget,4,1
2723,39775,influencer > organic > retarget,3,1
2724,35637,social > retarget > ctx_brand > retarget,4,1
2725,36237,cpa > retarget > retarget,3,1
2726,29325,organic > retarget,2,1
2727,28881,ctx_category > retarget,2,1
2728,23967,ctx_category > influencer > retarget > social > retarget > retarget,6,1
2729,32512,influencer > ctx_category > retarget,3,1
2730,3951,influencer > retarget,2,1
2731,30931,influencer > ctx_brand > social > ctx_category > retarget,5,1
2732,5889,influencer > retarget > influencer > ctx_category > retarget,5,1
2733,16445,influencer > cpa > retarget,3,1
2734,5593,influencer > ctx_brand > ctx_brand > retarget > retarget,5,1
2735,15682,influencer > cpa > retarget > ctx_category > retarget,5,1
2736,728,cpa > retarget > ctx_category > retarget,4,1
2737,17912,retarget > cpa > retarget,3,1
2738,7986,influencer > ctx_brand > ctx_brand > ctx_category,4,1
2739,6458,organic > retarget,2,1
2740,5185,ctx_brand > retarget,2,1
2741,11248,cpa > ctx_brand > retarget > ctx_brand > retarget,5,1
2742,14618,influencer > cpa > ctx_category > influencer,4,1
2743,30485,organic > retarget,2,1
2744,39403,ctx_category > cpa > ctx_brand,3,1
2745,2303,influencer > ctx_category > retarget,3,1
2746,14991,social > cpa > social > ctx_brand > influencer > retarget,6,1
2747,39423,cpa > cpa > retarget,3,1
2748,6077,social > retarget,2,1
2749,24041,influencer > retarget,2,1
2750,25016,influencer > ctx_brand > ctx_category > retarget > retarget,5,1
2751,6144,ctx_category > retarget,2,1
2752,24864,influencer > ctx_category > influencer > retarget,4,1
2753,1642,influencer > retarget > ctx_category > retarget > social > retarget,6,1
2754,19465,ctx_category > ctx_category > cpa > retarget,4,1
2755,7863,influencer > cpa > social > ctx_category > retarget,5,1
2756,22339,influencer > social > retarget,3,1
2757,18452,cpa > ctx_brand > ctx_brand > retarget,4,1
2758,21555,influencer > cpa > retarget > ctx_category > ctx_category > retarget,6,1
2759,19350,retarget > cpa > cpa > influencer > retarget,5,1
2760,20633,influencer > influencer > ctx_brand > ctx_brand > retarget,5,1
2761,28695,influencer > influencer > retarget > influencer > ctx_brand,5,1
2762,38963,organic,1,1
2763,9580,influencer > organic > retarget,3,1
2764,21020,social,1,1
2765,33226,social > retarget,2,1
2766,37989,social > ctx_category > social > ctx_category > retarget,5,1
2767,7263,retarget > ctx_brand > retarget,3,1
2768,39852,retarget > ctx_brand > cpa > cpa > retarget,5,1
2769,23913,retarget > retarget,2,1
2770,38338,influencer > social > retarget,3,1
2771,36773,influencer > cpa > retarget > cpa > retarget,5,1
2772,36024,influencer > ctx_category > ctx_category > retarget,4,1
2773,7757,retarget > retarget > retarget,3,1
2774,39265,influencer > ctx_category > retarget,3,1
2775,36791,influencer > influencer > retarget,3,1
2776,8834,social > ctx_category > influencer > retarget,4,1
2777,8381,ctx_category,1,1
2778,16965,ctx_brand > ctx_category > ctx_category > retarget > retarget,5,1
2779,4232,cpa > social > retarget > retarget,4,1
2780,30456,influencer > influencer > retarget,3,1
2781,23767,influencer > cpa > ctx_category > retarget,4,1
2782,16955,influencer > ctx_category > ctx_category > retarget,4,1
2783,26540,cpa > ctx_brand > cpa > retarget,4,1
2784,9192,ctx_brand > social > ctx_brand > ctx_category > ctx_category > retarget,6,1
2785,29414,ctx_brand > retarget > influencer,3,1
2786,4967,retarget > ctx_category > influencer > retarget,4,1
2787,6099,influencer > social > retarget,3,1
2788,23085,influencer > cpa > ctx_brand > social > social > influencer > retarget,7,1
2789,31092,social > ctx_category > influencer > retarget,4,1
2790,34320,influencer > retarget > social > ctx_brand > retarget,5,1
2791,18283,influencer > cpa > retarget,3,1
2792,24248,influencer > ctx_category > influencer,3,1
2793,28292,influencer > ctx_category,2,1
2794,21012,ctx_brand > retarget > social > retarget > ctx_category > retarget,6,1
2795,8596,influencer > ctx_brand,2,1
2796,37374,influencer > influencer > retarget,3,1
2797,11283,influencer > cpa > social > cpa > ctx_category > retarget,6,1
2798,5698,influencer > retarget > influencer > ctx_brand > retarget,5,1
2799,21939,cpa > retarget,2,1
2800,5903,retarget > ctx_category > cpa > influencer > cpa > cpa > retarget,7,1
2801,29073,organic > retarget,2,1
2802,11830,retarget > ctx_category > retarget,3,1
2803,11688,cpa > influencer > influencer > influencer > ctx_category,5,1
2804,32521,retarget > influencer > retarget,3,1
2805,6977,social > retarget,2,1
2806,38374,retarget > influencer > ctx_category > retarget > retarget > retarget,6,1
2807,16434,influencer > retarget > influencer > ctx_category > ctx_category > retarget,6,1
2808,3700,social > retarget > ctx_category > retarget,4,1
2809,33420,ctx_brand > retarget,2,1
2810,5076,social > retarget > retarget > ctx_brand > retarget,5,1
2811,154,influencer > influencer > retarget > retarget,4,1
2812,9565,retarget > social > retarget,3,1
2813,36020,cpa > retarget,2,1
2814,2731,influencer > cpa > retarget,3,1
2815,32687,influencer > retarget > social > retarget > retarget,5,1
2816,11448,influencer > cpa > ctx_category > influencer > cpa > retarget,6,1
2817,22954,influencer > ctx_brand > social > retarget > retarget,5,1
2818,15838,influencer > influencer > ctx_category > social > retarget,5,1
2819,13502,influencer > influencer > ctx_category > retarget,4,1
2820,24877,influencer > ctx_brand > retarget > social > social > retarget > retarget,7,1
2821,22898,organic > retarget,2,1
2822,1997,social,1,1
2823,25553,ctx_category > ctx_category > social > retarget,4,1
2824,21731,influencer > ctx_category > retarget,3,1
2825,33124,social > ctx_brand > ctx_brand,3,1
2826,8472,ctx_category > retarget,2,1
2827,16314,retarget > retarget,2,1
2828,13636,retarget > social > ctx_category > ctx_brand > retarget,5,1
2829,20779,influencer > organic,2,1
2830,20456,retarget > retarget > influencer > retarget,4,1
2831,39785,influencer > ctx_category > retarget,3,1
2832,31930,influencer > retarget,2,1
2833,12945,social > ctx_brand > ctx_category > retarget,4,1
2834,28948,retarget > ctx_brand > influencer > cpa > retarget,5,1
2835,19711,ctx_category > retarget,2,1
2836,27149,ctx_brand > retarget,2,1
2837,38556,influencer > cpa > ctx_category > retarget > retarget > retarget,6,1
2838,20859,influencer > ctx_category > retarget,3,1
2839,2453,retarget > retarget > retarget,3,1
2840,10891,ctx_category > retarget > influencer > retarget,4,1
2841,29213,influencer > social > influencer > retarget,4,1
2842,36505,organic,1,1
2843,24890,influencer > influencer > retarget,3,1
2844,38400,ctx_category > ctx_brand > retarget,3,1
2845,20809,ctx_brand > retarget,2,1
2846,2496,influencer > ctx_brand > retarget,3,1
2847,15761,cpa > ctx_category > influencer > social,4,1
2848,36016,influencer > social > influencer > retarget > retarget > retarget,6,1
2849,26615,ctx_brand > retarget,2,1
2850,37147,social > ctx_category > retarget,3,1
2851,7409,social > ctx_category > ctx_category > retarget > ctx_category > retarget,6,1
2852,6994,ctx_category > retarget > retarget,3,1
2853,28860,cpa > retarget,2,1
2854,14705,organic,1,1
2855,17626,ctx_category > ctx_brand > ctx_category > retarget > retarget,5,1
2856,32970,ctx_brand > retarget > ctx_category,3,1
2857,27998,influencer > ctx_category > cpa > social > retarget,5,1
2858,21419,influencer > ctx_brand > retarget,3,1
2859,11290,ctx_category > retarget,2,1
2860,26135,influencer > retarget > cpa > ctx_brand > retarget,5,1
2861,18294,influencer > ctx_category > social > retarget > ctx_category > retarget,6,1
2862,30792,influencer > ctx_category,2,1
2863,20083,influencer > retarget > ctx_category > ctx_category > retarget,5,1
2864,29681,retarget > retarget,2,1
2865,1565,organic > retarget,2,1
2866,2285,social > retarget,2,1
2867,31476,social > retarget > retarget,3,1
2868,21850,social > cpa > retarget,3,1
2869,5376,organic > retarget,2,1
2870,29013,influencer > ctx_brand > cpa > cpa > retarget,5,1
2871,37787,ctx_brand > influencer > retarget,3,1
2872,16689,influencer > organic,2,1
2873,10973,cpa,1,1
2874,13721,influencer > retarget > retarget > retarget,4,1
2875,5332,retarget > ctx_brand > cpa > retarget,4,1
2876,39417,retarget > cpa > ctx_category > cpa > influencer > retarget,6,1
2877,2234,influencer > ctx_brand > cpa > social > ctx_category > retarget,6,1
2878,4775,influencer > ctx_category > ctx_brand > retarget,4,1
2879,16968,retarget > retarget,2,1
2880,26776,influencer > cpa > retarget > ctx_brand > ctx_brand > retarget,6,1
2881,27609,cpa > ctx_category > social > ctx_category > retarget,5,1
2882,25575,influencer > influencer > ctx_brand > cpa > retarget,5,1
2883,961,cpa > ctx_category > retarget > retarget,4,1
2884,28191,influencer > cpa > ctx_brand > retarget,4,1
2885,7502,influencer > ctx_category > ctx_category > ctx_category > retarget > ctx_category,6,1
2886,13227,influencer > ctx_category > influencer > retarget > retarget,5,1
2887,37368,influencer > ctx_brand > retarget,3,1
2888,793,influencer > social > retarget > retarget,4,1
2889,17011,influencer > ctx_category > ctx_category > social > influencer > cpa > retarget,7,1
2890,1774,influencer > ctx_category > ctx_category > ctx_brand > retarget,5,1
2891,10809,influencer > social > ctx_category > retarget > retarget,5,1
2892,33051,influencer > ctx_category > ctx_category > retarget,4,1
2893,16078,organic > retarget,2,1
2894,10597,ctx_brand > retarget > retarget > retarget,4,1
2895,1693,influencer > ctx_brand > social,3,1
2896,39200,ctx_category > retarget,2,1
2897,35224,social > retarget,2,1
2898,27444,retarget > retarget > ctx_brand > ctx_brand > retarget,5,1
2899,6519,retarget > retarget,2,1
2900,21666,ctx_brand > retarget > retarget,3,1
2901,31245,retarget > ctx_brand > social > retarget,4,1
2902,32576,ctx_category > social > retarget,3,1
2903,10489,ctx_category > ctx_category > retarget,3,1
2904,25503,ctx_category > ctx_brand > retarget,3,1
2905,24368,ctx_brand > ctx_brand > influencer > cpa > retarget > retarget,6,1
2906,23165,influencer > ctx_brand > retarget,3,1
2907,3161,ctx_category > influencer > influencer > ctx_category > retarget > influencer > retarget,7,1
2908,7905,social > retarget > retarget,3,1
2909,3578,cpa > retarget > ctx_brand > retarget,4,1
2910,33985,ctx_brand > cpa > influencer > retarget,4,1
2911,5414,influencer > influencer > ctx_brand > retarget,4,1
2912,4817,influencer > retarget > ctx_brand > retarget,4,1
2913,37583,influencer > cpa > ctx_category > ctx_category > ctx_brand > cpa > retarget,7,1
2914,14684,ctx_category > influencer > retarget,3,1
2915,32124,influencer > organic,2,1
2916,17674,cpa > cpa > social > retarget,4,1
2917,11363,influencer > ctx_brand > cpa > cpa > retarget,5,1
2918,14192,ctx_brand > cpa > influencer > cpa > retarget,5,1
2919,8640,retarget > ctx_brand > ctx_category > retarget,4,1
2920,7590,influencer > ctx_category > retarget,3,1
2921,20687,influencer > influencer > retarget,3,1
2922,34703,ctx_category > ctx_brand > retarget,3,1
2923,3790,influencer > social > retarget > retarget,4,1
2924,24181,cpa > retarget,2,1
2925,36099,ctx_category > retarget,2,1
2926,12953,influencer > cpa > ctx_brand > ctx_brand > retarget,5,1
2927,10829,social > social > ctx_category > retarget,4,1
2928,11357,influencer > ctx_category > retarget > retarget > retarget,5,1
2929,8050,ctx_brand > cpa > retarget > social > retarget,5,1
2930,36984,ctx_brand > ctx_brand > retarget,3,1
2931,29823,cpa > social > influencer > ctx_category > ctx_category > retarget,6,1
2932,7763,retarget > retarget,2,1
2933,13430,ctx_brand > retarget > retarget,3,1
2934,905,ctx_category,1,1
2935,17113,ctx_category > cpa > ctx_category > retarget > retarget,5,1
2936,29520,influencer > ctx_brand > ctx_category > ctx_brand > cpa,5,1
2937,36529,influencer > influencer > ctx_brand > ctx_brand > cpa,5,1
2938,25172,influencer > ctx_category > retarget,3,1
2939,11493,ctx_brand > ctx_brand > retarget,3,1
2940,15746,retarget > ctx_category > cpa > retarget,4,1
2941,33408,retarget > retarget > retarget,3,1
2942,823,organic > retarget,2,1
2943,32448,cpa > retarget > social > retarget > retarget,5,1
2944,10334,ctx_brand > ctx_category > influencer > influencer > retarget,5,1
2945,11765,retarget > social > cpa > ctx_brand > social > ctx_category > retarget,7,1
2946,26434,social > social > ctx_category > retarget,4,1
2947,29944,retarget > cpa > ctx_category > social > retarget,5,1
2948,11030,influencer > cpa > cpa > social > ctx_brand > retarget,6,1
2949,13316,influencer > ctx_brand > ctx_category > retarget,4,1
2950,35654,ctx_category > social > retarget,3,1
2951,20081,influencer > cpa > ctx_brand > ctx_brand > retarget,5,1
2952,16284,organic > retarget,2,1
2953,6539,ctx_brand > ctx_category > ctx_brand > social > influencer > retarget,6,1
2954,23876,influencer > retarget > retarget,3,1
2955,1240,social > ctx_brand > ctx_category > retarget,4,1
2956,38664,cpa > retarget,2,1
2957,9974,retarget > ctx_category > retarget,3,1
2958,34715,influencer > influencer > influencer > retarget > retarget > retarget,6,1
2959,33280,cpa > cpa > retarget,3,1
2960,22610,cpa > ctx_brand > retarget,3,1
2961,16839,cpa > social > retarget > social > retarget,5,1
2962,4621,ctx_brand > retarget > retarget,3,1
2963,15457,social > retarget > ctx_category > ctx_category > ctx_category,5,1
2964,23328,influencer > organic > retarget,3,1
2965,8093,retarget > retarget,2,1
2966,34987,ctx_brand,1,1
2967,17538,ctx_brand > social > cpa > retarget > ctx_category > retarget,6,1
2968,7972,organic > retarget,2,1
2969,33553,influencer > influencer > retarget > retarget,4,1
2970,14860,cpa > ctx_brand > influencer > retarget > social > retarget,6,1
2971,21887,cpa > ctx_category > social > influencer > retarget,5,1
2972,32887,influencer > cpa > retarget > ctx_brand > ctx_brand,5,1
2973,3847,influencer > organic > retarget,3,1
2974,37080,ctx_brand > retarget,2,1
2975,23134,influencer > social > retarget > ctx_brand > retarget > retarget,6,1
2976,27346,retarget > ctx_brand > retarget > retarget,4,1
2977,7297,influencer > cpa,2,1
2978,1292,social > social > retarget,3,1
2979,12963,influencer > influencer > influencer > retarget,4,1
2980,8305,influencer > ctx_category > ctx_brand > ctx_brand > social > retarget > retarget,7,1
2981,17632,ctx_brand > influencer > retarget,3,1
2982,7315,influencer > cpa > ctx_category > retarget,4,1
2983,11401,influencer > cpa > influencer > retarget > retarget,5,1
2984,29059,social > retarget > social > retarget,4,1
2985,30995,influencer > retarget > ctx_category > influencer,4,1
2986,25660,influencer > retarget,2,1
2987,16958,influencer > ctx_brand > retarget,3,1
2988,2084,retarget > retarget > cpa > retarget,4,1
2989,5994,ctx_category > retarget > retarget,3,1
2990,16713,cpa > ctx_brand > ctx_category > retarget,4,1
2991,8208,ctx_brand > cpa > retarget,3,1
2992,20505,cpa > retarget > influencer > retarget,4,1
2993,9558,cpa > cpa > retarget,3,1
2994,17045,influencer > retarget > ctx_category > retarget,4,1
2995,10182,retarget > ctx_brand > ctx_category > retarget,4,1
2996,39512,influencer > retarget > influencer > retarget > retarget,5,1
2997,8393,influencer > retarget,2,1
2998,4185,influencer > influencer > retarget > ctx_category > ctx_brand > retarget,6,1
2999,25482,ctx_brand > ctx_brand > retarget,3,1
3000,16115,retarget > retarget,2,1
3001,15563,influencer > influencer > social > influencer > retarget > retarget,6,1
3002,29164,influencer > cpa > ctx_brand > retarget > retarget,5,1
3003,38613,ctx_brand > retarget,2,1
3004,22693,influencer > retarget > ctx_category > retarget > retarget,5,1
3005,31211,cpa > social > ctx_category > retarget,4,1
3006,3027,ctx_brand > retarget,2,1
3007,34112,influencer,1,1
3008,8540,retarget > cpa,2,1
3009,23207,retarget > ctx_category > social > cpa > retarget,5,1
3010,333,influencer > influencer > ctx_brand > retarget,4,1
3011,4969,organic > retarget,2,1
3012,27667,retarget,1,1
3013,21310,ctx_category > ctx_category > retarget,3,1
3014,6138,ctx_brand > retarget > retarget,3,1
3015,10140,influencer > ctx_brand > social > ctx_category > retarget,5,1
3016,3061,influencer > influencer > retarget,3,1
3017,16790,influencer > influencer > retarget,3,1
3018,21645,influencer > cpa > retarget,3,1
3019,9069,social > influencer > ctx_brand > ctx_brand > retarget,5,1
3020,35634,influencer > cpa > ctx_brand > cpa > retarget,5,1
3021,37371,ctx_brand > ctx_brand > retarget,3,1
3022,10637,influencer > social > ctx_category > retarget,4,1
3023,19372,social > social > retarget,3,1
3024,6275,influencer > retarget > ctx_category > ctx_category > ctx_brand > retarget,6,1
3025,25285,cpa > retarget,2,1
3026,11714,cpa > ctx_category > retarget,3,1
3027,14458,influencer > retarget > ctx_category > retarget > retarget,5,1
3028,20677,ctx_brand > retarget,2,1
3029,38092,influencer > cpa > retarget,3,1
3030,39658,cpa > social > ctx_brand > cpa > ctx_category > retarget,6,1
3031,29002,ctx_category > ctx_brand > retarget,3,1
3032,11761,influencer > influencer > retarget,3,1
3033,10104,ctx_category,1,1
3034,24281,influencer > ctx_brand > retarget,3,1
3035,11424,social > retarget,2,1
3036,2733,influencer > cpa > retarget,3,1
3037,22095,social > retarget > social > retarget,4,1
3038,8871,ctx_brand > retarget,2,1
3039,9144,influencer > cpa > social > social > cpa > retarget,6,1
3040,19783,ctx_category > retarget > ctx_category,3,1
3041,12262,influencer > retarget > ctx_category > ctx_brand > retarget,5,1
3042,10363,influencer > ctx_category > ctx_brand > ctx_category > retarget > social > retarget,7,1
3043,15515,influencer > ctx_category > retarget,3,1
3044,15007,social > cpa,2,1
3045,33346,ctx_brand > ctx_category > cpa > social > retarget,5,1
3046,38038,ctx_category > ctx_category > influencer,3,1
3047,19022,retarget > ctx_brand > retarget,3,1
3048,15895,cpa > retarget > retarget,3,1
3049,19608,ctx_category > retarget > retarget,3,1
3050,20926,retarget > social > ctx_brand > retarget,4,1
3051,35730,ctx_category > cpa > cpa > retarget,4,1
3052,24435,cpa > cpa > retarget > retarget,4,1
3053,17431,ctx_brand > ctx_category > ctx_category > social > retarget,5,1
3054,36651,ctx_category > cpa > ctx_category > retarget,4,1
3055,30820,ctx_brand > retarget > cpa > retarget,4,1
3056,4289,influencer > influencer > cpa > ctx_brand > cpa > retarget,6,1
3057,35207,influencer > social > ctx_category > retarget,4,1
3058,8405,social > retarget > ctx_brand > influencer > influencer > retarget,6,1
3059,8169,influencer > ctx_brand > ctx_category > cpa > retarget,5,1
3060,10831,ctx_brand > influencer > cpa > ctx_category > ctx_category > retarget,6,1
3061,13940,influencer > retarget > cpa > retarget > cpa,5,1
3062,26917,influencer > social > influencer > cpa > retarget,5,1
3063,10424,social > retarget,2,1
3064,24381,influencer > ctx_category > influencer > retarget,4,1
3065,27792,influencer > cpa > ctx_category > retarget,4,1
3066,5947,influencer > cpa > ctx_brand,3,1
3067,705,ctx_brand > ctx_category > retarget > retarget > retarget > cpa > retarget,7,1
3068,30178,retarget > retarget,2,1
3069,7883,influencer > ctx_category > retarget > ctx_category > social > retarget,6,1
3070,38081,ctx_category > influencer > social > retarget,4,1
3071,19245,ctx_category > ctx_category > retarget > retarget,4,1
3072,29838,retarget > retarget > social > retarget,4,1
3073,26640,cpa > social > cpa > social > retarget,5,1
3074,20728,retarget,1,1
3075,33427,ctx_category > retarget > retarget,3,1
3076,29851,ctx_category > cpa > retarget > retarget,4,1
3077,6963,retarget > cpa > retarget,3,1
3078,21523,ctx_category > cpa > ctx_category > cpa > retarget,5,1
3079,14648,influencer > social > retarget > retarget > retarget,5,1
3080,36511,social > ctx_brand > influencer > retarget,4,1
3081,29565,cpa > retarget > retarget,3,1
3082,18548,ctx_category > ctx_category > influencer > ctx_brand > retarget > retarget,6,1
3083,39742,influencer > ctx_brand > ctx_brand > ctx_category > retarget,5,1
3084,24879,retarget > influencer > retarget,3,1
3085,3073,ctx_brand > retarget > ctx_category > cpa > retarget,5,1
3086,9339,influencer > retarget,2,1
3087,37942,cpa > retarget,2,1
3088,16539,ctx_brand > retarget > ctx_brand > retarget,4,1
3089,19118,ctx_category > retarget > influencer > retarget,4,1
3090,12946,social > social,2,1
3091,15987,ctx_category > ctx_brand > retarget,3,1
3092,18903,ctx_brand > ctx_brand > retarget > retarget,4,1
3093,3020,social > influencer > ctx_category > retarget,4,1
3094,260,influencer > influencer > retarget,3,1
3095,22068,influencer > ctx_brand > cpa > ctx_brand > retarget,5,1
3096,23575,ctx_category > retarget,2,1
3097,7640,ctx_category > retarget,2,1
3098,17988,ctx_category > retarget,2,1
3099,1307,influencer > ctx_category > ctx_category > retarget,4,1
3100,38878,influencer > retarget > retarget,3,1
3101,37725,ctx_category > ctx_brand,2,1
3102,14325,organic > retarget,2,1
3103,6856,influencer > ctx_brand > social > cpa > cpa > retarget,6,1
3104,28399,ctx_category > retarget > retarget,3,1
3105,20085,retarget > retarget > ctx_category > retarget,4,1
3106,17339,ctx_brand > ctx_category > retarget,3,1
3107,39679,ctx_brand > retarget > retarget,3,1
3108,17300,retarget > ctx_category > retarget,3,1
3109,21504,influencer > ctx_category > retarget,3,1
3110,1734,influencer > influencer > ctx_brand > cpa > retarget > retarget,6,1
3111,27941,influencer > influencer > cpa > influencer > retarget,5,1
3112,13643,retarget > ctx_brand > retarget > retarget > retarget,5,1
3113,28603,cpa > ctx_brand > retarget,3,1
3114,24945,influencer > social > ctx_category > retarget,4,1
3115,17506,ctx_category > retarget,2,1
3116,12964,social > ctx_category > cpa > retarget,4,1
3117,3204,influencer > retarget > retarget,3,1
3118,12903,influencer > ctx_brand > ctx_category > ctx_category > influencer > retarget,6,1
3119,27402,ctx_brand > social > ctx_category > ctx_category > retarget,5,1
3120,30751,social > retarget,2,1
3121,5695,influencer > retarget > retarget > social > retarget,5,1
3122,35479,ctx_brand > ctx_category > cpa > retarget,4,1
3123,15498,ctx_brand > cpa > ctx_brand > retarget,4,1
3124,25221,influencer > social > cpa,3,1
3125,16049,cpa > ctx_brand > retarget,3,1
3126,10404,ctx_category > ctx_category > social > retarget,4,1
3127,37321,retarget > ctx_category > social > ctx_category > retarget > retarget,6,1
3128,39680,retarget > ctx_category > retarget,3,1
3129,22020,retarget > ctx_category,2,1
3130,17046,cpa > ctx_brand > retarget > retarget,4,1
3131,4044,cpa > cpa > retarget,3,1
3132,15229,ctx_brand > ctx_category > ctx_category > ctx_brand > ctx_category > influencer > retarget,7,1
3133,39468,influencer > ctx_category > retarget > retarget,4,1
3134,27453,cpa > ctx_category > retarget,3,1
3135,37678,influencer > influencer > social > social > retarget,5,1
3136,18189,ctx_category > retarget,2,1
3137,37823,ctx_brand > ctx_category > retarget,3,1
3138,33396,retarget > influencer > cpa > influencer > retarget,5,1
3139,23669,ctx_category > influencer > ctx_category > social,4,1
3140,29544,retarget > retarget,2,1
3141,24794,ctx_brand > ctx_category > retarget,3,1
3142,30163,ctx_category > retarget,2,1
3143,285,influencer > ctx_brand,2,1
3144,22135,ctx_category > ctx_brand > retarget,3,1
3145,18504,ctx_category > retarget,2,1
3146,22555,cpa > retarget,2,1
3147,28204,influencer > social > social > retarget > cpa,5,1
3148,34438,cpa > influencer > ctx_brand > influencer > ctx_category > retarget,6,1
3149,4144,cpa > cpa > social > influencer > retarget,5,1
3150,38319,influencer > social > retarget,3,1
3151,38129,ctx_category > retarget,2,1
3152,1165,ctx_category > retarget,2,1
3153,36080,cpa > retarget > retarget > influencer > retarget,5,1
3154,38510,organic > retarget,2,1
3155,494,influencer > influencer > social > cpa > retarget,5,1
3156,7638,influencer > ctx_brand > cpa > retarget,4,1
3157,39564,organic > retarget,2,1
3158,12001,influencer > ctx_brand > retarget,3,1
3159,7695,organic > retarget,2,1
3160,30990,ctx_category > retarget > retarget,3,1
3161,10719,influencer > ctx_brand > ctx_category > cpa > retarget,5,1
3162,34541,organic > retarget,2,1
3163,36450,retarget > retarget,2,1
3164,4598,influencer > ctx_brand > retarget > ctx_category > cpa > retarget,6,1
3165,26583,ctx_brand > influencer > retarget,3,1
3166,36046,ctx_brand > social > retarget,3,1
3167,35493,influencer > ctx_brand > ctx_category > social > retarget,5,1
3168,25723,ctx_brand > retarget,2,1
3169,9427,influencer > social > retarget,3,1
3170,15325,organic > retarget,2,1
3171,15142,influencer > cpa > retarget,3,1
3172,17319,retarget > social > influencer > retarget,4,1
3173,23747,social > ctx_category > ctx_category > ctx_brand > retarget,5,1
3174,12949,social > cpa > ctx_brand > social > ctx_category > retarget,6,1
3175,36472,cpa > ctx_brand > cpa > cpa > retarget,5,1
3176,15137,cpa > social,2,1
3177,717,ctx_category > retarget > influencer > retarget,4,1
3178,6253,social > cpa > ctx_category > influencer,4,1
3179,37144,influencer > retarget > influencer > retarget > retarget,5,1
3180,24095,influencer > ctx_category,2,1
3181,13773,retarget > ctx_brand > retarget,3,1
3182,5170,cpa > retarget,2,1
3183,6517,influencer > ctx_category > social > retarget,4,1
3184,25849,influencer > cpa > retarget,3,1
3185,29161,influencer > cpa > cpa > social > cpa > retarget,6,1
3186,8523,social > influencer > retarget,3,1
3187,346,influencer > ctx_brand > social > retarget > ctx_category > retarget,6,1
3188,25639,retarget > ctx_brand > ctx_category > social > retarget,5,1
3189,29339,influencer > ctx_brand > ctx_category > cpa > ctx_brand > cpa > influencer > retarget,8,1
3190,34653,cpa > ctx_category,2,1
3191,1533,influencer > ctx_category > ctx_brand > retarget,4,1
3192,39860,social > influencer > social > retarget,4,1
3193,34655,retarget > ctx_category > retarget,3,1
3194,25535,ctx_category > ctx_category > influencer > retarget,4,1
3195,28814,influencer > organic > retarget,3,1
3196,31053,cpa > influencer,2,1
3197,9242,influencer > cpa > cpa,3,1
3198,35641,retarget > social > retarget,3,1
3199,8358,influencer > cpa > ctx_category > retarget,4,1
3200,3899,retarget > retarget,2,1
3201,38789,ctx_brand > ctx_category,2,1
3202,5342,influencer > retarget > retarget,3,1
3203,9118,ctx_category > social > ctx_category > influencer > retarget,5,1
3204,28973,ctx_brand > social > retarget,3,1
3205,36779,ctx_brand > ctx_category > retarget,3,1
3206,36319,cpa > influencer > influencer > ctx_brand > retarget,5,1
3207,4815,ctx_brand > ctx_brand > ctx_brand > ctx_brand > retarget,5,1
3208,26291,retarget > ctx_category > influencer > ctx_category > retarget,5,1
3209,10367,organic > retarget,2,1
3210,31925,organic > retarget,2,1
3211,21338,ctx_category > cpa > retarget,3,1
3212,27791,retarget > ctx_category > ctx_brand > retarget,4,1
3213,7473,influencer > ctx_category > cpa > influencer > ctx_category > retarget,6,1
3214,3989,cpa > cpa > retarget > ctx_brand,4,1
3215,5364,influencer > cpa > social > retarget,4,1
3216,38884,retarget > cpa > cpa,3,1
3217,29420,influencer > retarget,2,1
3218,24956,influencer > organic > retarget,3,1
3219,5689,cpa > ctx_category > retarget,3,1
3220,15029,cpa > retarget,2,1
3221,34149,social > ctx_category > retarget,3,1
3222,19097,organic > retarget,2,1
3223,39700,influencer > influencer > ctx_brand > ctx_category > retarget,5,1
3224,34190,retarget > influencer > retarget,3,1
3225,20691,cpa > ctx_category > retarget > retarget,4,1
3226,2508,retarget > retarget > cpa > retarget > retarget,5,1
3227,9735,ctx_brand > social > cpa > retarget,4,1
3228,18887,influencer > ctx_category > ctx_brand > retarget,4,1
3229,11598,retarget > retarget > retarget,3,1
3230,24723,cpa > retarget,2,1
3231,31384,ctx_category > retarget > retarget,3,1
3232,12906,retarget > ctx_brand > retarget > retarget,4,1
3233,16278,influencer > ctx_category > cpa > retarget,4,1
3234,418,influencer > influencer > retarget > retarget,4,1
3235,3614,cpa > retarget,2,1
3236,18590,ctx_brand > ctx_brand > retarget,3,1
3237,16561,retarget > ctx_brand > retarget > cpa,4,1
3238,23852,ctx_category > retarget > cpa > retarget,4,1
3239,30213,influencer > retarget > ctx_brand > social > retarget,5,1
3240,12695,retarget > retarget,2,1
3241,10102,influencer > ctx_category > ctx_category > ctx_brand > influencer > retarget,6,1
3242,12446,cpa > ctx_brand,2,1
3243,25190,influencer > influencer,2,1
3244,30444,social > influencer > ctx_category > retarget,4,1
3245,24728,influencer > retarget > ctx_brand > retarget,4,1
3246,16415,ctx_category > retarget > influencer > influencer > social > ctx_brand > retarget,7,1
3247,18848,cpa > retarget,2,1
3248,21820,influencer > influencer > ctx_category > cpa > retarget,5,1
3249,1592,ctx_category > ctx_category > cpa,3,1
3250,23276,influencer > cpa > cpa > retarget > retarget,5,1
3251,18108,social > retarget > ctx_brand > cpa,4,1
3252,29005,cpa > retarget > ctx_brand > ctx_category > retarget,5,1
3253,7352,influencer > organic > retarget,3,1
3254,8684,retarget > ctx_brand > cpa,3,1
3255,8628,organic > retarget,2,1
3256,34349,ctx_category > ctx_brand > retarget,3,1
3257,18440,ctx_category > social,2,1
3258,820,social > ctx_brand > retarget,3,1
3259,13786,influencer > retarget > retarget,3,1
3260,29772,cpa > retarget > cpa > influencer > ctx_category > retarget > retarget,7,1
3261,37711,influencer > social > retarget > social > retarget > retarget > retarget > ctx_category > retarget,9,1
3262,1968,influencer > retarget > ctx_brand > cpa > retarget,5,1
3263,4650,ctx_category > ctx_category > retarget,3,1
3264,2869,ctx_brand > retarget > retarget,3,1
3265,2661,cpa > retarget > retarget,3,1
3266,22779,retarget,1,1
3267,15558,ctx_brand > retarget,2,1
3268,31364,cpa > retarget > ctx_brand > retarget,4,1
3269,7067,ctx_brand > retarget,2,1
3270,35105,influencer > social > cpa > ctx_brand > retarget,5,1
3271,38230,social > influencer > retarget,3,1
3272,13233,cpa > retarget,2,1
3273,39911,ctx_brand > ctx_brand > ctx_category > influencer,4,1
3274,7532,cpa > ctx_brand > retarget,3,1
3275,8733,influencer > ctx_brand > retarget > retarget,4,1
3276,21585,influencer > influencer,2,1
3277,30530,influencer > retarget > social > influencer > retarget,5,1
3278,22212,influencer > ctx_category > ctx_category > ctx_category > social > retarget,6,1
3279,35408,influencer > influencer > retarget > retarget,4,1
3280,35586,ctx_category > ctx_category > cpa > social > retarget,5,1
3281,9287,influencer > retarget > cpa > influencer > retarget,5,1
3282,21227,retarget > retarget > social > retarget,4,1
3283,18304,influencer > social > cpa > ctx_brand > retarget,5,1
3284,19560,ctx_category > retarget,2,1
3285,19801,ctx_brand > ctx_brand > retarget,3,1
3286,5248,ctx_brand,1,1
3287,5598,ctx_brand > ctx_brand > cpa > retarget,4,1
3288,31486,retarget > influencer > retarget,3,1
3289,10826,cpa > cpa > social > ctx_category > retarget,5,1
3290,15299,influencer > cpa > influencer > retarget > retarget,5,1
3291,3948,influencer > cpa > retarget > ctx_category > retarget,5,1
3292,16105,ctx_brand > retarget,2,1
3293,2109,influencer > retarget,2,1
3294,36313,organic > retarget,2,1
3295,993,influencer > ctx_category > retarget,3,1
3296,29843,influencer > cpa > ctx_brand > retarget,4,1
3297,30749,retarget > social > cpa > ctx_brand > cpa > ctx_brand > retarget,7,1
3298,34327,ctx_category > retarget,2,1
3299,31898,ctx_category > cpa > retarget,3,1
3300,10644,retarget > cpa > influencer > retarget,4,1
3301,28570,ctx_brand > retarget > influencer > social > retarget,5,1
3302,7886,influencer > ctx_category > retarget > retarget > retarget,5,1
3303,2598,ctx_brand > influencer > retarget > ctx_category > cpa > retarget,6,1
3304,28884,ctx_brand > cpa > ctx_category > influencer > retarget,5,1
3305,1836,retarget > retarget,2,1
3306,18317,retarget > retarget > influencer > cpa > retarget,5,1
3307,35179,retarget > cpa,2,1
3308,5050,ctx_category > retarget,2,1
3309,23610,ctx_brand > social > cpa > retarget,4,1
3310,23524,influencer > ctx_brand > cpa > retarget > ctx_category > retarget,6,1
3311,8462,influencer > cpa > cpa > retarget,4,1
3312,20967,ctx_brand > social > retarget,3,1
3313,15996,influencer > ctx_category > retarget,3,1
3314,1402,retarget > social,2,1
3315,33675,influencer > cpa > ctx_brand > retarget,4,1
3316,37754,ctx_brand > social > cpa,3,1
3317,7592,ctx_brand > social > influencer > retarget,4,1
3318,16283,cpa > social > retarget > retarget,4,1
3319,29790,ctx_category,1,1
3320,27686,ctx_category > social > retarget,3,1
3321,39589,influencer > retarget > ctx_brand > retarget > retarget,5,1
3322,28824,ctx_category > ctx_brand > retarget,3,1
3323,33332,cpa > ctx_category > ctx_brand > retarget,4,1
3324,7936,ctx_category > influencer > influencer > retarget,4,1
3325,3756,organic > retarget,2,1
3326,32599,ctx_brand > social > retarget,3,1
3327,36894,organic,1,1
3328,4421,retarget > cpa > retarget,3,1
3329,2043,influencer > influencer > ctx_category > retarget,4,1
3330,2716,influencer > ctx_brand > influencer > influencer > influencer > influencer,6,1
3331,12335,influencer > influencer > cpa > influencer > retarget > retarget > cpa > retarget,8,1
3332,23311,cpa > retarget > retarget,3,1
3333,21719,cpa > retarget > ctx_brand > retarget,4,1
3334,13456,influencer > influencer > retarget > influencer > influencer > retarget,6,1
3335,24595,influencer > ctx_category > retarget,3,1
3336,15870,ctx_category > ctx_brand > social > ctx_brand > cpa > influencer > retarget,7,1
3337,15627,retarget > social > ctx_category > retarget,4,1
3338,28856,ctx_brand > retarget > influencer > retarget,4,1
3339,31463,social,1,1
3340,39973,influencer > retarget > retarget,3,1
3341,18231,influencer > ctx_category > ctx_brand > retarget,4,1
3342,25792,cpa,1,1
3343,25464,influencer > retarget > cpa > cpa > retarget,5,1
3344,22833,cpa > cpa > retarget,3,1
3345,33143,influencer > social > ctx_brand > retarget,4,1
3346,19234,ctx_category > ctx_brand > ctx_brand,3,1
3347,2569,retarget > cpa > retarget,3,1
3348,9521,organic > retarget,2,1
3349,19077,influencer > ctx_category > retarget,3,1
3350,3702,ctx_category > ctx_category > retarget,3,1
3351,29905,influencer > organic > retarget,3,1
3352,26425,ctx_category > ctx_brand,2,1
3353,329,influencer > ctx_category > retarget > influencer > retarget,5,1
3354,17133,influencer > cpa > ctx_category > retarget,4,1
3355,34566,influencer > retarget,2,1
3356,27335,retarget > ctx_category > retarget,3,1
3357,8525,influencer > cpa > cpa > retarget,4,1
3358,36983,influencer > retarget > ctx_category > ctx_brand > retarget > retarget,6,1
3359,15749,cpa > cpa > retarget,3,1
3360,20868,influencer > influencer > retarget > retarget,4,1
3361,1002,retarget > ctx_category > retarget,3,1
3362,8088,ctx_category > retarget,2,1
3363,18372,social > retarget,2,1
3364,27088,retarget > ctx_category > social,3,1
3365,8529,influencer > retarget,2,1
3366,1668,ctx_category > ctx_brand > cpa > retarget > ctx_category > cpa > retarget,7,1
3367,29412,social > retarget,2,1
3368,18796,influencer > retarget,2,1
3369,32179,ctx_brand > cpa > influencer > retarget > retarget,5,1
3370,38051,ctx_category > influencer > retarget,3,1
3371,20403,influencer > retarget > ctx_category > ctx_category > social,5,1
3372,39486,retarget > influencer > cpa > cpa,4,1
3373,6468,influencer > social > retarget,3,1
3374,18870,retarget > social > ctx_category > ctx_category > retarget,5,1
3375,12755,influencer > influencer > ctx_brand > retarget,4,1
3376,9492,cpa > retarget > retarget,3,1
3377,31906,retarget > social > retarget,3,1
3378,15648,influencer > ctx_category > ctx_brand > social > retarget > retarget,6,1
3379,270,ctx_brand > cpa > influencer > ctx_brand > social,5,1
3380,4389,influencer > retarget > retarget > retarget > retarget,5,1
3381,163,influencer > ctx_category > ctx_category > ctx_category > retarget,5,1
3382,3972,influencer > ctx_brand > retarget,3,1
3383,339,cpa > ctx_brand > influencer > retarget,4,1
3384,11782,influencer > retarget,2,1
3385,3281,influencer > ctx_category > ctx_brand > retarget > influencer > retarget,6,1
3386,9978,retarget > ctx_category > retarget > retarget,4,1
3387,21542,ctx_category > ctx_category > retarget,3,1
3388,9136,influencer > social > influencer > retarget,4,1
3389,19799,cpa > ctx_category > retarget,3,1
3390,19843,retarget > social > cpa > influencer > retarget,5,1
3391,5494,ctx_category > cpa > retarget > retarget,4,1
3392,27489,ctx_category > retarget > ctx_category > retarget,4,1
3393,22630,influencer > organic > retarget,3,1
3394,9141,cpa > retarget > retarget,3,1
3395,19738,influencer > influencer > social > social > ctx_category > retarget,6,1
3396,909,ctx_category > influencer > retarget,3,1
3397,4955,ctx_brand > retarget > retarget,3,1
3398,131,influencer > retarget,2,1
3399,11391,influencer > retarget > ctx_brand > ctx_category > ctx_category > retarget,6,1
3400,2854,influencer > ctx_brand > retarget,3,1
3401,35756,cpa > ctx_brand > retarget,3,1
3402,8867,retarget > retarget > cpa > social > retarget,5,1
3403,6541,influencer > ctx_brand > ctx_brand > influencer > retarget,5,1
3404,25789,influencer > retarget > ctx_category > retarget,4,1
3405,2130,ctx_brand > ctx_category > influencer > retarget,4,1
3406,16705,social > cpa > retarget > retarget,4,1
3407,24514,ctx_category > retarget > retarget,3,1
3408,11524,cpa > social > retarget > retarget,4,1
3409,20581,cpa > influencer > retarget,3,1
3410,27806,influencer > influencer > cpa > cpa > influencer > retarget,6,1
3411,14401,ctx_category > retarget > retarget,3,1
3412,10759,ctx_brand > ctx_brand > retarget,3,1
3413,5612,social > ctx_category > cpa > retarget > ctx_brand > ctx_brand > social > retarget,8,1
3414,37961,influencer > cpa > ctx_brand > retarget > ctx_category > cpa > retarget,7,1
3415,30408,ctx_category > ctx_category > cpa > retarget,4,1
3416,232,influencer > retarget > ctx_category > retarget > retarget,5,1
3417,24489,ctx_category > influencer > cpa > retarget > retarget,5,1
3418,17961,retarget > retarget,2,1
3419,27494,influencer > ctx_brand > retarget,3,1
3420,1526,ctx_brand > retarget,2,1
3421,1226,influencer > retarget > social > ctx_category > retarget,5,1
3422,7864,cpa > cpa > ctx_brand > retarget > retarget,5,1
3423,11447,ctx_brand > retarget > ctx_category,3,1
3424,37474,influencer > ctx_category > cpa > cpa > retarget > retarget > retarget > retarget,8,1
3425,36311,social > retarget > ctx_brand > retarget,4,1
3426,24235,ctx_category > ctx_brand > cpa > retarget,4,1
3427,676,retarget,1,1
3428,17893,ctx_category > retarget > influencer > ctx_brand > retarget,5,1
3429,10211,cpa > ctx_category > retarget,3,1
3430,35659,organic,1,1
3431,28299,influencer > retarget > cpa > ctx_brand > ctx_category > ctx_category > retarget,7,1
3432,39107,influencer > influencer > retarget > ctx_category > retarget,5,1
3433,12442,influencer > ctx_brand > ctx_category,3,1
3434,25756,retarget > retarget,2,1
3435,10355,influencer > organic > retarget,3,1
3436,39451,influencer > retarget > ctx_category > ctx_category > influencer,5,1
3437,29648,influencer > retarget,2,1
3438,5007,retarget > ctx_category > ctx_category > ctx_category > retarget,5,1
3439,30428,ctx_brand > ctx_category > ctx_category > retarget,4,1
3440,10746,retarget > cpa > retarget > retarget,4,1
3441,6318,ctx_category > retarget,2,1
3442,21935,ctx_category > retarget,2,1
3443,2761,retarget > ctx_category > retarget,3,1
3444,11474,influencer > cpa > ctx_brand > retarget,4,1
3445,27705,influencer > cpa > ctx_category > retarget,4,1
3446,32740,retarget > retarget > cpa > retarget > ctx_brand > social > retarget,7,1
3447,16133,influencer > retarget > ctx_category > ctx_category > ctx_brand > retarget,6,1
3448,26337,influencer > ctx_brand > cpa > ctx_category > retarget,5,1
3449,2614,cpa > retarget > retarget,3,1
3450,11155,influencer > retarget > retarget,3,1
3451,38518,influencer > cpa > ctx_category > retarget > retarget > retarget,6,1
3452,14182,influencer > ctx_brand > influencer > social > social > ctx_brand > retarget,7,1
3453,34103,ctx_category > social > retarget,3,1
3454,38046,influencer > retarget > cpa > cpa,4,1
3455,39525,retarget > ctx_category > ctx_category > ctx_brand > ctx_category > ctx_brand > retarget,7,1
3456,12967,influencer > ctx_category > retarget,3,1
3457,38332,ctx_brand > retarget > social > social > retarget,5,1
3458,11787,organic > retarget,2,1
3459,29376,cpa > ctx_brand > retarget,3,1
3460,38215,influencer > ctx_brand > ctx_brand > retarget,4,1
3461,35876,ctx_brand > retarget,2,1
3462,6972,influencer > retarget > ctx_category > ctx_category > retarget > retarget > retarget,7,1
3463,39350,cpa > ctx_brand > ctx_category > cpa > retarget,5,1
3464,22713,influencer > ctx_category > retarget,3,1
3465,16783,ctx_category,1,1
3466,12882,cpa > retarget > retarget,3,1
3467,18970,influencer > retarget > retarget > retarget,4,1
3468,25734,influencer > ctx_category > social > retarget > ctx_brand > influencer > retarget,7,1
3469,21412,cpa > ctx_brand > retarget > retarget > retarget,5,1
3470,29206,ctx_category > ctx_category > ctx_brand,3,1
3471,30548,influencer > retarget > ctx_brand > retarget,4,1
3472,38704,retarget > ctx_category,2,1
3473,22577,influencer > ctx_brand > retarget > retarget,4,1
3474,8520,influencer > ctx_category > ctx_brand > ctx_category > ctx_brand > cpa > retarget,7,1
3475,8453,ctx_category > retarget > ctx_category > retarget,4,1
3476,3074,organic > retarget,2,1
3477,33460,influencer > social > ctx_category > ctx_category > ctx_brand > retarget,6,1
3478,16036,social > influencer > ctx_brand > retarget,4,1
3479,1622,ctx_brand > ctx_category > ctx_category > retarget,4,1
3480,35681,influencer > retarget > influencer > retarget,4,1
3481,4403,retarget > ctx_category > ctx_category > retarget,4,1
3482,35918,influencer > ctx_category > retarget,3,1
3483,20375,ctx_brand > retarget > retarget,3,1
3484,36052,retarget > retarget > retarget,3,1
3485,24729,ctx_brand > ctx_category > ctx_category > retarget,4,1
3486,19516,ctx_brand > retarget,2,1
3487,4482,organic,1,1
3488,29184,influencer > ctx_brand > ctx_category > cpa > ctx_brand,5,1
3489,10887,ctx_category > cpa > influencer > influencer > retarget,5,1
3490,22841,social > ctx_brand > retarget,3,1
3491,34716,ctx_brand > retarget,2,1
3492,39146,social > influencer > retarget,3,1
3493,12108,ctx_category > ctx_brand > retarget > ctx_brand > retarget,5,1
3494,14831,influencer > ctx_brand > social > ctx_category > retarget > ctx_brand > retarget,7,1
3495,23625,influencer > ctx_brand > retarget > ctx_brand > retarget,5,1
3496,14848,influencer > organic > retarget,3,1
3497,15121,ctx_category > social > influencer > ctx_category > cpa > retarget,6,1
3498,24558,influencer > cpa > retarget > retarget > retarget,5,1
3499,10256,retarget > cpa > cpa > cpa > ctx_category > retarget,6,1
3500,39607,retarget > ctx_brand > retarget,3,1
3501,24539,influencer > influencer > social > influencer > retarget,5,1
3502,1631,ctx_brand,1,1
3503,1612,ctx_brand > social > retarget > retarget,4,1
3504,13698,social > ctx_category > retarget > retarget,4,1
3505,30056,ctx_category > ctx_brand > retarget > retarget,4,1
3506,29460,ctx_brand > ctx_brand > retarget > ctx_category > retarget,5,1
3507,36345,social > influencer > retarget,3,1
3508,424,ctx_category > influencer > ctx_category > retarget > retarget,5,1
3509,22624,cpa > retarget > influencer > cpa > retarget,5,1
3510,6292,influencer > ctx_brand > ctx_brand > retarget,4,1
3511,28676,retarget > social > cpa,3,1
3512,5779,social > retarget > retarget,3,1
3513,11197,cpa > retarget,2,1
3514,24083,influencer > cpa > ctx_brand > retarget,4,1
3515,4999,influencer > ctx_category > retarget,3,1
3516,21956,influencer > ctx_brand > ctx_category > retarget,4,1
3517,31263,influencer > retarget > retarget > ctx_category > retarget,5,1
3518,411,ctx_category > cpa > ctx_category > ctx_brand > influencer > retarget,6,1
3519,5413,influencer > ctx_brand > retarget,3,1
3520,24930,cpa > retarget > retarget > influencer > influencer,5,1
3521,862,influencer > ctx_brand > influencer > ctx_category > social > retarget > retarget,7,1
3522,12585,ctx_category > social > social > ctx_category > retarget,5,1
3523,22418,cpa > retarget,2,1
3524,3111,ctx_category > ctx_category > retarget,3,1
3525,10896,influencer > influencer > cpa > influencer > retarget,5,1
3526,29487,influencer > retarget > retarget > retarget > retarget,5,1
3527,31482,influencer > influencer > ctx_category > retarget,4,1
3528,5337,influencer > ctx_category > cpa > ctx_category > ctx_brand > retarget,6,1
3529,14481,ctx_category > ctx_category > ctx_brand > retarget,4,1
3530,33783,influencer > social > ctx_brand > social > retarget > retarget,6,1
3531,733,influencer > influencer > ctx_category > retarget,4,1
3532,16873,influencer > retarget > cpa > influencer > ctx_brand > retarget,6,1
3533,34691,cpa > cpa > retarget,3,1
3534,9197,cpa > social > ctx_brand > retarget,4,1
3535,22291,influencer > social > social > retarget,4,1
3536,13577,ctx_brand > cpa > cpa > retarget,4,1
3537,23816,ctx_brand > ctx_category > cpa > retarget,4,1
3538,20041,ctx_category > retarget > retarget,3,1
3539,14343,retarget > ctx_brand > ctx_brand > ctx_category > ctx_brand > retarget,6,1
3540,32234,social > retarget > retarget,3,1
3541,11878,influencer > influencer > retarget,3,1
3542,4610,organic > retarget,2,1
3543,20578,ctx_category > ctx_category > ctx_category > ctx_category,4,1
3544,276,influencer > retarget > cpa > ctx_brand > retarget,5,1
3545,2023,influencer > retarget > retarget,3,1
3546,4518,influencer > ctx_brand > retarget,3,1
3547,36823,cpa > cpa > retarget > cpa > ctx_brand > retarget,6,1
3548,21506,influencer > retarget > retarget > retarget,4,1
3549,36402,cpa > retarget > retarget,3,1
3550,11768,influencer > social > retarget > retarget,4,1
3551,9932,influencer > ctx_category > retarget,3,1
3552,38712,retarget > ctx_brand > retarget,3,1
3553,29913,ctx_brand > ctx_category > retarget,3,1
3554,33198,retarget > social > social > retarget,4,1
3555,18373,influencer > ctx_category > ctx_category > retarget,4,1
3556,37790,cpa > retarget > social > retarget,4,1
3557,34731,ctx_category > cpa > retarget,3,1
3558,13885,influencer > organic > retarget,3,1
3559,3250,ctx_brand > retarget,2,1
3560,32377,social > social > ctx_category > influencer > retarget,5,1
3561,786,influencer > ctx_category > retarget > retarget,4,1
3562,38942,organic > retarget,2,1
3563,12670,retarget > ctx_brand > retarget,3,1
3564,39554,ctx_category > ctx_category > cpa,3,1
3565,26438,social > retarget,2,1
3566,11250,influencer > cpa > ctx_brand > ctx_category > retarget,5,1
3567,9703,cpa > retarget,2,1
3568,20613,ctx_category > cpa > retarget,3,1
3569,30537,influencer > organic,2,1
3570,34386,ctx_brand > ctx_brand > ctx_brand > ctx_brand > ctx_category > social > retarget,7,1
3571,37464,ctx_category > ctx_brand > influencer,3,1
3572,25917,ctx_brand > ctx_category > retarget,3,1
3573,20162,ctx_category > influencer > retarget,3,1
3574,31416,influencer > cpa > influencer > ctx_category > retarget,5,1
3575,21411,retarget > influencer > retarget,3,1
3576,29939,influencer > retarget,2,1
3577,10775,influencer > cpa > retarget,3,1
3578,10223,ctx_brand > retarget > retarget,3,1
3579,34498,influencer > influencer > retarget,3,1
3580,33581,ctx_brand > retarget,2,1
3581,31591,social > retarget,2,1
3582,37077,cpa > retarget,2,1
3583,755,influencer > retarget > ctx_category > ctx_brand > ctx_category > cpa > ctx_brand > retarget,8,1
3584,28983,influencer > social,2,1
3585,12019,retarget > retarget > influencer > retarget,4,1
3586,10071,cpa > ctx_brand > influencer > retarget,4,1
3587,25167,ctx_brand > cpa > retarget,3,1
3588,9419,ctx_category > influencer > retarget,3,1
3589,14838,influencer > ctx_brand > cpa > influencer > retarget,5,1
3590,27981,retarget > ctx_category > retarget > social > influencer > ctx_brand > retarget,7,1
3591,874,influencer > organic > retarget,3,1
3592,20242,organic > retarget,2,1
3593,27182,influencer > ctx_brand > retarget,3,1
3594,35680,influencer > cpa > ctx_category > ctx_brand > retarget,5,1
3595,9576,influencer > cpa > retarget,3,1
3596,34182,social > ctx_category > retarget,3,1
3597,4689,retarget > ctx_brand > retarget,3,1
3598,1595,influencer > retarget > influencer > retarget > ctx_category > retarget,6,1
3599,29405,influencer > retarget > retarget,3,1
3600,26205,influencer > ctx_brand > retarget,3,1
3601,7765,ctx_category > ctx_brand > cpa,3,1
3602,33811,retarget > social > ctx_category > retarget,4,1
3603,27064,ctx_category > ctx_brand > retarget,3,1
3604,24053,cpa > retarget,2,1
3605,19017,social > retarget,2,1
3606,4380,cpa > influencer > cpa > retarget > ctx_category > ctx_category > cpa > retarget,8,1
3607,981,social > retarget,2,1
3608,38698,cpa > cpa,2,1
3609,1580,influencer > ctx_brand > retarget,3,1
3610,25637,cpa,1,1
3611,36649,influencer > retarget > retarget,3,1
3612,22759,retarget > influencer > cpa,3,1
3613,35144,influencer > ctx_brand > ctx_category > cpa > ctx_brand > retarget,6,1
3614,2788,retarget > retarget,2,1
3615,5205,influencer > retarget,2,1
3616,2424,organic > retarget,2,1
3617,4508,organic > retarget,2,1
3618,9032,social > retarget,2,1
3619,39264,social > ctx_category > retarget,3,1
3620,17975,ctx_category > cpa > cpa > ctx_brand > retarget,5,1
3621,34094,ctx_brand > influencer > ctx_category > ctx_category,4,1
3622,12722,influencer > retarget > retarget,3,1
3623,32958,ctx_brand > retarget,2,1
3624,22174,retarget > social > ctx_brand > cpa > retarget,5,1
3625,39892,cpa > retarget,2,1
3626,11400,social > retarget > retarget,3,1
3627,10612,influencer > social > ctx_category > retarget,4,1
3628,21707,cpa > ctx_brand > retarget,3,1
3629,1208,influencer > retarget > retarget,3,1
3630,17951,ctx_category > social > retarget > retarget > retarget,5,1
3631,25161,organic > retarget,2,1
3632,21685,retarget > ctx_brand > retarget > ctx_category > retarget,5,1
3633,24506,retarget > retarget,2,1
3634,7782,social > ctx_brand > influencer > retarget,4,1
3635,27645,ctx_category > ctx_category > retarget,3,1
3636,37226,influencer > organic > retarget,3,1
3637,11372,influencer > retarget > ctx_category > retarget,4,1
3638,33456,influencer > retarget > ctx_brand > retarget,4,1
3639,21527,influencer > retarget > retarget > retarget > retarget,5,1
3640,15194,organic > retarget,2,1
3641,20273,influencer > retarget > ctx_category > retarget,4,1
3642,4827,cpa > ctx_category > retarget,3,1
3643,11336,ctx_brand > influencer > ctx_brand > social > retarget,5,1
3644,11367,ctx_brand > ctx_brand > retarget,3,1
3645,32959,influencer > retarget > ctx_category > ctx_brand > ctx_brand > retarget,6,1
3646,9930,influencer > retarget > cpa > social > cpa > retarget,6,1
3647,30381,ctx_category > ctx_category > influencer > ctx_category,4,1
3648,27070,ctx_brand > ctx_category > retarget,3,1
3649,21368,influencer > ctx_brand,2,1
3650,11333,influencer > ctx_category > cpa > retarget,4,1
3651,11035,influencer > cpa > cpa > influencer > retarget,5,1
3652,36391,cpa > cpa > ctx_brand > ctx_category,4,1
3653,20486,influencer > ctx_category > influencer > social > cpa > social > retarget,7,1
3654,16572,ctx_brand,1,1
3655,17140,cpa > retarget,2,1
3656,10002,influencer > retarget,2,1
3657,32960,ctx_brand > retarget,2,1
3658,4831,social > retarget,2,1
3659,15928,social > social > cpa > retarget,4,1
3660,5118,influencer > retarget > ctx_category > retarget,4,1
3661,16607,retarget > retarget,2,1
3662,15970,cpa > influencer > retarget,3,1
3663,5396,ctx_category > influencer > retarget,3,1
3664,13050,retarget > ctx_brand > social > retarget,4,1
3665,38517,influencer > influencer > cpa > cpa > retarget,5,1
3666,15805,organic,1,1
3667,212,social > retarget > ctx_brand > retarget,4,1
3668,21779,cpa > influencer > cpa > retarget,4,1
3669,33777,influencer > retarget > ctx_brand,3,1
3670,35852,cpa > cpa > retarget > cpa > retarget,5,1
3671,7002,social > retarget,2,1
3672,32305,ctx_category > retarget,2,1
3673,34165,cpa > ctx_brand > retarget,3,1
3674,23340,organic > retarget,2,1
3675,10810,social > influencer > retarget,3,1
3676,6605,retarget > retarget > retarget,3,1
3677,12657,cpa > cpa > retarget > ctx_brand > retarget,5,1
3678,33472,influencer > social > retarget,3,1
3679,4886,cpa > cpa > ctx_category,3,1
3680,17608,ctx_category > retarget,2,1
3681,21009,ctx_category > cpa > retarget,3,1
3682,16125,influencer > retarget > ctx_category > retarget > retarget,5,1
3683,2703,influencer > ctx_category > ctx_category > cpa,4,1
3684,26787,ctx_category > retarget > ctx_category > retarget,4,1
3685,36559,influencer > retarget,2,1
3686,20799,cpa > retarget,2,1
3687,6174,retarget > social > retarget,3,1
3688,1943,retarget > influencer > retarget > ctx_brand > retarget,5,1
3689,35966,social > ctx_category > retarget,3,1
3690,21694,organic,1,1
3691,12101,ctx_brand > ctx_brand > cpa > ctx_brand > retarget,5,1
3692,23096,ctx_category > influencer > social > ctx_category,4,1
3693,12182,influencer > organic > retarget,3,1
3694,22711,influencer > social > ctx_category > retarget,4,1
3695,28172,organic > retarget,2,1
3696,15119,influencer > social > cpa > retarget,4,1
3697,1633,organic > retarget,2,1
3698,14502,influencer > ctx_category > retarget,3,1
3699,21116,retarget > retarget > retarget > retarget,4,1
3700,1142,ctx_category > social > retarget,3,1
3701,5937,ctx_category > ctx_category > retarget > retarget,4,1
3702,9916,ctx_category > ctx_brand > retarget,3,1
3703,36586,retarget > retarget > cpa > ctx_category > retarget,5,1
3704,27781,influencer > ctx_brand,2,1
3705,1519,cpa > retarget,2,1
3706,16664,ctx_category > ctx_category > cpa > influencer > social > social > retarget,7,1
3707,11487,influencer > social > influencer > influencer > ctx_category > cpa > retarget,7,1
3708,3284,ctx_brand > retarget,2,1
3709,1632,ctx_category > ctx_category > influencer > ctx_category > cpa > cpa > retarget,7,1
3710,32676,retarget > influencer > retarget,3,1
3711,12325,ctx_brand > retarget,2,1
3712,15422,influencer > social > retarget,3,1
3713,30725,retarget > ctx_brand > retarget,3,1
3714,33502,influencer > ctx_brand > ctx_category > cpa > cpa > retarget,6,1
3715,29308,influencer > retarget,2,1
3716,30643,ctx_category > cpa > cpa > retarget,4,1
3717,36582,influencer > ctx_brand > ctx_category > retarget,4,1
3718,1093,influencer > retarget > retarget > retarget,4,1
3719,22737,influencer > retarget > retarget,3,1
3720,33164,influencer > ctx_category > ctx_category > retarget,4,1
3721,9900,influencer > cpa > ctx_brand > ctx_category > retarget,5,1
3722,24927,retarget > ctx_brand > retarget,3,1
3723,1741,influencer > ctx_brand > retarget,3,1
3724,29552,influencer > ctx_brand > ctx_brand > retarget,4,1
3725,36572,retarget > ctx_brand > retarget,3,1
3726,914,influencer > retarget,2,1
3727,33960,cpa > ctx_category,2,1
3728,14056,ctx_brand > retarget,2,1
3729,2698,influencer > ctx_category > influencer,3,1
3730,14801,influencer > ctx_brand > ctx_category > social > cpa > retarget,6,1
3731,3097,retarget > ctx_brand > ctx_category > retarget,4,1
3732,27577,organic,1,1
3733,22631,influencer > ctx_category > ctx_brand > ctx_category > retarget,5,1
3734,23273,social > retarget,2,1
3735,30448,influencer > ctx_category > influencer > ctx_brand > retarget,5,1
3736,12154,influencer > ctx_category > ctx_brand > influencer > cpa > social > retarget,7,1
3737,32486,influencer > ctx_brand > ctx_category > retarget > retarget,5,1
3738,27437,influencer > ctx_brand > retarget,3,1
3739,26175,ctx_category > retarget > influencer > retarget,4,1
3740,19819,organic > retarget,2,1
3741,4958,influencer > retarget > retarget > ctx_category > retarget,5,1
3742,6989,retarget > cpa > retarget,3,1
3743,7549,cpa > ctx_category > ctx_brand,3,1
3744,8970,ctx_category > ctx_brand > retarget > influencer > retarget,5,1
3745,17907,influencer > retarget > retarget,3,1
3746,25142,retarget,1,1
3747,33321,influencer > ctx_category > retarget > influencer > retarget,5,1
3748,3946,influencer > ctx_brand > influencer > retarget,4,1
3749,17571,influencer > retarget,2,1
3750,2940,retarget > retarget,2,1
3751,29424,retarget > retarget,2,1
3752,33236,influencer > organic,2,1
3753,5283,influencer > ctx_brand > cpa > influencer > ctx_brand > retarget,6,1
3754,32590,ctx_category,1,1
3755,275,influencer > ctx_brand > retarget,3,1
3756,26037,ctx_category > retarget,2,1
3757,10365,social > ctx_brand > retarget,3,1
3758,37097,retarget > ctx_brand > ctx_category > retarget,4,1
3759,27530,cpa > cpa,2,1
3760,6003,retarget > influencer > social > cpa > ctx_brand > retarget,6,1
3761,17920,social > retarget > retarget > social > retarget,5,1
3762,38289,influencer > ctx_category > retarget > ctx_brand > retarget,5,1
3763,36659,retarget > retarget > ctx_brand > ctx_category > retarget,5,1
3764,4042,ctx_brand > social > retarget,3,1
3765,34692,ctx_brand > cpa > social > ctx_category > ctx_category > cpa > retarget,7,1
3766,12955,influencer > retarget > retarget,3,1
3767,21711,influencer > social > ctx_brand > retarget,4,1
3768,5501,influencer,1,1
3769,16587,ctx_brand > ctx_category > cpa > cpa > social > cpa > cpa > retarget,8,1
3770,37705,influencer > influencer > retarget,3,1
3771,9842,ctx_category > retarget,2,1
3772,25767,influencer > cpa > retarget,3,1
3773,5978,influencer > organic,2,1
3774,14138,influencer > retarget > retarget > retarget > influencer > cpa > retarget,7,1
3775,20095,social > cpa > ctx_brand > social > retarget,5,1
3776,17309,social,1,1
3777,16087,influencer > social > retarget,3,1
3778,1558,retarget > social > retarget,3,1
3779,15019,ctx_category > ctx_brand > retarget > social > ctx_category > ctx_category > retarget,7,1
3780,11062,organic,1,1
3781,39058,ctx_category > ctx_brand > retarget,3,1
3782,30929,cpa > retarget,2,1
3783,16534,influencer > ctx_category > cpa > retarget,4,1
3784,11567,organic > retarget,2,1
3785,10250,ctx_brand > retarget,2,1
3786,1742,influencer > ctx_brand > ctx_brand > retarget > retarget,5,1
3787,4995,influencer > ctx_category > retarget > ctx_category > retarget,5,1
3788,8569,influencer > retarget > influencer > retarget,4,1
3789,31266,influencer > ctx_category > retarget > social > ctx_category > social > retarget,7,1
3790,38571,cpa > retarget,2,1
3791,39541,ctx_category > ctx_brand > cpa > retarget > retarget,5,1
3792,6712,retarget > cpa > influencer > social > retarget,5,1
3793,25623,influencer > cpa > cpa > influencer > retarget,5,1
3794,2756,ctx_brand > retarget,2,1
3795,24282,ctx_category > retarget > retarget,3,1
3796,20508,influencer > organic,2,1
3797,30063,social > retarget,2,1
3798,25341,cpa > retarget > retarget,3,1
3799,39085,ctx_brand > retarget > cpa > ctx_brand > retarget,5,1
3800,19282,ctx_category > ctx_brand > cpa > cpa > ctx_brand > retarget > retarget,7,1
3801,3904,organic > retarget,2,1
3802,21792,influencer > ctx_category > ctx_category > cpa > retarget > social,6,1
3803,21649,influencer > organic > retarget,3,1
3804,1725,retarget > cpa > retarget,3,1
3805,5830,influencer > ctx_category > retarget,3,1
3806,39510,retarget > ctx_brand > retarget > retarget,4,1
3807,34125,influencer > ctx_brand > retarget,3,1
3808,10072,retarget > cpa > influencer > retarget,4,1
3809,30300,influencer > retarget > ctx_category > retarget,4,1
3810,25991,cpa > ctx_category > ctx_brand > retarget,4,1
3811,3881,organic > retarget,2,1
3812,16871,influencer > cpa > ctx_category > cpa,4,1
3813,34037,cpa > ctx_brand > ctx_brand,3,1
3814,22452,organic,1,1
3815,18335,social > ctx_category > retarget > social,4,1
3816,13189,cpa > retarget > cpa > retarget,4,1
3817,18522,cpa > ctx_category > ctx_brand > retarget,4,1
3818,8809,ctx_category > influencer > ctx_category > ctx_brand > ctx_brand > retarget,6,1
3819,35542,influencer > ctx_category > influencer > retarget,4,1
3820,39616,influencer > influencer > social > retarget,4,1
3821,2841,ctx_brand > retarget,2,1
3822,14435,ctx_category > influencer > ctx_brand,3,1
3823,35148,ctx_category > social > cpa > retarget,4,1
3824,24071,ctx_category > ctx_category > social > cpa > retarget > retarget,6,1
3825,31556,retarget > ctx_category > retarget,3,1
3826,2370,influencer > social > retarget > ctx_brand > cpa > retarget,6,1
3827,17796,social > retarget > retarget,3,1
3828,23716,retarget > retarget,2,1
3829,29994,influencer > organic > retarget,3,1
3830,34198,influencer > retarget > retarget,3,1
3831,14933,retarget > cpa,2,1
3832,33994,ctx_brand > cpa > cpa > retarget,4,1
3833,4163,influencer > cpa > retarget > retarget > retarget,5,1
3834,16024,influencer > organic,2,1
3835,3175,ctx_category > influencer > social > social > retarget,5,1
3836,5338,retarget > influencer > ctx_brand > ctx_brand > retarget,5,1
3837,21030,retarget > retarget > retarget,3,1
3838,38477,ctx_brand > ctx_brand > retarget,3,1
3839,20656,cpa > retarget > retarget,3,1
3840,21922,influencer > ctx_category > ctx_category > ctx_brand > influencer > retarget,6,1
3841,39575,influencer > ctx_category > retarget,3,1
3842,29323,influencer > organic,2,1
3843,20128,influencer > ctx_category > cpa > ctx_category > retarget,5,1
3844,31031,influencer > influencer > retarget,3,1
3845,3632,influencer > retarget > influencer > retarget,4,1
3846,6385,influencer > cpa,2,1
3847,28273,social > ctx_category > cpa > influencer,4,1
3848,2351,influencer > retarget > ctx_category > ctx_brand > retarget,5,1
3849,9696,ctx_category > retarget > cpa > influencer > retarget,5,1
3850,25029,cpa > ctx_brand > retarget,3,1
3851,18203,ctx_brand > retarget,2,1
3852,12387,social > influencer > ctx_brand > retarget,4,1
3853,8178,ctx_brand > ctx_brand > retarget > ctx_category > retarget,5,1
3854,1361,influencer > ctx_category > influencer > retarget,4,1
3855,28536,ctx_brand > retarget > ctx_brand > ctx_brand > retarget,5,1
3856,13929,influencer > ctx_category > social > cpa,4,1
3857,10600,retarget > retarget,2,1
3858,39402,organic > retarget,2,1
3859,13381,ctx_brand > retarget > retarget,3,1
3860,13485,ctx_brand > retarget > retarget > retarget,4,1
3861,29238,social > cpa > ctx_category > retarget,4,1
3862,2026,retarget > retarget > retarget > retarget,4,1
3863,30260,ctx_category > cpa > retarget > ctx_brand > retarget,5,1
3864,1730,influencer > influencer > retarget,3,1
3865,6235,cpa > retarget,2,1
3866,26327,influencer > ctx_brand > cpa > retarget > cpa > retarget,6,1
3867,12521,social > retarget > ctx_category > retarget,4,1
3868,15413,cpa,1,1
3869,4401,ctx_category > retarget,2,1
3870,17109,cpa > influencer > ctx_category,3,1
3871,27370,organic > retarget,2,1
3872,35228,retarget > retarget,2,1
3873,9725,ctx_category,1,1
3874,7521,ctx_category > retarget,2,1
3875,30067,ctx_category > influencer > cpa > ctx_category > retarget,5,1
3876,14596,retarget > influencer > retarget,3,1
3877,23864,ctx_category > ctx_category,2,1
3878,36948,influencer > ctx_category > ctx_category > ctx_category > retarget,5,1
3879,30028,cpa > cpa > social > retarget > retarget > retarget,6,1
3880,15148,influencer > retarget > ctx_category > ctx_category > retarget,5,1
3881,15713,ctx_brand > retarget,2,1
3882,9910,ctx_category > ctx_brand > cpa > retarget > influencer > retarget,6,1
3883,1415,ctx_category > cpa > influencer > retarget,4,1
3884,5308,influencer > retarget > ctx_category > cpa > influencer,5,1
3885,20265,ctx_brand > retarget,2,1
3886,35298,ctx_category > ctx_brand > retarget,3,1
3887,18134,influencer > retarget > ctx_brand > retarget > retarget,5,1
3888,35347,ctx_category > ctx_brand > ctx_category,3,1
3889,32507,social > influencer > retarget,3,1
3890,27586,ctx_category > retarget > ctx_brand > ctx_brand > retarget > retarget > retarget,7,1
3891,3015,ctx_category > influencer > retarget > retarget,4,1
3892,8982,influencer > retarget,2,1
3893,33136,cpa > retarget,2,1
3894,39826,ctx_category > ctx_category,2,1
3895,21869,influencer > ctx_brand > ctx_brand > retarget,4,1
3896,8049,influencer > retarget > retarget > social > retarget,5,1
3897,6807,influencer > influencer > retarget > social > retarget > ctx_category > retarget,7,1
3898,11566,ctx_category > retarget > retarget > social > ctx_category,5,1
3899,32076,ctx_brand > ctx_brand > retarget,3,1
3900,32399,organic > retarget,2,1
3901,36865,cpa > cpa > retarget,3,1
3902,11684,influencer > organic > retarget,3,1
3903,38781,influencer > cpa > retarget,3,1
3904,21167,influencer > ctx_brand > ctx_brand > cpa > ctx_brand > cpa > retarget,7,1
3905,27068,influencer > ctx_category > retarget > retarget > retarget,5,1
3906,510,ctx_category > retarget > retarget > ctx_brand > retarget,5,1
3907,722,retarget > retarget > retarget,3,1
3908,36973,ctx_brand > retarget > retarget,3,1
3909,23142,retarget > ctx_brand > retarget,3,1
3910,19070,cpa > social,2,1
3911,33782,ctx_brand > social > cpa > retarget,4,1
3912,25774,retarget > retarget > retarget,3,1
3913,21001,influencer > ctx_brand > retarget,3,1
3914,4352,influencer > retarget > retarget > ctx_category > retarget,5,1
3915,931,influencer > influencer > social > retarget,4,1
3916,5777,social > influencer,2,1
3917,37648,ctx_category > ctx_category > retarget,3,1
3918,31243,retarget > influencer > ctx_category > retarget,4,1
3919,12743,ctx_brand > cpa > ctx_category > retarget,4,1
3920,26534,influencer > social > cpa > ctx_category > retarget,5,1
3921,36411,influencer > ctx_brand > ctx_brand,3,1
3922,15721,influencer > ctx_category > retarget > retarget,4,1
3923,5782,social > retarget > retarget > social > retarget,5,1
3924,12699,ctx_category > ctx_brand > retarget > retarget,4,1
3925,14580,social > retarget,2,1
3926,16693,retarget > ctx_brand > ctx_brand > retarget,4,1
3927,4532,retarget > ctx_brand > retarget > retarget,4,1
3928,3349,retarget > cpa > social > ctx_category > retarget,5,1
3929,9859,ctx_brand > ctx_brand > ctx_category > ctx_brand > ctx_brand > retarget,6,1
3930,6521,cpa > social > retarget,3,1
3931,39712,influencer > ctx_category > retarget,3,1
3932,31177,social > influencer,2,1
3933,8218,retarget > retarget,2,1
3934,32252,influencer > influencer > ctx_category > retarget,4,1
3935,8802,influencer > organic > retarget,3,1
3936,12463,influencer > influencer > retarget,3,1
3937,15378,influencer > retarget > ctx_brand > cpa,4,1
3938,26385,ctx_brand > social > retarget,3,1
3939,19597,ctx_brand > retarget,2,1
3940,27136,ctx_brand > retarget,2,1
3941,8052,influencer > ctx_brand > cpa > retarget > retarget,5,1
3942,5576,influencer > social > ctx_brand > ctx_brand > ctx_category > retarget > retarget,7,1
3943,10487,cpa > retarget > influencer > retarget,4,1
3944,20412,influencer > ctx_category > influencer > retarget > retarget,5,1
3945,39113,ctx_brand > ctx_category > retarget,3,1
3946,39734,ctx_category > ctx_brand > retarget,3,1
3947,14606,influencer > ctx_brand > ctx_category > retarget,4,1
3948,24241,influencer > retarget,2,1
3949,25315,retarget > ctx_brand > retarget,3,1
3950,25399,cpa,1,1
3951,16617,ctx_category > ctx_brand > retarget,3,1
3952,32653,ctx_category > ctx_brand > retarget,3,1
3953,19418,retarget > influencer > retarget,3,1
3954,17203,ctx_brand > retarget > social > ctx_category > retarget > retarget,6,1
3955,13724,influencer > retarget > social > cpa,4,1
3956,20907,influencer > influencer > retarget,3,1
3957,7364,cpa > retarget > ctx_brand > retarget,4,1
3958,2055,social > ctx_brand > retarget,3,1
3959,24262,ctx_brand > ctx_brand > ctx_brand > ctx_category > retarget,5,1
3960,4374,ctx_brand > influencer > retarget,3,1
3961,5999,influencer > social > retarget,3,1
3962,20932,social > cpa > ctx_brand > social > retarget,5,1
3963,25864,ctx_brand > ctx_brand > retarget,3,1
3964,1508,ctx_category > influencer > retarget,3,1
3965,26564,cpa > cpa > retarget,3,1
3966,35043,ctx_category > ctx_category > retarget > retarget,4,1
3967,17921,influencer > retarget > social > influencer > retarget,5,1
3968,35020,cpa > retarget,2,1
3969,5470,retarget > retarget,2,1
3970,18076,influencer > ctx_category > ctx_brand > ctx_category > retarget > social > ctx_brand > retarget,8,1
3971,6074,influencer > cpa > social > retarget,4,1
3972,30264,retarget > retarget,2,1
3973,1117,retarget > retarget > retarget,3,1
3974,33514,ctx_category > retarget > social > retarget,4,1
3975,38645,influencer > cpa > retarget,3,1
3976,25970,retarget > ctx_brand > ctx_brand > retarget,4,1
3977,16671,cpa > retarget > cpa > retarget,4,1
3978,17639,ctx_brand > social > ctx_category > retarget,4,1
3979,26793,organic,1,1
3980,18278,cpa > social > retarget > ctx_brand,4,1
3981,10731,retarget > retarget > retarget,3,1
3982,33030,influencer > social,2,1
3983,39351,ctx_brand > retarget > retarget,3,1
3984,11757,cpa > retarget,2,1
3985,5101,retarget > retarget > retarget,3,1
3986,37353,ctx_category > cpa > ctx_brand > ctx_category,4,1
3987,7318,ctx_brand > ctx_category > cpa > ctx_brand > cpa > cpa > retarget,7,1
3988,11989,social > ctx_brand > ctx_category > ctx_brand > retarget,5,1
3989,23833,ctx_category > influencer > ctx_category > ctx_category > retarget,5,1
3990,1775,retarget > retarget,2,1
3991,36219,ctx_brand > ctx_brand > retarget,3,1
3992,20970,influencer > retarget > ctx_category > retarget,4,1
3993,38276,influencer > cpa > ctx_brand > retarget,4,1
3994,38199,retarget > ctx_category > retarget,3,1
3995,20443,ctx_brand > ctx_brand > retarget,3,1
3996,33611,ctx_category > retarget,2,1
3997,12519,social > social > retarget > social > retarget,5,1
3998,13525,social > retarget,2,1
3999,9873,influencer > ctx_category > ctx_brand > retarget,4,1
4000,4343,ctx_category > social > ctx_brand > retarget,4,1
4001,22535,organic > retarget,2,1
4002,38928,influencer > ctx_category > cpa > ctx_category > ctx_category > ctx_category > retarget,7,1
4003,4558,influencer > retarget,2,1
4004,1555,cpa > retarget > social > ctx_brand > retarget,5,1
4005,20500,influencer > ctx_brand > cpa > ctx_brand > retarget,5,1
4006,34186,retarget > ctx_brand > social > retarget,4,1
4007,26004,ctx_category > ctx_brand > ctx_category > cpa > ctx_brand > retarget,6,1
4008,38787,influencer > ctx_category > retarget,3,1
4009,32915,retarget > retarget,2,1
4010,27363,influencer > cpa > influencer,3,1
4011,17706,influencer > retarget,2,1
4012,22260,ctx_brand > ctx_brand > influencer > influencer > retarget,5,1
4013,32324,ctx_category > retarget > retarget,3,1
4014,20239,ctx_category > ctx_brand,2,1
4015,27943,social > influencer > retarget,3,1
4016,2458,influencer > retarget > cpa > retarget,4,1
4017,32421,influencer > retarget > retarget,3,1
4018,33872,cpa > ctx_brand > retarget > retarget > retarget,5,1
4019,39304,influencer > retarget,2,1
4020,2374,influencer > ctx_category > ctx_category > cpa > retarget,5,1
4021,38213,ctx_brand > cpa > ctx_category > retarget,4,1
4022,14116,influencer > social > social > ctx_category > cpa > ctx_category > retarget,7,1
4023,716,cpa > retarget,2,1
4024,32768,ctx_brand > cpa > cpa > ctx_category > retarget,5,1
4025,21787,cpa > retarget,2,1
4026,39639,retarget > ctx_brand > retarget,3,1
4027,19533,influencer > retarget > influencer > retarget,4,1
4028,2891,influencer > cpa > ctx_brand > retarget > retarget > retarget,6,1
4029,26873,influencer > influencer > retarget,3,1
4030,26748,retarget > ctx_brand,2,1
4031,28917,social > ctx_category > retarget,3,1
4032,11977,ctx_category > retarget,2,1
4033,20208,cpa > ctx_category > cpa > retarget,4,1
4034,27046,influencer > organic > retarget,3,1
4035,32166,influencer > organic > retarget,3,1
4036,15286,social > social > ctx_brand > cpa > ctx_category > retarget,6,1
4037,362,ctx_category > social > cpa > retarget > retarget,5,1
4038,20991,influencer > retarget > retarget,3,1
4039,24141,ctx_brand > social > influencer,3,1
4040,24035,cpa > ctx_brand > retarget,3,1
4041,38022,influencer > cpa > retarget > retarget,4,1
4042,9766,ctx_brand > ctx_category > retarget,3,1
4043,7446,influencer > ctx_category > retarget,3,1
4044,10885,organic > retarget,2,1
4045,1974,influencer > ctx_brand > influencer > ctx_category,4,1
4046,16257,influencer > social > ctx_brand > ctx_category > retarget > retarget,6,1
4047,3753,ctx_brand > retarget,2,1
4048,11376,retarget > ctx_category,2,1
4049,17811,organic > retarget,2,1
4050,17757,cpa > social > ctx_category > retarget,4,1
4051,16263,influencer > cpa > cpa > retarget,4,1
4052,26305,influencer > ctx_category > retarget > influencer > ctx_category > retarget,6,1
4053,8672,retarget,1,1
4054,29117,influencer > retarget > ctx_brand > retarget,4,1
4055,8129,influencer > cpa > ctx_category > ctx_category > retarget,5,1
4056,27347,influencer > ctx_brand > retarget > retarget,4,1
4057,31123,cpa > social > retarget,3,1
4058,29789,influencer > retarget > cpa > social > retarget,5,1
4059,5370,influencer > ctx_brand > social > retarget,4,1
4060,19400,cpa > cpa > social > retarget,4,1
4061,26764,cpa > retarget,2,1
4062,36697,retarget > retarget,2,1
4063,26767,influencer > ctx_category > ctx_category > cpa > retarget,5,1
4064,646,retarget > ctx_brand,2,1
4065,22025,influencer > ctx_brand,2,1
4066,11548,social > cpa > influencer > ctx_category,4,1
4067,24762,retarget > retarget,2,1
4068,26223,ctx_category > social > ctx_brand > retarget > retarget,5,1
4069,16198,retarget > retarget,2,1
4070,17470,influencer > retarget > retarget,3,1
4071,25368,ctx_brand > retarget,2,1
4072,14230,retarget > social > retarget > retarget,4,1
4073,1805,influencer > retarget > ctx_brand,3,1
4074,16472,social > retarget > ctx_category > retarget,4,1
4075,8701,influencer > ctx_brand > retarget,3,1
4076,22004,social > social > cpa > retarget,4,1
4077,14851,influencer > ctx_brand > retarget > retarget,4,1
4078,15718,organic > retarget,2,1
4079,626,influencer > ctx_brand > ctx_brand > social > retarget,5,1
4080,17550,influencer > ctx_brand > cpa,3,1
4081,2570,retarget > ctx_brand > ctx_brand > retarget,4,1
4082,39095,ctx_category > ctx_brand,2,1
4083,31237,influencer > social > ctx_brand > retarget > retarget > retarget,6,1
4084,23878,influencer > cpa > ctx_category > retarget,4,1
4085,6583,cpa > retarget,2,1
4086,11266,influencer > ctx_brand > cpa > ctx_category > retarget,5,1
4087,688,retarget > ctx_brand > ctx_brand > retarget,4,1
4088,20910,influencer > cpa > social > ctx_category,4,1
4089,19505,social > social > retarget > cpa,4,1
4090,10751,influencer > retarget > retarget > retarget,4,1
4091,34999,ctx_category > ctx_brand > ctx_brand > influencer > cpa > retarget,6,1
4092,17925,influencer > ctx_category,2,1
4093,24735,retarget > ctx_category > social > ctx_category > retarget,5,1
4094,10823,cpa > ctx_category > cpa > retarget,4,1
4095,13922,ctx_category > ctx_category > ctx_category > retarget,4,1
4096,11369,ctx_category > social,2,1
4097,24220,retarget > retarget > cpa > retarget,4,1
4098,34871,ctx_brand > ctx_brand > retarget,3,1
4099,24134,cpa > social > influencer > social > retarget,5,1
4100,24990,cpa > social > ctx_category > retarget,4,1
4101,8553,influencer > social,2,1
4102,1275,influencer > social > social > retarget,4,1
4103,26765,cpa > retarget > influencer > retarget,4,1
4104,17712,influencer > ctx_category > retarget,3,1
4105,8377,ctx_brand > ctx_category > ctx_brand,3,1
4106,21992,social > retarget > cpa > cpa > retarget,5,1
4107,15503,ctx_category > ctx_brand > influencer > retarget,4,1
4108,34142,ctx_brand > ctx_brand > retarget,3,1
4109,20514,influencer > retarget > social > retarget,4,1
4110,18729,ctx_category > retarget > social > ctx_brand > retarget,5,1
4111,36542,influencer > influencer > ctx_category > cpa > retarget,5,1
4112,19656,ctx_category > ctx_category > retarget,3,1
4113,5487,ctx_category > retarget,2,1
4114,8415,ctx_category > social > cpa > ctx_brand > influencer > ctx_brand > retarget,7,1
4115,19472,retarget > ctx_category > ctx_brand > retarget,4,1
4116,14670,influencer > social > influencer > retarget > cpa > ctx_brand > retarget,7,1
4117,36449,ctx_category > retarget > social > cpa > ctx_category > retarget > retarget,7,1
4118,25615,retarget > social > retarget > retarget,4,1
4119,34174,influencer > ctx_category > influencer > ctx_brand > retarget,5,1
4120,24115,organic > retarget,2,1
4121,30613,influencer > influencer > influencer > retarget > ctx_category > retarget,6,1
4122,33379,influencer > retarget,2,1
4123,8017,influencer > retarget > retarget,3,1
4124,37425,ctx_category > ctx_category > cpa > ctx_brand > social > retarget,6,1
4125,38351,ctx_brand > ctx_category > retarget > retarget,4,1
4126,11842,influencer > organic,2,1
4127,9913,retarget > cpa > retarget,3,1
4128,20462,organic > retarget,2,1
4129,33944,cpa > cpa > retarget > retarget,4,1
4130,33885,influencer > cpa > retarget,3,1
4131,35858,cpa > retarget,2,1
4132,4516,influencer > retarget > retarget,3,1
4133,30140,retarget > ctx_category > retarget,3,1
4134,2294,influencer > organic,2,1
4135,7291,social > retarget,2,1
4136,11653,influencer > organic > retarget,3,1
4137,9955,cpa > ctx_brand > retarget > influencer > retarget > retarget > retarget,7,1
4138,35835,cpa > retarget,2,1
4139,9655,social > cpa > ctx_category > retarget,4,1
4140,32128,ctx_category > ctx_brand > retarget,3,1
4141,10255,cpa > cpa > cpa > retarget > cpa > retarget,6,1
4142,16218,ctx_category > social > retarget,3,1
4143,31663,influencer > ctx_brand > ctx_category > cpa > ctx_category > ctx_brand > ctx_brand > retarget,8,1
4144,8026,influencer > ctx_brand > ctx_category > cpa > ctx_category > retarget,6,1
4145,18095,ctx_category > social > retarget > retarget,4,1
4146,32868,ctx_category > ctx_category > ctx_category > retarget,4,1
4147,22369,cpa > cpa > retarget,3,1
4148,21299,influencer > ctx_brand > retarget,3,1
4149,2970,retarget > retarget,2,1
4150,17642,organic > retarget,2,1
4151,28252,influencer > ctx_category > ctx_category > retarget,4,1
4152,29217,cpa > ctx_category > retarget,3,1
4153,28279,social > retarget > retarget,3,1
4154,32733,ctx_category > retarget,2,1
4155,2028,ctx_brand > influencer > cpa > retarget,4,1
4156,89,cpa > ctx_brand > ctx_category > retarget,4,1
4157,20853,retarget > influencer > cpa > cpa,4,1
4158,14737,ctx_category > retarget > social > retarget,4,1
4159,33371,retarget > retarget,2,1
4160,16957,cpa > influencer > retarget > retarget,4,1
4161,4603,cpa > ctx_brand > retarget,3,1
4162,35110,influencer > retarget > ctx_brand > retarget,4,1
4163,9590,influencer > ctx_category > cpa > retarget,4,1
4164,1639,retarget > retarget,2,1
4165,18381,influencer > ctx_brand > retarget > retarget,4,1
4166,33726,social > influencer > ctx_category > ctx_brand > retarget > retarget,6,1
4167,7068,influencer > ctx_brand > retarget,3,1
4168,10148,influencer > cpa > retarget > ctx_category > retarget,5,1
4169,24851,ctx_brand > retarget,2,1
4170,19524,influencer > cpa > ctx_brand,3,1
4171,9319,retarget > retarget > social > ctx_brand > retarget,5,1
4172,35149,influencer > organic,2,1
4173,33846,influencer > ctx_category > influencer > retarget,4,1
4174,10176,influencer > ctx_category > retarget,3,1
4175,1202,influencer > retarget > cpa > ctx_category,4,1
4176,9391,ctx_category > retarget > retarget,3,1
4177,3785,ctx_brand > cpa > ctx_brand > retarget > retarget > ctx_category > retarget,7,1
4178,38467,ctx_category > social > retarget,3,1
4179,36725,retarget > ctx_category > cpa > influencer,4,1
4180,15074,cpa > ctx_brand > influencer > ctx_brand > retarget,5,1
4181,26467,ctx_brand > cpa > ctx_brand > retarget,4,1
4182,1991,influencer > ctx_category > ctx_brand > retarget,4,1
4183,22051,retarget > ctx_category > retarget > ctx_brand > ctx_brand > retarget,6,1
4184,14893,influencer > retarget,2,1
4185,2156,influencer > social > cpa > retarget,4,1
4186,32853,organic > retarget,2,1
4187,31009,ctx_category > cpa > ctx_category > ctx_category > retarget > retarget,6,1
4188,37957,ctx_brand > retarget > ctx_category > retarget,4,1
4189,37510,retarget > retarget,2,1
4190,31650,influencer > ctx_category,2,1
4191,1784,cpa > retarget > retarget > ctx_brand > retarget,5,1
4192,36613,influencer > retarget,2,1
4193,20104,organic > retarget,2,1
4194,27424,influencer > ctx_category > retarget > social,4,1
4195,19841,influencer > influencer > cpa > retarget,4,1
4196,31327,influencer > cpa > retarget,3,1
4197,13298,retarget > retarget,2,1
4198,7261,influencer > influencer > ctx_brand > influencer > retarget,5,1
4199,11911,cpa > cpa > retarget,3,1
4200,33447,retarget > ctx_category > retarget,3,1
4201,33260,influencer > cpa > ctx_brand > influencer > influencer > retarget > retarget,7,1
4202,31875,retarget > retarget,2,1
4203,35601,influencer > ctx_brand > retarget > retarget > retarget,5,1
4204,4272,influencer > ctx_category > social > retarget > ctx_brand > retarget,6,1
4205,21635,influencer > retarget > retarget > cpa > retarget,5,1
4206,9470,ctx_category > social > retarget,3,1
4207,4944,ctx_category > cpa > retarget > retarget,4,1
4208,509,cpa > ctx_category > ctx_brand > retarget,4,1
4209,30186,retarget > retarget > ctx_category > retarget,4,1
4210,9209,ctx_category > retarget > social > ctx_category > retarget,5,1
4211,17004,cpa > ctx_brand > influencer > retarget,4,1
4212,18267,ctx_brand > ctx_category > ctx_brand > retarget,4,1
4213,9837,ctx_brand > retarget > ctx_category > influencer > social > retarget,6,1
4214,28158,social,1,1
4215,22773,influencer > retarget > retarget,3,1
4216,8201,ctx_category > social > retarget,3,1
4217,12274,ctx_category > ctx_category > cpa,3,1
4218,13515,ctx_brand > influencer > retarget > retarget,4,1
4219,16302,retarget > retarget,2,1
4220,36278,influencer > retarget > retarget > retarget,4,1
4221,14119,ctx_brand > ctx_brand > cpa > retarget > ctx_brand,5,1
4222,32286,retarget > ctx_brand > retarget,3,1
4223,15173,ctx_brand > ctx_category > social > cpa,4,1
4224,13127,ctx_brand,1,1
4225,5292,organic > retarget,2,1
4226,22741,cpa > retarget,2,1
4227,26628,ctx_category > ctx_category > retarget,3,1
4228,28803,social > retarget > retarget,3,1
4229,9742,influencer > retarget > cpa > social > retarget > retarget,6,1
4230,16148,retarget > cpa > retarget,3,1
4231,12226,influencer > retarget > ctx_category > ctx_category > retarget,5,1
4232,38198,cpa > cpa > retarget,3,1
4233,7081,retarget > retarget > influencer > retarget,4,1
4234,39647,influencer > ctx_category > retarget,3,1
4235,39954,ctx_category > retarget,2,1
4236,9478,influencer > retarget > retarget > retarget,4,1
4237,18661,influencer > ctx_category > retarget > retarget,4,1
4238,6892,ctx_brand > social > influencer > cpa > ctx_category > retarget,6,1
4239,18964,social > retarget,2,1
4240,170,influencer > influencer > social > retarget,4,1
4241,14607,influencer > ctx_category > cpa > influencer > social > retarget,6,1
4242,22858,ctx_brand > cpa > cpa > ctx_category > retarget,5,1
4243,13402,influencer > retarget > retarget,3,1
4244,32840,influencer > organic,2,1
4245,21349,influencer > ctx_brand > retarget,3,1
4246,7065,ctx_brand > ctx_category > ctx_brand,3,1
4247,21288,social > ctx_brand > ctx_category > ctx_brand > retarget,5,1
4248,38107,influencer > ctx_brand > social > retarget,4,1
4249,26856,influencer > retarget > influencer > ctx_category,4,1
4250,29459,ctx_category > influencer > retarget > social,4,1
4251,26576,influencer > influencer > cpa > cpa > cpa > retarget > retarget,7,1
4252,36858,ctx_brand > influencer,2,1
4253,1605,ctx_category > social > retarget,3,1
4254,23607,organic > retarget,2,1
4255,19796,retarget > retarget,2,1
4256,901,influencer > retarget,2,1
4257,21735,ctx_brand > ctx_category > ctx_brand > social > ctx_brand > retarget > social > retarget,8,1
4258,10312,retarget > ctx_brand > influencer > ctx_brand > influencer > retarget,6,1
4259,34860,ctx_category > retarget,2,1
4260,29044,influencer > ctx_category > retarget,3,1
4261,10950,social > cpa > ctx_category > ctx_category > retarget,5,1
4262,33628,ctx_brand > retarget,2,1
4263,13706,influencer > cpa > social > cpa > retarget,5,1
4264,19368,retarget > social > ctx_brand > ctx_brand > retarget,5,1
4265,4245,ctx_category > retarget,2,1
4266,21358,retarget > ctx_category > social,3,1
4267,29893,influencer > ctx_brand > retarget > retarget,4,1
4268,8350,retarget > retarget,2,1
4269,33033,influencer > ctx_category > retarget > ctx_brand,4,1
4270,35588,ctx_category > influencer > social > retarget,4,1
4271,19051,influencer > ctx_category > cpa > ctx_brand > retarget > retarget,6,1
4272,11798,ctx_brand > ctx_brand > ctx_brand > ctx_category > influencer > retarget,6,1
4273,18672,influencer > cpa > cpa > retarget,4,1
4274,31272,influencer > ctx_brand > ctx_brand > retarget,4,1
4275,26156,influencer > cpa > influencer > cpa > retarget,5,1
4276,38394,influencer > social > retarget,3,1
4277,8873,influencer > ctx_category > retarget > ctx_category > retarget,5,1
4278,6206,influencer > retarget > cpa > retarget,4,1
4279,20366,ctx_brand > retarget > ctx_brand > ctx_category > retarget,5,1
4280,8626,ctx_brand > retarget > retarget,3,1
4281,21202,ctx_brand > ctx_brand > retarget > retarget,4,1
4282,15985,influencer > social > ctx_category > cpa,4,1
4283,16427,retarget > ctx_category > ctx_category > retarget > retarget,5,1
4284,39388,ctx_category > ctx_category > influencer > retarget,4,1
4285,39755,organic > retarget,2,1
4286,17615,influencer > ctx_brand > influencer > retarget > ctx_category > retarget,6,1
4287,17659,influencer > ctx_category,2,1
4288,23069,influencer > social > ctx_category > retarget > retarget > retarget,6,1
4289,28251,social > retarget,2,1
4290,23714,social > ctx_category > cpa > retarget > retarget,5,1
4291,18009,organic > retarget,2,1
4292,22340,influencer > cpa > ctx_category > retarget,4,1
4293,33673,organic > retarget,2,1
4294,25138,influencer > ctx_category > retarget > ctx_category > retarget > retarget > retarget,7,1
4295,23155,influencer > organic > retarget,3,1
4296,33703,influencer > organic > retarget,3,1
4297,9599,influencer > social > social > retarget > retarget,5,1
4298,25433,retarget > social > ctx_category > ctx_category > ctx_brand > retarget,6,1
4299,3528,organic > retarget,2,1
4300,21437,influencer > retarget > cpa,3,1
4301,35407,influencer > ctx_category > cpa > retarget,4,1
4302,30912,cpa > ctx_category > cpa > retarget,4,1
4303,38861,retarget > influencer > retarget,3,1
4304,9960,cpa,1,1
4305,11858,influencer > influencer > ctx_brand > cpa > social > retarget,6,1
4306,13651,retarget > ctx_category > retarget,3,1
4307,7775,influencer > cpa > social > retarget,4,1
4308,18106,ctx_brand > ctx_brand > ctx_brand > retarget,4,1
4309,10550,influencer > retarget > ctx_category > ctx_category > retarget > retarget,6,1
4310,37507,ctx_brand > retarget,2,1
4311,34419,ctx_brand > social > retarget,3,1
4312,35939,ctx_brand > ctx_brand > cpa > retarget,4,1
4313,9595,ctx_category > ctx_category > cpa > retarget > retarget,5,1
4314,35537,retarget > ctx_brand > ctx_brand > retarget,4,1
4315,20345,ctx_brand > retarget,2,1
4316,18096,influencer > ctx_category > influencer > retarget > ctx_brand > retarget,6,1
4317,15696,ctx_brand > retarget > ctx_brand,3,1
4318,34911,ctx_brand > ctx_brand > retarget,3,1
4319,3872,ctx_category > retarget > cpa > retarget,4,1
4320,38590,influencer > ctx_category > ctx_brand > ctx_brand > retarget > retarget,6,1
4321,22987,ctx_category > social > retarget,3,1
4322,7359,retarget > ctx_brand > ctx_brand > ctx_brand > retarget,5,1
4323,32443,influencer > social > retarget,3,1
4324,1293,influencer > ctx_brand > influencer > ctx_brand > retarget,5,1
4325,38816,ctx_brand > cpa > retarget,3,1
4326,13727,cpa > influencer > retarget,3,1
4327,21133,retarget > social > ctx_brand > retarget,4,1
4328,16576,organic,1,1
4329,11785,influencer > cpa > retarget > retarget,4,1
4330,36707,ctx_category > influencer,2,1
4331,34235,influencer > ctx_category > cpa > ctx_category > ctx_category > retarget,6,1
4332,37848,cpa > ctx_brand > retarget,3,1
4333,11019,organic > retarget,2,1
4334,5033,social > influencer > retarget,3,1
4335,37475,influencer > influencer > retarget > cpa > influencer > retarget,6,1
4336,29932,ctx_category > ctx_category > cpa > social > retarget,5,1
4337,21326,social > cpa,2,1
4338,19438,social > retarget,2,1
4339,30986,influencer > cpa > retarget > retarget,4,1
4340,31329,influencer > ctx_category > retarget,3,1
4341,5996,organic > retarget,2,1
4342,5311,influencer > social > retarget,3,1
4343,17282,retarget > cpa > influencer,3,1
4344,34894,influencer > ctx_brand > retarget,3,1
4345,8495,influencer > retarget > retarget > retarget,4,1
4346,28182,retarget > retarget,2,1
4347,8356,organic > retarget,2,1
4348,9893,retarget > social > social > cpa > retarget > retarget,6,1
4349,28393,retarget > ctx_category > ctx_category,3,1
4350,13613,influencer > ctx_brand > ctx_category > ctx_category > retarget,5,1
4351,24601,retarget > retarget,2,1
4352,16030,ctx_brand > retarget,2,1
4353,35892,ctx_brand > ctx_category > ctx_category > retarget,4,1
4354,1716,retarget > cpa > retarget,3,1
4355,6636,organic,1,1
4356,27205,influencer > retarget,2,1
4357,38761,cpa > cpa > retarget,3,1
4358,17880,cpa > cpa > cpa > retarget,4,1
4359,1416,ctx_category > influencer > cpa > ctx_category > retarget,5,1
4360,11633,influencer > ctx_category > ctx_category > social > ctx_brand > retarget > ctx_category > retarget,8,1
4361,5014,retarget > ctx_brand > ctx_brand,3,1
4362,38743,cpa > ctx_brand > ctx_brand > cpa > retarget,5,1
4363,10212,social > retarget > ctx_category > social > ctx_category > cpa > retarget,7,1
4364,38955,influencer > retarget > retarget > ctx_category > retarget,5,1
4365,37137,cpa > retarget > ctx_category > cpa > retarget,5,1
4366,20392,organic > retarget,2,1
4367,21425,ctx_brand > influencer > ctx_brand > ctx_brand > retarget,5,1
4368,6869,influencer > ctx_category > retarget > ctx_brand > ctx_category > retarget,6,1
4369,7185,ctx_category > retarget > social > retarget,4,1
4370,27969,ctx_brand > ctx_category > ctx_brand > influencer > social > ctx_brand > retarget,7,1
4371,32050,retarget > cpa > ctx_brand > social > retarget,5,1
4372,4473,influencer > retarget > retarget > retarget > retarget,5,1
4373,19813,ctx_brand > influencer > retarget,3,1
4374,22198,retarget > ctx_brand > retarget > social,4,1
4375,12936,ctx_brand > retarget,2,1
4376,35454,influencer > ctx_category > retarget > ctx_category > ctx_brand > retarget > retarget,7,1
4377,17668,influencer > organic > retarget,3,1
4378,39549,ctx_brand > social > social > retarget,4,1
4379,24045,ctx_category > ctx_brand,2,1
4380,31547,influencer > ctx_brand > cpa > retarget,4,1
4381,14998,influencer > social > cpa > retarget,4,1
4382,30383,retarget > ctx_category > social > influencer > retarget,5,1
4383,3903,ctx_brand > retarget > ctx_brand > ctx_category,4,1
4384,34689,influencer > retarget > social > ctx_category > retarget,5,1
4385,29882,retarget,1,1
4386,14145,influencer > retarget > social > retarget,4,1
4387,36748,social > retarget,2,1
4388,30926,ctx_category > retarget,2,1
4389,6647,ctx_category > influencer > retarget,3,1
4390,17987,cpa > ctx_brand > retarget,3,1
4391,27483,ctx_category > ctx_brand > ctx_brand > retarget,4,1
4392,16259,retarget > social > retarget,3,1
4393,457,influencer > ctx_brand > retarget,3,1
4394,22827,influencer > ctx_brand > ctx_brand > social > retarget,5,1
4395,28250,retarget > retarget > social > influencer > retarget,5,1
4396,10928,ctx_brand > retarget,2,1
4397,5723,influencer > retarget > retarget,3,1
4398,37778,influencer > retarget > retarget > retarget > retarget,5,1
4399,36806,retarget > retarget > retarget,3,1
4400,36217,ctx_brand > retarget,2,1
4401,33543,retarget > cpa > retarget,3,1
4402,8522,retarget > ctx_brand > retarget,3,1
4403,29229,social > retarget > retarget,3,1
4404,33833,influencer > retarget,2,1
4405,25254,ctx_brand > ctx_category > social > retarget,4,1
4406,3339,ctx_category > ctx_category > ctx_brand > social > retarget,5,1
4407,5603,social > ctx_category > social > retarget,4,1
4408,7025,influencer > ctx_category > cpa > retarget,4,1
4409,1188,influencer > ctx_category > influencer > ctx_brand > ctx_brand > retarget,6,1
4410,4578,influencer > retarget > ctx_category > social > ctx_category > retarget,6,1
4411,10980,retarget > ctx_brand > retarget,3,1
4412,34330,cpa > ctx_brand > retarget > ctx_brand > ctx_brand > retarget,6,1
4413,26516,influencer > ctx_category > social > retarget,4,1
4414,34194,influencer > ctx_category > retarget > retarget > social > ctx_category > ctx_brand > ctx_brand > retarget,9,1
4415,25946,influencer > ctx_category > retarget > ctx_brand > influencer > retarget,6,1
4416,38862,cpa > retarget,2,1
4417,4246,ctx_category > cpa > retarget > cpa > retarget,5,1
4418,37789,influencer > ctx_category > cpa > ctx_category > retarget,5,1
4419,10941,ctx_brand > ctx_brand > retarget,3,1
4420,11546,influencer > ctx_brand > retarget > social > retarget,5,1
4421,16180,ctx_brand > cpa > ctx_category > retarget,4,1
4422,10491,retarget > ctx_brand > social > retarget,4,1
4423,24255,social > ctx_category > retarget,3,1
4424,2935,influencer > ctx_category > social > ctx_category > retarget,5,1
4425,2693,retarget > retarget,2,1
4426,29101,organic > retarget,2,1
4427,8445,influencer > ctx_category > ctx_category > retarget,4,1
4428,720,organic > retarget,2,1
4429,24486,social > influencer > retarget > retarget,4,1
4430,29485,retarget > social > retarget > retarget,4,1
4431,4415,influencer > retarget,2,1
4432,28740,cpa > retarget,2,1
4433,6962,influencer > organic > retarget,3,1
4434,32272,retarget > cpa > retarget,3,1
4435,24334,cpa > ctx_category > retarget > retarget > retarget,5,1
4436,32079,organic > retarget,2,1
4437,30638,influencer > social > cpa > cpa > retarget,5,1
4438,11975,ctx_category > ctx_brand > retarget,3,1
4439,791,ctx_brand > retarget,2,1
4440,23845,ctx_brand > ctx_category > ctx_brand > retarget,4,1
4441,15351,ctx_brand > ctx_category > influencer > retarget,4,1
4442,2030,ctx_category > retarget,2,1
4443,29084,ctx_brand > retarget,2,1
4444,19183,retarget > retarget > cpa > retarget,4,1
4445,22496,ctx_brand > ctx_brand,2,1
4446,9519,ctx_category > cpa > ctx_brand > social > retarget,5,1
4447,8675,ctx_brand > ctx_category > retarget,3,1
4448,28020,ctx_category > ctx_category > retarget,3,1
4449,16786,influencer > ctx_category > ctx_category > influencer > retarget,5,1
4450,262,ctx_brand > ctx_category > ctx_brand > ctx_category > ctx_brand > retarget,6,1
4451,12197,influencer > retarget,2,1
4452,9706,ctx_brand > social > retarget,3,1
4453,23854,influencer > influencer > retarget,3,1
4454,32016,ctx_brand > ctx_brand > cpa > retarget,4,1
4455,2319,influencer > ctx_brand > ctx_brand > cpa > influencer > retarget,6,1
4456,6390,social > cpa > retarget,3,1
4457,2892,influencer > cpa > influencer > influencer > retarget,5,1
4458,12493,cpa > retarget > ctx_category > ctx_category > cpa > retarget,6,1
4459,20895,ctx_brand > ctx_category > retarget > retarget,4,1
4460,35189,influencer > ctx_category > retarget > social > ctx_category > retarget,6,1
4461,12260,ctx_category > retarget,2,1
4462,19952,influencer > influencer > ctx_category > ctx_brand,4,1
4463,31062,ctx_brand > retarget,2,1
4464,17131,social > ctx_category > ctx_brand > retarget,4,1
4465,34470,retarget > retarget,2,1
4466,26279,retarget > ctx_category > ctx_category > retarget,4,1
4467,1743,influencer,1,1
4468,23884,influencer > ctx_brand > retarget > retarget,4,1
4469,9969,ctx_brand > social > retarget,3,1
4470,17699,ctx_category > cpa > ctx_category > retarget,4,1
4471,33358,ctx_category > social > retarget,3,1
4472,3910,social > ctx_brand > social > retarget,4,1
4473,24293,retarget > retarget,2,1
4474,9828,ctx_category > retarget,2,1
4475,17400,ctx_category > cpa > cpa > social > retarget,5,1
4476,38859,influencer > ctx_category > retarget > retarget,4,1
4477,34759,social > retarget,2,1
4478,1276,retarget > influencer,2,1
4479,17926,influencer > cpa > retarget,3,1
4480,7089,influencer > retarget > ctx_brand > retarget,4,1
4481,26052,influencer > ctx_category > cpa > cpa > retarget,5,1
4482,14979,influencer > retarget > ctx_category > cpa > retarget,5,1
4483,38408,retarget,1,1
4484,10836,influencer > retarget > ctx_category > retarget,4,1
4485,878,influencer > ctx_category > ctx_category > retarget,4,1
4486,36739,influencer > retarget > ctx_category > retarget,4,1
4487,20249,ctx_category > retarget > retarget > retarget,4,1
4488,33215,cpa > ctx_category,2,1
4489,36181,influencer > organic > retarget,3,1
4490,15102,influencer > retarget > retarget,3,1
4491,17277,ctx_brand > ctx_brand > social,3,1
4492,15965,retarget > retarget > ctx_brand > retarget,4,1
4493,36585,influencer > retarget > ctx_category > ctx_category > ctx_brand > social > retarget,7,1
4494,25003,retarget > cpa > social > ctx_brand > retarget,5,1
4495,29570,social > retarget,2,1
4496,24878,organic > retarget,2,1
4497,27127,retarget > ctx_brand > ctx_brand > retarget,4,1
4498,15936,influencer > retarget,2,1
4499,17801,cpa > retarget > retarget,3,1
4500,36354,ctx_category > retarget,2,1
4501,20856,social > retarget > retarget,3,1
4502,10815,cpa > social > retarget > retarget,4,1
4503,6378,influencer > organic > retarget,3,1
4504,18154,ctx_category,1,1
4505,3360,cpa > retarget,2,1
4506,30006,social > cpa > cpa > retarget,4,1
4507,8609,social > influencer > retarget,3,1
4508,32438,influencer > social > ctx_brand > influencer,4,1
4509,18430,retarget > social > influencer > retarget,4,1
4510,1110,ctx_brand > ctx_category > cpa > retarget > ctx_category > retarget,6,1
4511,37722,ctx_category > influencer > social,3,1
4512,15620,ctx_category > retarget,2,1
4513,18447,ctx_category > retarget,2,1
4514,90,ctx_brand > ctx_brand > ctx_category > retarget,4,1
4515,30764,ctx_category > retarget > ctx_category > influencer > social > retarget,6,1
4516,28153,ctx_brand > retarget > retarget,3,1
4517,28782,influencer > ctx_brand > ctx_category > ctx_brand > retarget,5,1
4518,24520,social > ctx_category > social > retarget,4,1
4519,12146,ctx_category > retarget > retarget > retarget,4,1
4520,31583,ctx_category > retarget > retarget,3,1
4521,37770,retarget > retarget > ctx_category > cpa > retarget,5,1
4522,9749,influencer > social,2,1
4523,20176,cpa > retarget,2,1
4524,22920,social > social > retarget,3,1
4525,5157,social > ctx_brand > retarget > retarget,4,1
4526,39445,influencer > organic > retarget,3,1
4527,29417,influencer > retarget > retarget > retarget > ctx_category > retarget,6,1
4528,21695,social > retarget,2,1
4529,19858,influencer > retarget > influencer > retarget,4,1
4530,2531,influencer > cpa > influencer > ctx_category > retarget,5,1
4531,11823,influencer > organic > retarget,3,1
4532,11207,ctx_category > ctx_category > social > retarget,4,1
4533,7130,influencer > influencer > retarget > retarget,4,1
4534,35536,influencer > ctx_brand > retarget > retarget,4,1
4535,7329,influencer > retarget > retarget,3,1
4536,12315,social > ctx_brand > retarget,3,1
4537,13249,influencer > social > social > retarget,4,1
4538,13966,influencer > ctx_category > retarget,3,1
4539,31887,ctx_category > retarget,2,1
4540,4447,cpa > retarget > cpa > retarget,4,1
4541,5171,ctx_brand > ctx_brand > ctx_category > ctx_brand > ctx_category > social > retarget,7,1
4542,21852,ctx_category > social > retarget,3,1
4543,19203,ctx_brand > retarget,2,1
4544,2328,influencer > retarget > retarget,3,1
4545,7975,retarget > ctx_category > retarget,3,1
4546,24356,organic > retarget,2,1
4547,17100,ctx_category > retarget,2,1
4548,27555,ctx_category > ctx_category > retarget > retarget,4,1
4549,26128,influencer > ctx_category > ctx_category > ctx_category,4,1
4550,15708,organic > retarget,2,1
4551,37060,cpa > ctx_category > retarget > social > retarget,5,1
4552,23583,cpa,1,1
4553,5480,influencer > ctx_category > cpa > retarget,4,1
4554,10835,retarget > social > social > retarget,4,1
4555,20042,ctx_category > cpa > retarget > retarget,4,1
4556,2543,influencer > social > ctx_brand > influencer > retarget,5,1
4557,17064,influencer > retarget > ctx_brand > retarget,4,1
4558,16987,cpa > ctx_category > social > social > retarget,5,1
4559,30412,influencer > influencer > retarget > ctx_brand > retarget,5,1
4560,31367,influencer > ctx_brand > cpa > retarget,4,1
4561,5137,retarget > cpa,2,1
4562,14728,influencer > social > retarget > cpa,4,1
4563,39237,influencer > cpa > retarget > ctx_brand > retarget,5,1
4564,9947,social > influencer > retarget,3,1
4565,37810,influencer,1,1
4566,36132,retarget > social > ctx_category > retarget,4,1
4567,24422,organic > retarget,2,1
4568,8632,influencer > social > social > retarget,4,1
4569,11018,influencer > ctx_category > retarget,3,1
4570,23844,retarget > influencer > social > retarget,4,1
4571,34507,social > influencer > ctx_category > cpa > ctx_category > retarget,6,1
4572,24164,cpa > ctx_category > cpa > ctx_category > retarget,5,1
4573,7479,ctx_brand > ctx_brand,2,1
4574,14275,influencer > ctx_brand > retarget,3,1
4575,17050,influencer > ctx_category > ctx_category > retarget > retarget,5,1
4576,19081,influencer > organic > retarget,3,1
4577,24770,organic > retarget,2,1
4578,36992,influencer > influencer > ctx_category,3,1
4579,33827,influencer > social > retarget > influencer > retarget > retarget,6,1
4580,8564,influencer > social > ctx_category > retarget,4,1
4581,18648,social > retarget > retarget,3,1
4582,17409,influencer > ctx_brand > ctx_brand > cpa > retarget > influencer > retarget,7,1
4583,16805,influencer > social > retarget,3,1
4584,28062,ctx_category > influencer > social > retarget,4,1
4585,15522,influencer > cpa > retarget > retarget,4,1
4586,25475,influencer > cpa > ctx_category > influencer > influencer > ctx_brand > cpa > retarget,8,1
4587,39255,social > ctx_category > cpa,3,1
4588,6753,retarget > influencer > influencer,3,1
4589,11906,influencer > ctx_brand > ctx_category > social > retarget,5,1
4590,1804,ctx_brand > ctx_category > retarget,3,1
4591,34263,social > retarget,2,1
4592,30454,influencer > ctx_brand > social > retarget,4,1
4593,10738,influencer > influencer > social > influencer > retarget > retarget,6,1
4594,25383,influencer > ctx_category > social > retarget,4,1
4595,15179,influencer > influencer > retarget,3,1
4596,35080,ctx_brand > retarget > cpa > retarget,4,1
4597,10861,social > cpa > cpa > retarget > ctx_category,5,1
4598,1375,influencer > cpa > social > retarget,4,1
4599,3117,social > retarget,2,1
4600,21765,influencer > ctx_brand > ctx_brand > social > retarget > retarget,6,1
4601,18583,cpa > retarget,2,1
4602,29513,ctx_category > influencer > retarget > retarget,4,1
4603,18118,influencer > organic > retarget,3,1
4604,9982,ctx_brand > ctx_brand > cpa > cpa > ctx_brand > retarget,6,1
4605,13128,social > retarget,2,1
4606,5812,ctx_brand > ctx_brand > retarget,3,1
4607,18683,ctx_category > influencer > retarget,3,1
4608,35417,retarget > retarget > retarget > ctx_category > retarget,5,1
4609,1185,retarget > retarget,2,1
4610,7689,ctx_category > cpa > ctx_brand > retarget,4,1
4611,3001,cpa > retarget,2,1
4612,9498,ctx_brand > ctx_brand > social > ctx_category > retarget,5,1
4613,37487,cpa > cpa > cpa > ctx_category > retarget,5,1
4614,18744,ctx_category > ctx_category > ctx_category,3,1
4615,36754,cpa > retarget,2,1
4616,4061,influencer > retarget > influencer > ctx_category > retarget > ctx_brand > retarget,7,1
4617,8385,influencer > social > retarget > ctx_category > social > ctx_brand > retarget,7,1
4618,36531,influencer > social > retarget > retarget,4,1
4619,23336,ctx_brand > ctx_brand > retarget,3,1
4620,10166,ctx_brand > social > retarget,3,1
4621,28769,organic > retarget,2,1
4622,17903,ctx_brand > retarget,2,1
4623,4376,cpa > ctx_category > retarget,3,1
4624,12201,retarget > retarget > retarget,3,1
4625,35866,influencer > influencer > ctx_category,3,1
4626,5437,influencer > retarget > social > ctx_category > retarget > retarget,6,1
4627,15902,ctx_brand > cpa > retarget,3,1
4628,14524,ctx_brand > social > retarget > retarget,4,1
4629,32936,retarget > influencer > ctx_brand > retarget,4,1
4630,28974,social > retarget,2,1
4631,29963,social > ctx_category > ctx_brand > retarget,4,1
4632,28011,social > cpa,2,1
4633,32506,influencer > cpa > ctx_brand > retarget,4,1
4634,26155,influencer > retarget > ctx_category > cpa > retarget > retarget,6,1
4635,27847,social > ctx_brand > cpa > retarget,4,1
4636,21616,retarget > cpa > influencer > ctx_category > retarget,5,1
4637,15246,retarget > ctx_brand > retarget,3,1
4638,38043,influencer > ctx_brand > retarget,3,1
4639,11263,ctx_category > social > cpa > influencer > retarget,5,1
4640,36072,social > influencer > retarget,3,1
4641,4644,retarget > retarget,2,1
4642,5722,influencer > ctx_category,2,1
4643,8674,cpa > retarget,2,1
4644,5439,retarget > cpa > influencer > retarget,4,1
4645,19336,influencer > ctx_brand,2,1
4646,23994,social,1,1
4647,33997,retarget > cpa > retarget,3,1
4648,16243,ctx_category > ctx_category > cpa > retarget,4,1
4649,23420,influencer > ctx_category > retarget > cpa > cpa,5,1
4650,3083,influencer > ctx_brand > retarget > retarget,4,1
4651,39660,social > ctx_brand > retarget,3,1
4652,32661,retarget > ctx_category > retarget > retarget > ctx_category > retarget,6,1
4653,26984,influencer > ctx_brand > social,3,1
4654,33863,influencer > cpa > cpa > retarget > ctx_category > retarget,6,1
4655,13362,influencer > ctx_category > influencer > ctx_brand > ctx_brand > retarget,6,1
4656,37013,ctx_brand > retarget,2,1
4657,11554,influencer > influencer > retarget,3,1
4658,34458,influencer > influencer > retarget,3,1
4659,24471,retarget > ctx_category,2,1
4660,6508,ctx_brand > cpa > retarget,3,1
4661,16037,cpa > ctx_category,2,1
4662,1253,influencer > influencer > retarget > retarget,4,1
4663,28488,influencer > retarget > ctx_category > retarget,4,1
4664,38286,influencer > ctx_brand > ctx_category > ctx_brand > retarget,5,1
4665,21544,influencer > social > cpa > retarget > retarget,5,1
4666,39242,social > ctx_brand,2,1
4667,20638,influencer > influencer > ctx_category > ctx_brand > retarget,5,1
4668,2163,ctx_category > cpa > ctx_brand > cpa > retarget,5,1
4669,12618,ctx_category > ctx_category > retarget,3,1
4670,10026,influencer > ctx_brand > retarget,3,1
4671,13448,influencer > ctx_category > retarget,3,1
4672,109,ctx_brand > influencer > retarget,3,1
4673,91,influencer > ctx_brand > retarget > retarget,4,1
4674,39907,ctx_category > ctx_category > social > cpa > retarget,5,1
4675,26695,ctx_brand > ctx_category > retarget > retarget,4,1
4676,8190,cpa > retarget,2,1
4677,37267,influencer > retarget > influencer > retarget > retarget,5,1
4678,19707,ctx_brand > ctx_category > cpa > social > retarget,5,1
4679,3313,social > retarget > retarget,3,1
4680,33395,influencer > ctx_brand > retarget,3,1
4681,12458,influencer > influencer > retarget,3,1
4682,37550,ctx_category > ctx_category > retarget,3,1
4683,13177,cpa > influencer > retarget > ctx_category > influencer > retarget,6,1
4684,18576,influencer > retarget > retarget,3,1
4685,33281,influencer > ctx_category > ctx_brand > retarget,4,1
4686,22427,ctx_category > cpa > cpa > retarget,4,1
4687,13976,ctx_brand > cpa > cpa > social > retarget,5,1
4688,19818,social > cpa > ctx_category > retarget > retarget,5,1
4689,37830,ctx_category > retarget > retarget,3,1
4690,29799,ctx_brand > retarget > ctx_category > cpa > retarget > retarget,6,1
4691,17027,influencer > retarget > social > retarget > retarget,5,1
4692,6290,ctx_category > cpa > ctx_brand > retarget,4,1
4693,29157,retarget > retarget,2,1
4694,21190,ctx_category > ctx_category > retarget,3,1
4695,888,retarget > retarget > cpa > retarget,4,1
4696,34374,cpa > cpa > ctx_category > retarget > retarget,5,1
4697,38931,influencer > retarget > influencer > retarget,4,1
4698,15934,social > ctx_brand > ctx_brand > ctx_brand > retarget,5,1
4699,6050,retarget,1,1
4700,26629,influencer > influencer > cpa > retarget,4,1
4701,12179,influencer > ctx_category > cpa > retarget,4,1
4702,19522,influencer > retarget,2,1
4703,20090,social > cpa > retarget > retarget > retarget,5,1
4704,8234,influencer > retarget > retarget,3,1
4705,28278,ctx_category > retarget > retarget,3,1
4706,28682,social > ctx_category > retarget,3,1
4707,20675,retarget > retarget,2,1
4708,28634,influencer > ctx_category > ctx_brand > retarget,4,1
4709,20160,cpa > retarget,2,1
4710,31639,ctx_brand > retarget > ctx_category > retarget,4,1
4711,4553,influencer > ctx_brand > retarget,3,1
4712,1598,influencer > ctx_brand > retarget > ctx_brand > retarget,5,1
4713,34851,social > retarget,2,1
4714,6484,ctx_category > ctx_brand > retarget,3,1
4715,4354,retarget > retarget,2,1
4716,8652,cpa > retarget,2,1
4717,1052,retarget > influencer > cpa > ctx_brand > retarget,5,1
4718,704,influencer > retarget > retarget,3,1
4719,14883,ctx_brand > retarget,2,1
4720,20440,ctx_category > cpa,2,1
4721,11923,cpa > retarget,2,1
4722,6530,retarget > cpa > retarget,3,1
4723,18115,influencer > cpa > retarget,3,1
4724,23718,ctx_category > retarget,2,1
4725,5936,organic,1,1
4726,6745,social > retarget,2,1
4727,3104,influencer > influencer > ctx_brand > influencer > retarget,5,1
4728,37376,ctx_brand > ctx_category > retarget,3,1
4729,18775,cpa > ctx_brand > ctx_brand > ctx_brand > ctx_category,5,1
4730,3371,cpa > ctx_brand > retarget,3,1
4731,24826,retarget > ctx_category > social > ctx_brand > ctx_brand > ctx_brand > retarget,7,1
4732,38687,ctx_category > retarget > retarget,3,1
4733,21540,social > ctx_category,2,1
4734,5844,influencer > social > influencer > retarget,4,1
4735,7857,retarget > retarget,2,1
4736,30377,ctx_brand > ctx_category > ctx_category > ctx_category > retarget > retarget,6,1
4737,14973,retarget > ctx_brand > retarget,3,1
4738,26863,influencer > retarget > influencer > retarget,4,1
4739,21962,ctx_category,1,1
4740,26023,ctx_brand > ctx_category > influencer > cpa > retarget,5,1
4741,27636,social > ctx_brand > retarget,3,1
4742,32690,cpa > influencer > cpa > retarget > retarget,5,1
4743,24754,influencer > retarget > retarget > retarget > retarget,5,1
4744,14367,influencer > cpa > cpa > ctx_category > retarget,5,1
4745,9967,influencer > influencer > retarget,3,1
4746,28281,influencer > ctx_brand > cpa > ctx_category > ctx_category > retarget,6,1
4747,30155,ctx_category > retarget,2,1
4748,21492,retarget > retarget > retarget,3,1
4749,27535,ctx_brand > retarget > retarget > retarget,4,1
4750,29469,ctx_category,1,1
4751,16340,influencer > influencer > ctx_brand > retarget > retarget,5,1
4752,25516,ctx_category > retarget > ctx_brand > retarget,4,1
4753,8136,influencer > influencer > retarget > retarget,4,1
4754,28256,retarget > ctx_brand > ctx_brand > cpa > retarget,5,1
4755,13910,influencer > cpa > social > retarget > cpa > retarget,6,1
4756,15258,retarget > retarget,2,1
4757,36011,influencer > cpa > ctx_category > retarget,4,1
4758,37864,ctx_brand > ctx_category > ctx_brand > retarget,4,1
4759,18776,influencer > retarget > ctx_category > retarget,4,1
4760,11618,cpa,1,1
4761,2067,cpa > retarget,2,1
4762,38457,influencer > social > retarget > influencer,4,1
4763,18409,influencer > influencer > cpa > influencer > retarget,5,1
4764,5393,ctx_category > influencer,2,1
4765,1853,influencer > retarget > influencer > ctx_category > retarget,5,1
4766,16819,influencer > ctx_category > retarget,3,1
4767,7084,influencer > retarget > cpa > retarget,4,1
4768,2772,social > retarget > retarget,3,1
4769,22673,ctx_brand,1,1
4770,15211,influencer > ctx_brand > cpa > retarget,4,1
4771,22029,cpa > cpa > influencer > retarget,4,1
4772,14441,organic > retarget,2,1
4773,16469,influencer > social > ctx_category > retarget > retarget,5,1
4774,34543,ctx_brand > influencer > ctx_category > retarget,4,1
4775,8009,ctx_brand > retarget,2,1
4776,36200,ctx_brand > retarget,2,1
4777,29364,influencer > social > ctx_brand > ctx_brand > ctx_category > retarget,6,1
4778,1834,ctx_category > retarget > influencer > retarget > retarget,5,1
4779,39681,cpa > retarget,2,1
4780,37465,influencer > cpa > influencer > retarget,4,1
4781,27174,influencer > ctx_brand > ctx_brand > influencer > cpa > retarget,6,1
4782,5806,influencer > ctx_category > retarget,3,1
4783,25838,influencer > ctx_brand > ctx_brand > retarget,4,1
4784,4555,influencer > ctx_brand > retarget > ctx_category > cpa > retarget,6,1
4785,36476,ctx_category > influencer > retarget,3,1
4786,2488,social > ctx_category,2,1
4787,12653,ctx_brand > ctx_brand > social > ctx_category,4,1
4788,16840,ctx_brand > retarget > influencer,3,1
4789,35029,social > retarget,2,1
4790,5485,ctx_category > cpa > ctx_category > ctx_category > ctx_brand,5,1
4791,17831,organic > retarget,2,1
4792,35668,retarget > cpa > ctx_category > social > cpa > retarget,6,1
4793,4480,cpa > retarget,2,1
4794,29379,ctx_category > retarget,2,1
4795,7090,social > ctx_brand > retarget > ctx_category,4,1
4796,13450,social > social > retarget > retarget,4,1
4797,30508,retarget > ctx_category > cpa > retarget,4,1
4798,32248,social,1,1
4799,1845,retarget > retarget,2,1
4800,943,ctx_brand > retarget > retarget,3,1
4801,1852,retarget > cpa > retarget,3,1
4802,32635,retarget > retarget,2,1
4803,31037,cpa > cpa > retarget,3,1
4804,23252,influencer > social,2,1
4805,19421,ctx_category > retarget,2,1
4806,26041,social > influencer > retarget,3,1
4807,21019,influencer > ctx_category > ctx_category > ctx_category > retarget,5,1
4808,6703,ctx_category > cpa > ctx_brand > ctx_brand > retarget,5,1
4809,23725,cpa > retarget,2,1
4810,21252,ctx_category > ctx_category > social > retarget,4,1
4811,32592,ctx_category > social > retarget > retarget > retarget,5,1
4812,2933,influencer > ctx_brand > social > retarget,4,1
4813,29982,ctx_category > ctx_brand > ctx_brand > retarget,4,1
4814,29758,social > retarget > retarget,3,1
4815,10611,cpa > retarget > influencer > retarget,4,1
4816,37279,organic,1,1
4817,34845,influencer > ctx_brand > ctx_category > retarget,4,1
4818,17370,influencer > ctx_category > influencer > retarget,4,1
4819,1159,ctx_category > cpa > ctx_brand > cpa > retarget,5,1
4820,2721,social > ctx_category > retarget,3,1
4821,13367,influencer > retarget > cpa > retarget,4,1
4822,2896,influencer > retarget,2,1
4823,9298,retarget > retarget > social > cpa > retarget,5,1
4824,37313,social > retarget > influencer > cpa > ctx_brand > retarget,6,1
4825,9699,ctx_brand > retarget > social > retarget,4,1
4826,24275,influencer > influencer > ctx_category > retarget,4,1
4827,21861,retarget > retarget > ctx_category > ctx_brand > retarget,5,1
4828,16348,retarget > ctx_brand > ctx_brand > cpa > retarget,5,1
4829,8166,influencer > ctx_category > retarget,3,1
4830,27677,retarget > cpa > ctx_brand > retarget,4,1
4831,26638,influencer > ctx_category,2,1
4832,1434,ctx_brand > influencer > ctx_category > ctx_category > retarget,5,1
4833,25581,ctx_brand > ctx_category > ctx_brand > retarget,4,1
4834,4865,retarget > ctx_category > influencer > cpa > retarget,5,1
4835,7246,influencer > retarget > influencer,3,1
4836,25105,cpa > social > retarget,3,1
4837,2215,retarget > social > ctx_brand > retarget,4,1
4838,14629,social > ctx_category > retarget,3,1
4839,15566,organic > retarget,2,1
4840,6283,influencer > ctx_category,2,1
4841,21933,cpa > ctx_category > ctx_category > retarget,4,1
4842,7183,influencer > ctx_category > retarget,3,1
4843,7344,influencer > retarget > ctx_category > ctx_brand > cpa > social > retarget,7,1
4844,12708,influencer > ctx_category > ctx_brand > retarget,4,1
4845,22916,social > cpa > influencer > influencer > retarget > cpa > ctx_category > retarget,8,1
4846,16378,influencer > ctx_category > retarget > retarget,4,1
4847,39067,influencer > influencer > ctx_brand,3,1
4848,1407,cpa > cpa > ctx_brand > retarget,4,1
4849,7420,retarget > retarget,2,1
4850,14886,influencer > ctx_category > social > ctx_category > retarget,5,1
4851,38818,ctx_category > influencer > ctx_category > retarget,4,1
4852,16625,influencer > ctx_category > ctx_brand > retarget,4,1
4853,4683,ctx_brand > retarget > ctx_category > cpa > retarget,5,1
4854,38263,influencer > cpa > retarget > retarget,4,1
4855,39580,influencer > retarget > cpa > retarget,4,1
4856,21688,retarget > retarget,2,1
4857,22588,retarget > ctx_brand > influencer > ctx_category > retarget,5,1
4858,5523,influencer > ctx_category > retarget > influencer > retarget,5,1
4859,12560,social > cpa > retarget,3,1
4860,17015,organic > retarget,2,1
4861,26313,ctx_brand > social > influencer > ctx_category > influencer > retarget,6,1
4862,10707,influencer > ctx_brand > retarget,3,1
4863,16959,influencer > cpa,2,1
4864,35903,influencer > influencer > retarget > retarget > retarget > ctx_brand > retarget,7,1
4865,39092,ctx_brand > cpa > ctx_brand,3,1
4866,27155,influencer > influencer > ctx_brand > retarget > ctx_category > retarget,6,1
4867,15283,influencer > retarget > ctx_brand,3,1
4868,38137,cpa > ctx_category > influencer > retarget,4,1
4869,16186,ctx_category > retarget > retarget,3,1
4870,22970,organic > retarget,2,1
4871,30559,ctx_category > retarget,2,1
4872,36149,retarget > ctx_brand > ctx_category > cpa > retarget > ctx_category > retarget,7,1
4873,14990,influencer > retarget > retarget,3,1
4874,3964,influencer > organic > retarget,3,1
4875,32262,organic > retarget,2,1
4876,38077,cpa > ctx_brand > retarget,3,1
4877,37027,influencer > influencer > ctx_category > retarget,4,1
4878,7698,influencer > retarget > social > retarget,4,1
4879,15175,influencer > ctx_category > influencer > retarget,4,1
4880,28081,retarget > cpa > ctx_category > retarget,4,1
4881,37421,influencer > ctx_category > social > retarget > retarget,5,1
4882,7447,retarget > retarget > retarget,3,1
4883,20098,social > influencer > social > influencer > ctx_brand > retarget,6,1
4884,7924,ctx_brand > retarget > influencer,3,1
4885,5670,ctx_category > ctx_category > retarget > retarget,4,1
4886,26207,retarget > ctx_brand > retarget,3,1
4887,2412,ctx_category > influencer,2,1
4888,700,cpa > social > ctx_category > social > retarget,5,1
4889,15349,influencer > influencer > retarget > retarget,4,1
4890,942,organic,1,1
4891,23928,ctx_brand > retarget,2,1
4892,16408,influencer > ctx_category > retarget,3,1
4893,29327,social > social > ctx_category > retarget,4,1
4894,10356,influencer > cpa > retarget > social,4,1
4895,39533,influencer > social > cpa > social > influencer > ctx_brand > retarget,7,1
4896,22786,retarget > retarget > retarget,3,1
4897,7845,retarget > ctx_brand > retarget,3,1
4898,15433,influencer > retarget > retarget,3,1
4899,38234,organic > retarget,2,1
4900,26322,influencer > influencer > ctx_brand > retarget,4,1
4901,18049,social,1,1
4902,20418,ctx_category > influencer > social > retarget,4,1
4903,24808,influencer > social > ctx_brand > retarget > retarget,5,1
4904,21482,influencer > ctx_brand > influencer > cpa > cpa,5,1
4905,33055,ctx_brand > ctx_category > retarget,3,1
4906,20261,influencer > influencer > retarget,3,1
4907,37482,ctx_category,1,1
4908,19969,social > retarget > influencer > ctx_category > cpa > retarget,6,1
4909,32182,social > ctx_category > retarget,3,1
4910,37663,influencer > retarget > retarget,3,1
4911,33183,ctx_brand > ctx_category > retarget,3,1
4912,17478,influencer > ctx_brand > ctx_category > ctx_category > retarget > retarget > retarget,7,1
4913,15326,influencer > influencer > retarget,3,1
4914,34012,social > cpa > retarget,3,1
4915,2368,social > social > retarget,3,1
4916,4769,ctx_category > ctx_category > retarget,3,1
4917,10428,retarget > ctx_brand > retarget > retarget,4,1
4918,22040,ctx_category > retarget,2,1
4919,7506,influencer > influencer > ctx_category,3,1
4920,14521,influencer > social > retarget,3,1
4921,13045,ctx_brand > ctx_brand > ctx_category > retarget,4,1
4922,5780,cpa > social > retarget,3,1
4923,1195,influencer > ctx_category > ctx_category > retarget,4,1
4924,8750,organic,1,1
4925,14959,ctx_category > cpa > influencer > ctx_category > retarget,5,1
4926,37478,retarget > retarget,2,1
4927,19851,influencer > retarget > cpa > ctx_category > ctx_category > ctx_brand > retarget,7,1
4928,15233,influencer > ctx_brand > ctx_category,3,1
4929,8424,influencer > social > retarget > ctx_brand > retarget > retarget,6,1
4930,32351,influencer > cpa > retarget > ctx_brand > ctx_brand > ctx_category > retarget,7,1
4931,37994,ctx_category > cpa > social > social > retarget,5,1
4932,38679,retarget > ctx_category > cpa > ctx_category > ctx_category > retarget > retarget,7,1
4933,19995,ctx_category > ctx_category > ctx_brand > retarget > retarget,5,1
4934,3173,influencer > retarget > retarget,3,1
4935,23819,retarget > ctx_category > ctx_brand > cpa > cpa > retarget,6,1
4936,34528,social > influencer > retarget > ctx_brand > ctx_brand,5,1
4937,21866,influencer > retarget > retarget,3,1
4938,1393,influencer > cpa > influencer > ctx_category > social > retarget,6,1
4939,26506,influencer > cpa > ctx_category > influencer > retarget,5,1
4940,31982,social > retarget > retarget,3,1
4941,25909,influencer > social > ctx_category > ctx_brand > influencer > retarget,6,1
4942,19929,influencer > social > retarget,3,1
4943,38325,ctx_category > influencer > retarget > retarget,4,1
4944,37123,retarget > retarget > social > retarget,4,1
4945,23178,ctx_brand > ctx_brand > cpa > ctx_category,4,1
4946,8838,cpa > ctx_brand > ctx_category > ctx_brand > ctx_brand,5,1
4947,12007,retarget > ctx_brand > influencer > retarget,4,1
4948,3414,ctx_brand > retarget,2,1
4949,36161,ctx_category > retarget,2,1
4950,34742,retarget > ctx_brand > ctx_category > ctx_brand > retarget,5,1
4951,37000,influencer > retarget > retarget,3,1
4952,27493,ctx_brand > ctx_category > retarget,3,1
4953,34788,influencer > retarget,2,1
4954,38671,cpa > retarget > retarget,3,1
4955,24944,social > social > ctx_brand > retarget,4,1
4956,5344,ctx_brand > retarget,2,1
4957,39317,influencer > cpa > retarget > retarget,4,1
4958,1746,influencer > cpa > retarget,3,1
4959,2449,cpa > ctx_brand > social > retarget,4,1
4960,30519,influencer > cpa > retarget > cpa > retarget,5,1
4961,35873,social > ctx_brand > cpa > social > retarget > retarget,6,1
4962,32401,social > retarget > retarget,3,1
4963,11209,social > influencer > ctx_category > retarget,4,1
4964,4198,ctx_brand > ctx_category > ctx_brand > retarget,4,1
4965,10422,influencer > ctx_brand > ctx_brand > social > cpa > retarget,6,1
4966,17052,social > ctx_category > retarget,3,1
4967,23235,influencer > ctx_category > social > retarget,4,1
4968,21033,cpa > influencer > ctx_category > retarget,4,1
4969,28002,influencer > ctx_brand > retarget,3,1
4970,21520,influencer,1,1
4971,16633,social > influencer > ctx_category > retarget,4,1
4972,31114,ctx_category > ctx_category > retarget,3,1
4973,23169,ctx_brand > social > cpa > retarget,4,1
4974,14960,ctx_category > influencer > social > cpa > cpa > retarget,6,1
4975,26705,cpa > influencer > cpa > retarget,4,1
4976,10853,ctx_category > retarget > ctx_brand > retarget,4,1
4977,10025,influencer > social > retarget,3,1
4978,14942,retarget > social > retarget,3,1
4979,24264,retarget > retarget,2,1
4980,1064,influencer > retarget > retarget,3,1
4981,31470,influencer > retarget > social > retarget > retarget > cpa > retarget,7,1
4982,39332,influencer > retarget > ctx_category > retarget,4,1
4983,29989,ctx_brand > ctx_category > retarget,3,1
4984,29522,ctx_category > retarget > ctx_brand > retarget,4,1
4985,31923,influencer > ctx_category > ctx_brand > social > retarget,5,1
4986,6448,ctx_category > influencer > retarget,3,1
4987,35622,influencer > ctx_category > ctx_category > ctx_brand > retarget,5,1
4988,13043,influencer > ctx_brand > ctx_category > retarget,4,1
4989,16588,influencer > ctx_brand > retarget,3,1
4990,37230,ctx_category > ctx_category > retarget,3,1
4991,15623,ctx_category > influencer > social > retarget,4,1
4992,18329,organic > retarget,2,1
4993,26054,ctx_category > retarget,2,1
4994,22302,influencer > social > social > retarget,4,1
4995,34332,influencer > ctx_category > retarget,3,1
4996,31834,influencer > social > ctx_category > retarget,4,1
4997,16135,ctx_brand > influencer > influencer > retarget,4,1
4998,25800,cpa > ctx_brand,2,1
4999,17577,social > ctx_category > retarget,3,1
5000,31916,ctx_category > ctx_category > retarget > retarget,4,1
5001,8352,influencer > retarget,2,1
5002,31435,influencer > ctx_category > ctx_brand > retarget,4,1
5003,24924,influencer > cpa > influencer > retarget,4,1
5004,37375,influencer > retarget > social > retarget,4,1
5005,746,social > social > retarget,3,1
5006,20592,cpa > cpa > retarget,3,1
5007,20417,retarget > retarget,2,1
5008,16994,influencer > ctx_brand > ctx_brand,3,1
5009,8799,social > retarget,2,1
5010,2048,influencer > ctx_category > ctx_category > ctx_category > retarget > retarget,6,1
5011,5249,ctx_brand > ctx_brand > cpa > retarget,4,1
5012,5203,cpa > ctx_brand > retarget,3,1
5013,19992,influencer > social > ctx_category > ctx_category > retarget,5,1
5014,35155,influencer > retarget > retarget,3,1
5015,18387,ctx_category > ctx_category > cpa > social > retarget,5,1
5016,1111,influencer > influencer > cpa > cpa,4,1
5017,1665,organic > retarget,2,1
5018,25377,influencer > ctx_category > ctx_category > cpa > social,5,1
5019,30941,ctx_brand > ctx_category > retarget,3,1
5020,7846,influencer > retarget > ctx_brand > ctx_category > retarget,5,1
5021,17856,cpa > cpa > ctx_category > retarget,4,1
5022,32499,influencer > retarget,2,1
5023,8398,influencer > ctx_brand > ctx_category > ctx_brand > retarget,5,1
5024,10660,cpa > ctx_category > influencer > retarget,4,1
5025,9534,influencer > cpa > retarget > ctx_brand > retarget,5,1
5026,34659,ctx_category > ctx_category > retarget,3,1
5027,33112,ctx_category > retarget,2,1
5028,27096,cpa > cpa > social > retarget > retarget,5,1
5029,12624,ctx_category > social > cpa > retarget > retarget,5,1
5030,38921,ctx_category > retarget > social > retarget,4,1
5031,9741,ctx_brand > influencer > retarget,3,1
5032,4249,retarget > retarget > retarget,3,1
5033,39186,influencer > retarget,2,1
5034,30815,ctx_category > ctx_brand > cpa,3,1
5035,1178,ctx_brand > retarget > influencer > influencer > ctx_brand > retarget,6,1
5036,5159,retarget,1,1
5037,15182,influencer > cpa > social > retarget > retarget > retarget,6,1
5038,19419,retarget > influencer > retarget,3,1
5039,36854,influencer > ctx_category > ctx_category > ctx_category > influencer > retarget,6,1
5040,3390,influencer > ctx_category > ctx_category > ctx_brand > retarget,5,1
5041,39329,influencer > social > retarget,3,1
5042,14856,organic,1,1
5043,37820,ctx_brand > social > retarget,3,1
5044,35538,ctx_category > ctx_brand > ctx_category > retarget,4,1
5045,28185,ctx_brand > retarget,2,1
5046,20945,organic > retarget,2,1
5047,29147,influencer > ctx_category > influencer > retarget,4,1
5048,25595,social,1,1
5049,33513,ctx_brand > influencer > ctx_brand > ctx_category > influencer > retarget,6,1
5050,3481,influencer > retarget > cpa > ctx_category > retarget,5,1
5051,25845,organic > retarget,2,1
5052,65,cpa > retarget,2,1
5053,592,cpa > ctx_category > retarget,3,1
5054,8836,retarget > social,2,1
5055,538,cpa > ctx_category > retarget,3,1
5056,4362,ctx_category > ctx_brand > ctx_category > retarget > retarget,5,1
5057,29079,influencer > retarget > influencer > ctx_category,4,1
5058,26356,influencer > cpa > ctx_category > ctx_brand > influencer > retarget,6,1
5059,33316,ctx_category > influencer > ctx_brand > retarget,4,1
5060,33876,influencer > ctx_category > cpa > retarget > retarget,5,1
5061,27914,retarget > retarget,2,1
5062,7101,ctx_category > retarget,2,1
5063,9343,influencer > ctx_brand > ctx_category > influencer > retarget,5,1
5064,27884,ctx_category > social > retarget,3,1
5065,16848,influencer > cpa > retarget,3,1
5066,4451,ctx_brand > retarget > retarget,3,1
5067,25821,organic,1,1
5068,22411,ctx_category > ctx_category > ctx_category > retarget,4,1
5069,4395,retarget > retarget,2,1
5070,33857,influencer > ctx_category > ctx_brand > ctx_category > ctx_category > ctx_category > retarget,7,1
5071,8235,influencer > ctx_category > ctx_category > retarget,4,1
5072,27957,ctx_category > retarget,2,1
5073,12629,influencer > influencer > retarget,3,1
5074,32343,retarget,1,1
5075,7066,influencer > retarget,2,1
5076,22344,ctx_category > ctx_category > retarget > retarget,4,1
5077,20103,retarget > ctx_category > ctx_category > retarget,4,1
5078,22194,retarget > retarget > retarget > social > retarget,5,1
5079,26737,influencer > influencer > influencer > influencer > retarget,5,1
5080,30538,influencer > social > ctx_category > ctx_brand > retarget,5,1
5081,13444,ctx_brand > ctx_category > retarget,3,1
5082,23585,ctx_category > ctx_category > retarget,3,1
5083,11680,influencer > cpa > cpa > ctx_brand > retarget,5,1
5084,1471,influencer > cpa > cpa > retarget,4,1
5085,4916,ctx_category > social > social > retarget,4,1
5086,3906,influencer > cpa,2,1
5087,31953,social > retarget > influencer > retarget,4,1
5088,22667,cpa > cpa > ctx_category > retarget,4,1
5089,18510,cpa > ctx_category > ctx_category > retarget,4,1
5090,3505,influencer > social > retarget,3,1
5091,15109,organic > retarget,2,1
5092,2563,ctx_category > ctx_category > retarget,3,1
5093,22192,influencer > retarget > ctx_category,3,1
5094,28032,social > ctx_brand > ctx_category > retarget,4,1
5095,3054,influencer > ctx_brand > influencer > cpa > retarget > retarget,6,1
5096,13105,retarget > ctx_category > retarget,3,1
5097,7860,retarget > ctx_brand > retarget > retarget > ctx_brand > retarget,6,1
5098,35621,influencer > ctx_brand > retarget > retarget,4,1
5099,37768,ctx_category > ctx_category > retarget,3,1
5100,153,influencer > cpa > retarget,3,1
5101,14811,ctx_category > cpa > retarget,3,1
5102,22044,cpa > ctx_category > retarget,3,1
5103,23172,influencer > ctx_brand,2,1
5104,16224,ctx_category > ctx_brand > retarget,3,1
5105,11118,ctx_category > ctx_brand > ctx_category > ctx_category > social > social > retarget,7,1
5106,14917,ctx_brand > cpa,2,1
5107,4467,cpa,1,1
5108,35788,retarget > retarget,2,1
5109,22223,retarget > retarget > social > retarget,4,1
5110,1078,ctx_brand > ctx_category > retarget,3,1
5111,35461,ctx_brand > retarget > ctx_category > ctx_brand,4,1
5112,15635,influencer > organic > retarget,3,1
5113,11571,influencer > retarget > ctx_category > retarget,4,1
5114,28840,ctx_category > retarget > cpa,3,1
5115,17118,influencer > ctx_category > retarget > retarget > retarget,5,1
5116,19340,social > cpa > retarget > retarget,4,1
5117,16251,cpa > ctx_category,2,1
5118,23038,influencer > retarget,2,1
5119,22292,ctx_category > ctx_category > ctx_category > retarget,4,1
5120,12615,influencer > cpa > social > social > ctx_category > retarget,6,1
5121,5282,influencer > cpa > retarget,3,1
5122,11959,influencer > organic,2,1
5123,21598,influencer > cpa > retarget > cpa > retarget,5,1
5124,3655,influencer > retarget,2,1
5125,13979,influencer > organic,2,1
5126,3476,cpa > ctx_brand > retarget,3,1
5127,37993,ctx_category > retarget > retarget,3,1
5128,28669,cpa > ctx_category > cpa > retarget,4,1
5129,17734,ctx_brand > ctx_brand > ctx_category > ctx_brand > social > social,6,1
5130,36605,influencer > ctx_brand > retarget,3,1
5131,10694,ctx_brand > social > social > retarget,4,1
5132,36885,ctx_category > ctx_category > retarget > retarget,4,1
5133,21755,retarget > retarget,2,1
5134,25833,influencer > retarget > influencer > influencer > retarget,5,1
5135,35412,influencer > retarget > ctx_category > cpa > ctx_category,5,1
5136,31893,influencer > retarget > retarget,3,1
5137,16814,influencer > ctx_category > ctx_brand > ctx_brand > retarget,5,1
5138,23029,cpa > retarget > retarget,3,1
5139,16337,ctx_brand > ctx_brand > retarget > retarget,4,1
5140,32096,ctx_brand > retarget > ctx_brand > retarget,4,1
5141,13620,influencer > ctx_category > cpa > ctx_category > ctx_category > ctx_brand > retarget > retarget,8,1
5142,6787,cpa > retarget,2,1
5143,39504,ctx_category > retarget > retarget,3,1
5144,7767,influencer > ctx_category > social > retarget,4,1
5145,29240,influencer > social > ctx_category > retarget,4,1
5146,20549,influencer > influencer > ctx_category,3,1
5147,15090,ctx_brand > influencer > ctx_category > retarget,4,1
5148,7211,influencer > social > social > ctx_category > retarget,5,1
5149,17585,influencer > retarget > ctx_category > ctx_category > cpa > retarget,6,1
5150,32533,social > retarget,2,1
5151,18462,influencer > influencer > social > ctx_brand > retarget,5,1
5152,29146,ctx_brand > ctx_category > ctx_category > retarget,4,1
5153,306,cpa > ctx_category,2,1
5154,8780,ctx_category > influencer > cpa > retarget > retarget,5,1
5155,26433,influencer > influencer > retarget,3,1
5156,1617,influencer > retarget > retarget,3,1
5157,17240,cpa > ctx_brand > retarget > retarget,4,1
5158,20823,influencer > ctx_category > cpa > retarget,4,1
5159,21247,cpa > ctx_category > ctx_brand > retarget,4,1
5160,32556,influencer > ctx_brand > retarget,3,1
5161,32553,ctx_category > retarget,2,1
5162,30248,cpa > retarget > retarget,3,1
5163,5861,cpa > retarget > cpa > retarget,4,1
5164,940,retarget > social > retarget,3,1
5165,2879,organic > retarget,2,1
5166,11481,retarget > retarget,2,1
5167,3692,influencer > cpa,2,1
5168,18392,influencer > ctx_brand > social > retarget,4,1
5169,11026,influencer > retarget > influencer > retarget,4,1
5170,22500,cpa > ctx_category > retarget,3,1
5171,19932,retarget > influencer > retarget,3,1
5172,22658,social > ctx_category > cpa > retarget,4,1
5173,6164,organic > retarget,2,1
5174,8102,retarget > influencer > retarget,3,1
5175,6828,social > cpa,2,1
5176,7911,cpa > retarget > ctx_brand > cpa > retarget,5,1
5177,25520,ctx_category > influencer > retarget > retarget,4,1
5178,22010,ctx_brand > social > retarget,3,1
5179,5085,ctx_brand > retarget,2,1
5180,32379,ctx_brand > ctx_brand,2,1
5181,34317,retarget > influencer > retarget,3,1
5182,33340,retarget > retarget,2,1
5183,20137,influencer > ctx_brand > social > retarget,4,1
5184,25295,ctx_category > ctx_category > influencer > retarget,4,1
5185,39727,social > ctx_brand > retarget > retarget > retarget,5,1
5186,34978,ctx_brand,1,1
5187,22776,influencer > social > ctx_brand > social,4,1
5188,6121,ctx_category > social > retarget,3,1
5189,11589,influencer > organic,2,1
5190,35310,influencer > cpa > retarget > ctx_brand > cpa > ctx_brand > retarget > retarget,8,1
5191,9048,influencer > cpa > social > retarget,4,1
5192,7626,influencer > ctx_category > cpa > retarget,4,1
5193,25296,ctx_category > ctx_category > retarget,3,1
5194,15511,ctx_brand > retarget,2,1
5195,39209,retarget > cpa > ctx_category,3,1
5196,38328,ctx_brand > ctx_category > social > cpa > retarget,5,1
5197,12140,retarget > retarget > ctx_brand > retarget > retarget > ctx_category > ctx_brand,7,1
5198,520,ctx_brand > cpa > cpa > retarget,4,1
5199,27018,ctx_brand > retarget > retarget,3,1
5200,37359,ctx_category > retarget,2,1
5201,22228,ctx_category > retarget,2,1
5202,3094,influencer > organic > retarget,3,1
5203,39801,retarget > retarget > social > retarget,4,1
5204,12549,cpa > ctx_category > retarget,3,1
5205,2213,social > retarget,2,1
5206,8020,influencer > influencer > ctx_brand > cpa > retarget,5,1
5207,29861,cpa > cpa > influencer > retarget > retarget,5,1
5208,28214,influencer > ctx_category > retarget,3,1
5209,37265,influencer > ctx_category > retarget > retarget,4,1
5210,38654,social > ctx_category,2,1
5211,8289,influencer > influencer > ctx_brand > influencer > ctx_brand > ctx_category > retarget,7,1
5212,15212,influencer > social > ctx_category > retarget,4,1
5213,32190,influencer > retarget,2,1
5214,12607,ctx_category > ctx_brand > retarget,3,1
5215,35017,organic > retarget,2,1
5216,2670,social > retarget,2,1
5217,32965,influencer > social > cpa > retarget,4,1
5218,3693,influencer > cpa > retarget,3,1
5219,2986,cpa > influencer > retarget,3,1
5220,38522,influencer > cpa,2,1
5221,5556,influencer > social > influencer > retarget,4,1
5222,28933,cpa,1,1
5223,18405,influencer > ctx_category > ctx_brand > ctx_category > retarget,5,1
5224,33533,influencer > cpa > retarget,3,1
5225,36115,cpa > retarget,2,1
5226,18481,social > ctx_brand > retarget,3,1
5227,17082,ctx_category > retarget,2,1
5228,14898,influencer > ctx_brand > cpa > retarget,4,1
5229,27010,influencer > ctx_category > retarget,3,1
5230,20640,organic > retarget,2,1
5231,4657,ctx_category > retarget > retarget > retarget,4,1
5232,4619,retarget > retarget,2,1
5233,6672,ctx_category > retarget > ctx_category > ctx_category > retarget,5,1
5234,26379,ctx_category > retarget,2,1
5235,24870,influencer > ctx_brand > cpa > cpa > retarget,5,1
5236,21439,influencer > retarget > ctx_brand > ctx_category > influencer > cpa > retarget,7,1
5237,19793,organic > retarget,2,1
5238,12038,ctx_brand > retarget,2,1
5239,1092,ctx_brand > retarget > retarget,3,1
5240,21131,ctx_category > retarget > social > retarget,4,1
5241,11124,ctx_category > cpa > ctx_category > retarget,4,1
5242,11856,retarget > ctx_brand > social > retarget,4,1
5243,25203,social > ctx_category > ctx_brand > retarget,4,1
5244,35539,retarget > retarget > ctx_category > ctx_category > cpa > retarget,6,1
5245,6301,cpa > social > retarget,3,1
5246,7469,cpa > influencer > social,3,1
5247,8960,retarget > influencer > retarget,3,1
5248,1686,influencer > cpa > retarget,3,1
5249,10193,cpa > retarget,2,1
5250,19792,social > retarget,2,1
5251,13791,social > retarget > retarget,3,1
5252,1599,cpa > influencer,2,1
5253,30501,ctx_category > ctx_category > retarget,3,1
5254,2439,social > retarget > retarget,3,1
5255,12344,influencer > influencer > influencer > ctx_category > cpa > retarget,6,1
5256,24524,influencer > ctx_category,2,1
5257,10672,retarget > cpa,2,1
5258,25263,ctx_category > ctx_brand > ctx_brand > retarget,4,1
5259,31250,ctx_category > social > retarget,3,1
5260,19729,ctx_category > influencer > influencer > retarget,4,1
5261,3770,influencer > influencer,2,1
5262,15776,ctx_category > social > retarget,3,1
5263,9059,ctx_brand > influencer > ctx_brand > retarget,4,1
5264,3242,ctx_brand > cpa > ctx_category > retarget,4,1
5265,26109,cpa > ctx_brand > ctx_brand > cpa > retarget,5,1
5266,14476,retarget > retarget > ctx_category > social > retarget,5,1
5267,3631,influencer > retarget,2,1
5268,5979,influencer > ctx_brand > retarget,3,1
5269,21047,retarget > ctx_category > ctx_brand > retarget,4,1
5270,8342,social > cpa > retarget,3,1
5271,26565,influencer > influencer > ctx_brand > retarget > retarget,5,1
5272,24698,ctx_category > ctx_brand > social > retarget > retarget,5,1
5273,39684,organic > retarget,2,1
5274,15907,influencer > organic > retarget,3,1
5275,2778,influencer > ctx_category > ctx_category > influencer > ctx_category > ctx_category > retarget,7,1
5276,18289,ctx_category > retarget,2,1
5277,8570,influencer > ctx_category > ctx_brand > ctx_category,4,1
5278,28052,ctx_brand > influencer,2,1
5279,20039,retarget > ctx_brand > influencer > retarget > social > retarget,6,1
5280,18160,influencer > ctx_category > ctx_brand > retarget,4,1
5281,33324,influencer > retarget > retarget,3,1
5282,2977,ctx_category > social > retarget,3,1
5283,26201,influencer > organic,2,1
5284,31699,ctx_brand > social > retarget,3,1
5285,7370,ctx_category > retarget,2,1
5286,9193,influencer > retarget > ctx_category > influencer > retarget,5,1
5287,25840,ctx_category > influencer > retarget,3,1
5288,32572,cpa > ctx_brand > social > retarget,4,1
5289,36818,influencer > influencer > ctx_brand > ctx_category > retarget,5,1
5290,32563,organic > retarget,2,1
5291,8976,ctx_brand > retarget > retarget > retarget,4,1
5292,35108,influencer > influencer > retarget,3,1
5293,4039,influencer > social > ctx_category > ctx_category > ctx_brand > retarget,6,1
5294,27589,influencer > social > social > influencer > retarget,5,1
5295,15935,influencer > retarget > retarget,3,1
5296,33887,influencer > ctx_brand > ctx_category > retarget,4,1
5297,7896,ctx_brand > retarget,2,1
5298,17021,organic > retarget,2,1
5299,30388,ctx_brand > ctx_category > retarget,3,1
5300,32811,ctx_brand > ctx_category > retarget > ctx_brand > retarget,5,1
5301,30520,influencer > influencer > ctx_brand > ctx_category > retarget,5,1
5302,31082,retarget,1,1
5303,19894,retarget > influencer > retarget,3,1
5304,28816,social > cpa > social > retarget,4,1
5305,3780,influencer > cpa > ctx_category > influencer > retarget,5,1
5306,36371,social > ctx_brand > retarget > retarget > social > retarget,6,1
5307,27616,ctx_brand > cpa > retarget,3,1
5308,22224,influencer > influencer > retarget > retarget,4,1
5309,17435,social > ctx_brand > retarget,3,1
5310,38688,ctx_brand > ctx_category > cpa > retarget,4,1
5311,5588,cpa > retarget > retarget,3,1
5312,36870,ctx_category > retarget > ctx_brand > ctx_category > influencer > retarget,6,1
5313,5309,influencer > ctx_brand > retarget,3,1
5314,37735,influencer > ctx_category > retarget,3,1
5315,22482,retarget > influencer > retarget,3,1
5316,2625,retarget > retarget > retarget,3,1
5317,24224,social > social > retarget > retarget,4,1
5318,13503,ctx_category > ctx_category > social > retarget,4,1
5319,32017,retarget > ctx_category > retarget,3,1
5320,11522,ctx_category > ctx_category > ctx_brand > retarget,4,1
5321,28136,retarget > retarget,2,1
5322,30435,ctx_brand > retarget > ctx_category > retarget > retarget,5,1
5323,15427,retarget > cpa > cpa > retarget,4,1
5324,30744,influencer > cpa > retarget,3,1
5325,10231,organic > retarget,2,1
5326,37433,ctx_category > cpa > cpa > retarget > retarget,5,1
5327,4758,influencer > ctx_category > ctx_brand,3,1
5328,9258,influencer > cpa > ctx_category > retarget,4,1
5329,22851,ctx_category > ctx_brand > retarget,3,1
5330,1031,retarget > social > influencer > retarget,4,1
5331,13424,retarget > influencer > retarget,3,1
5332,17853,retarget > cpa > retarget > retarget,4,1
5333,22391,ctx_category > retarget > cpa > influencer > retarget,5,1
5334,20811,retarget > ctx_category > retarget,3,1
5335,21675,ctx_brand > retarget > cpa > retarget,4,1
5336,27796,influencer > cpa > influencer > retarget,4,1
5337,10574,influencer > social > retarget > retarget,4,1
5338,22756,social > cpa > influencer > retarget,4,1
5339,2174,social > ctx_category > social > cpa > ctx_brand > cpa > retarget,7,1
5340,24988,influencer > ctx_category > ctx_category > social > retarget,5,1
5341,35882,ctx_category > ctx_category > cpa > retarget > cpa > retarget,6,1
5342,22037,ctx_category > ctx_category > social > ctx_category > retarget > retarget,6,1
5343,38106,social > retarget > retarget,3,1
5344,31563,influencer > ctx_brand > ctx_brand > retarget,4,1
5345,7701,influencer > ctx_category > retarget > retarget > ctx_brand > retarget,6,1
5346,29095,influencer > retarget > influencer > retarget,4,1
5347,26530,influencer > organic > retarget,3,1
5348,22007,ctx_category > ctx_brand > retarget,3,1
5349,7668,ctx_brand > social > social > retarget,4,1
5350,38130,ctx_category > cpa > ctx_brand > retarget,4,1
5351,2502,influencer > cpa,2,1
5352,24144,ctx_category > retarget > retarget,3,1
5353,4645,retarget > cpa > ctx_brand > retarget,4,1
5354,22183,retarget > ctx_brand > social > influencer > ctx_brand > retarget,6,1
5355,29898,retarget > ctx_brand > retarget > retarget > retarget,5,1
5356,21211,ctx_brand > influencer > retarget,3,1
5357,18255,retarget > ctx_brand > influencer > ctx_brand > retarget,5,1
5358,22816,influencer > retarget > cpa > influencer > retarget,5,1
5359,9101,ctx_category > retarget > ctx_category > retarget,4,1
5360,26586,influencer > cpa > social > social > retarget,5,1
5361,25729,cpa > retarget > retarget > retarget,4,1
5362,32591,social > retarget > retarget,3,1
5363,29940,influencer > influencer > social,3,1
5364,3346,ctx_brand > ctx_category > social > cpa > retarget,5,1
5365,6124,influencer > cpa > ctx_category > ctx_brand > retarget,5,1
5366,34706,influencer > cpa > ctx_category > ctx_brand > retarget,5,1
5367,23075,influencer > cpa > retarget,3,1
5368,6514,influencer > ctx_brand > ctx_brand > retarget,4,1
5369,14282,influencer > retarget > retarget > ctx_brand,4,1
5370,25302,retarget > retarget > retarget,3,1
5371,23202,influencer > social > retarget,3,1
5372,17656,influencer > ctx_category > retarget,3,1
5373,14897,influencer > retarget > retarget,3,1
5374,22666,organic > retarget,2,1
5375,33595,retarget > social > cpa > ctx_brand > cpa > retarget,6,1
5376,3320,organic > retarget,2,1
5377,23792,influencer > retarget > influencer > ctx_brand > influencer > retarget,6,1
5378,36003,cpa,1,1
5379,28936,ctx_brand > cpa > social > ctx_category > retarget,5,1
5380,32383,ctx_category > retarget,2,1
5381,23138,retarget > ctx_category > ctx_category > retarget > retarget,5,1
5382,29181,cpa > retarget,2,1
5383,28672,social,1,1
5384,10513,retarget > retarget,2,1
5385,2155,organic > retarget,2,1
5386,12225,cpa > retarget,2,1
5387,14781,influencer > social > social > ctx_category > ctx_category > retarget,6,1
5388,18593,influencer > ctx_category > ctx_brand > retarget,4,1
5389,4734,influencer > retarget > influencer > retarget,4,1
5390,24923,influencer > influencer > influencer > retarget > retarget,5,1
5391,1154,influencer > retarget > retarget,3,1
5392,6511,social > influencer > cpa > cpa > retarget,5,1
5393,30479,influencer > cpa > retarget > retarget,4,1
5394,26112,ctx_category > ctx_category > ctx_brand > social > retarget,5,1
5395,37335,cpa > retarget,2,1
5396,17511,influencer > ctx_brand > ctx_brand > ctx_brand,4,1
5397,16142,ctx_brand > cpa > social,3,1
5398,14178,influencer > social > ctx_brand > retarget,4,1
5399,3806,ctx_category > retarget,2,1
5400,33299,ctx_category > cpa > retarget > retarget,4,1
5401,8246,influencer > retarget > ctx_category > ctx_brand > retarget > ctx_brand > ctx_category > influencer > retarget,9,1
5402,13610,influencer > ctx_category > social > retarget,4,1
5403,29616,organic > retarget,2,1
5404,20721,social > ctx_brand > social,3,1
5405,38697,social > ctx_category > retarget,3,1
5406,30883,influencer > ctx_brand > retarget,3,1
5407,23194,retarget > cpa > cpa > retarget,4,1
5408,18192,ctx_brand > cpa > retarget,3,1
5409,25054,cpa > ctx_category > retarget,3,1
5410,17874,influencer > influencer > retarget > retarget,4,1
5411,21390,influencer > ctx_brand > retarget,3,1
5412,356,influencer > influencer > cpa > retarget > retarget,5,1
5413,25056,influencer > ctx_category > cpa > retarget > retarget,5,1
5414,26996,influencer > cpa > cpa > retarget,4,1
5415,4987,influencer > ctx_category > retarget,3,1
5416,31121,ctx_brand > ctx_brand > retarget,3,1
5417,32108,influencer > cpa > retarget,3,1
5418,7993,retarget > influencer > retarget,3,1
5419,11014,influencer > cpa > ctx_category > retarget > cpa > retarget,6,1
5420,27083,influencer > ctx_brand > ctx_brand > social > ctx_brand > retarget,6,1
5421,3706,ctx_brand > ctx_brand > ctx_category,3,1
5422,29266,retarget > ctx_brand > ctx_category > ctx_category > retarget,5,1
5423,22237,ctx_brand > retarget > retarget,3,1
5424,34276,ctx_category > social > social > retarget,4,1
5425,10963,influencer > ctx_brand > retarget,3,1
5426,33972,ctx_category > ctx_category > retarget,3,1
5427,12013,ctx_brand > ctx_category > retarget,3,1
5428,27115,social > cpa > retarget,3,1
5429,32028,retarget > retarget,2,1
5430,23001,cpa > ctx_category > retarget,3,1
5431,29600,ctx_category > retarget,2,1
5432,20610,ctx_brand > retarget > retarget,3,1
5433,2333,ctx_category > retarget,2,1
5434,18546,influencer > organic > retarget,3,1
5435,19080,cpa > ctx_brand > retarget,3,1
5436,15945,influencer > ctx_brand > social > retarget > retarget,5,1
5437,21575,retarget > ctx_category > cpa > influencer > retarget > retarget,6,1
5438,17897,organic > retarget,2,1
5439,6089,cpa > retarget,2,1
5440,38384,ctx_brand > ctx_category,2,1
5441,4760,ctx_category,1,1
5442,534,influencer > ctx_brand > retarget,3,1
5443,24717,retarget > ctx_brand > retarget,3,1
5444,6497,retarget > retarget,2,1
5445,15716,retarget > influencer > cpa > ctx_brand > retarget,5,1
5446,15925,ctx_category > social > retarget,3,1
5447,32359,social > ctx_category > retarget,3,1
5448,8967,influencer > influencer > retarget,3,1
5449,28068,social > social > retarget,3,1
5450,29279,social > social,2,1
5451,33579,retarget > ctx_brand > ctx_category > ctx_brand > retarget,5,1
5452,4463,influencer > influencer > retarget > cpa > retarget > cpa,6,1
5453,25279,influencer > retarget > retarget,3,1
5454,39180,ctx_brand > cpa > cpa > retarget,4,1
5455,25246,ctx_category > retarget > retarget,3,1
5456,7472,organic > retarget,2,1
5457,19962,organic > retarget,2,1
5458,39571,ctx_category > ctx_brand > retarget,3,1
5459,15962,influencer > retarget > cpa > retarget,4,1
5460,31597,ctx_brand > retarget > ctx_brand > retarget > ctx_brand > retarget,6,1
5461,3433,ctx_category > influencer > retarget,3,1
5462,4895,social > cpa > ctx_category > retarget,4,1
5463,22825,cpa,1,1
5464,11422,ctx_brand > retarget > ctx_category > retarget,4,1
5465,38073,ctx_brand > ctx_brand > ctx_brand > retarget,4,1
5466,4777,ctx_category > retarget,2,1
5467,32364,influencer > retarget > social > ctx_category,4,1
5468,10498,influencer > retarget > social > retarget,4,1
5469,5252,influencer > ctx_brand > ctx_category,3,1
5470,12598,organic,1,1
5471,740,ctx_category > ctx_brand > ctx_brand > retarget,4,1
5472,25297,ctx_category > social > retarget,3,1
5473,23872,retarget > social > retarget > retarget,4,1
5474,25753,ctx_brand > retarget,2,1
5475,31225,influencer > organic > retarget,3,1
5476,25948,influencer > influencer > social > social > retarget,5,1
5477,34793,influencer > ctx_category,2,1
5478,17136,ctx_brand > cpa,2,1
5479,33971,retarget > retarget > ctx_category > ctx_category > retarget > retarget,6,1
5480,34812,ctx_category > social > cpa > social > retarget > retarget,6,1
5481,9990,retarget > ctx_brand > retarget,3,1
5482,33120,ctx_brand > ctx_category > ctx_category > retarget,4,1
5483,34934,ctx_brand > ctx_brand > retarget,3,1
5484,7405,social > retarget > retarget,3,1
5485,18710,influencer > social > influencer > retarget,4,1
5486,18351,ctx_brand > retarget > influencer > retarget,4,1
5487,38082,influencer > ctx_category > ctx_category > retarget,4,1
5488,37894,ctx_category > social > ctx_brand > retarget,4,1
5489,30837,cpa > retarget,2,1
5490,39896,social > retarget,2,1
5491,25835,influencer > influencer > retarget,3,1
5492,4713,retarget > influencer > retarget,3,1
5493,11885,cpa > retarget,2,1
5494,19056,ctx_brand > cpa > social > retarget,4,1
5495,12599,influencer > ctx_category > ctx_category > retarget,4,1
5496,21079,cpa > retarget > retarget,3,1
5497,22906,organic > retarget,2,1
5498,30947,retarget > ctx_category > retarget,3,1
5499,27532,ctx_brand > ctx_brand > retarget,3,1
5500,12294,influencer > ctx_brand > social > retarget,4,1
5501,38466,social > cpa > influencer > retarget,4,1
5502,34797,social > cpa > retarget,3,1
5503,11930,influencer > cpa > retarget,3,1
5504,23672,ctx_category > ctx_category > ctx_brand > ctx_brand,4,1
5505,28992,ctx_category > ctx_category > ctx_brand > ctx_category > retarget,5,1
5506,3969,ctx_category > retarget,2,1
5507,15308,ctx_category > social > social > retarget > social > retarget,6,1
5508,25312,influencer > ctx_brand > social > retarget,4,1
5509,23229,social > retarget > retarget > ctx_category > retarget,5,1
5510,1049,retarget > retarget,2,1
5511,7713,influencer > retarget > influencer > cpa > cpa > retarget,6,1
5512,17894,organic > retarget,2,1
5513,20930,cpa > retarget,2,1
5514,21834,ctx_brand > retarget > retarget,3,1
5515,22134,influencer > ctx_brand > influencer > ctx_brand > retarget,5,1
5516,4094,social > ctx_brand > retarget,3,1
5517,24330,ctx_category > retarget,2,1
5518,35033,cpa > influencer > retarget,3,1
5519,22866,retarget > retarget,2,1
5520,28118,influencer > cpa > ctx_category > retarget > retarget,5,1
5521,35376,influencer > ctx_category > retarget,3,1
5522,16245,influencer > cpa > ctx_category > cpa > retarget > ctx_category > retarget,7,1
5523,29224,ctx_brand > retarget,2,1
5524,31755,cpa > retarget,2,1
5525,32907,influencer > ctx_category > ctx_category > influencer > retarget,5,1
5526,23114,ctx_brand > social > retarget,3,1
5527,21547,cpa > ctx_brand > ctx_category > social > ctx_brand > social > cpa > retarget,8,1
5528,25983,influencer > cpa > cpa > ctx_brand > retarget,5,1
5529,17681,cpa > retarget,2,1
5530,23733,influencer > social > ctx_brand > influencer > cpa > social,6,1
5531,32491,influencer > ctx_category > retarget,3,1
5532,35909,ctx_brand > retarget,2,1
5533,28617,influencer > ctx_brand > retarget,3,1
5534,13039,organic,1,1
5535,29942,influencer > influencer > retarget,3,1
5536,14759,organic > retarget,2,1
5537,6616,cpa > retarget > influencer > retarget,4,1
5538,2686,ctx_brand > ctx_category > retarget,3,1
5539,9617,ctx_category > influencer > cpa > retarget > retarget,5,1
5540,22832,ctx_category > ctx_brand,2,1
5541,20833,retarget > ctx_category > retarget,3,1
5542,9999,organic,1,1
5543,22750,cpa > retarget > retarget > retarget,4,1
5544,24493,ctx_category > cpa > ctx_category > retarget > retarget,5,1
5545,11651,cpa > social > retarget > retarget,4,1
5546,12354,social > retarget > retarget,3,1
5547,5048,ctx_category > retarget > retarget > retarget,4,1
5548,35088,organic > retarget,2,1
5549,6429,influencer > retarget > retarget,3,1
5550,21132,organic > retarget,2,1
5551,27399,influencer > influencer > ctx_brand > retarget,4,1
5552,18969,cpa > influencer,2,1
5553,21249,ctx_category > retarget > retarget,3,1
5554,12386,ctx_brand,1,1
5555,5691,ctx_category > cpa > cpa > retarget,4,1
5556,6849,ctx_category > retarget,2,1
5557,26547,social > ctx_brand > retarget,3,1
5558,35358,ctx_category > cpa > cpa > ctx_brand > retarget,5,1
5559,14200,ctx_category > ctx_brand > retarget,3,1
5560,19613,ctx_brand > influencer > cpa > retarget,4,1
5561,38071,social > retarget,2,1
5562,4000,influencer > influencer > ctx_category > ctx_brand > ctx_brand > ctx_category > retarget,7,1
5563,28366,social > cpa > cpa > retarget,4,1
5564,37963,ctx_category > ctx_brand > retarget,3,1
5565,23591,influencer > ctx_brand > ctx_category > retarget,4,1
5566,30622,cpa > ctx_category > influencer > retarget,4,1
5567,7018,influencer > ctx_brand > ctx_category > retarget,4,1
5568,16984,influencer > retarget > cpa > ctx_category,4,1
5569,9098,retarget > ctx_brand > retarget,3,1
5570,17476,influencer > retarget > influencer > retarget,4,1
5571,28698,influencer > cpa > ctx_brand > retarget > cpa > retarget,6,1
5572,37081,influencer > organic > retarget,3,1
5573,37494,ctx_category > retarget,2,1
5574,590,ctx_category > ctx_category,2,1
5575,34941,organic,1,1
5576,23174,influencer > retarget,2,1
5577,19852,influencer > retarget > ctx_category,3,1
5578,22064,ctx_brand > social > retarget,3,1
5579,12738,influencer > cpa > social > social > retarget,5,1
5580,4192,cpa > ctx_category,2,1
5581,6649,influencer > retarget > cpa > retarget,4,1
5582,1818,cpa > social > retarget > cpa > retarget,5,1
5583,22140,retarget > retarget > ctx_category,3,1
5584,3213,influencer > influencer > retarget,3,1
5585,12596,influencer > organic > retarget,3,1
5586,3421,influencer > ctx_category > cpa > retarget > retarget,5,1
5587,2658,influencer > ctx_category > retarget,3,1
5588,10525,ctx_category > cpa > influencer > retarget,4,1
5589,39780,social > ctx_category > ctx_category > ctx_brand > retarget,5,1
5590,3295,influencer > retarget,2,1
5591,38378,organic > retarget,2,1
5592,27718,ctx_category > influencer > retarget > cpa > ctx_category > retarget,6,1
5593,30219,cpa > influencer > ctx_category > retarget,4,1
5594,5741,social > cpa > retarget,3,1
5595,34657,cpa > retarget,2,1
5596,10322,influencer > cpa > ctx_brand > cpa > cpa > retarget > retarget,7,1
5597,23775,ctx_category > retarget,2,1
5598,24215,ctx_brand > ctx_brand,2,1
5599,1167,social > influencer > ctx_category > retarget,4,1
5600,6810,ctx_brand > cpa > social,3,1
5601,1204,cpa > retarget,2,1
5602,23652,cpa > retarget > retarget,3,1
5603,15785,retarget > retarget,2,1
5604,20428,influencer > ctx_category > retarget,3,1
5605,11709,ctx_category > retarget > influencer > social > retarget,5,1
5606,31752,influencer > ctx_category > retarget,3,1
5607,38425,ctx_brand > cpa > retarget,3,1
5608,14915,social > retarget > retarget,3,1
5609,28843,retarget > influencer > influencer > retarget,4,1
5610,23078,influencer > social > retarget,3,1
5611,7455,influencer > ctx_brand > ctx_brand > cpa > retarget,5,1
5612,1236,organic > retarget,2,1
5613,10387,organic > retarget,2,1
5614,31578,ctx_category > cpa > retarget > retarget,4,1
5615,1058,cpa > ctx_brand > ctx_brand > cpa,4,1
5616,11189,influencer > cpa > retarget > retarget,4,1
5617,31513,influencer > influencer > ctx_category > ctx_category > retarget,5,1
5618,28624,influencer > retarget > retarget > ctx_category > retarget,5,1
5619,13033,ctx_category > ctx_brand > retarget,3,1
5620,31188,ctx_category > cpa > retarget,3,1
5621,13327,influencer > organic > retarget,3,1
5622,10543,influencer > ctx_brand > retarget,3,1
5623,36438,influencer > retarget,2,1
5624,18271,influencer > ctx_brand > retarget,3,1
5625,27716,retarget > ctx_category > cpa > retarget > retarget,5,1
5626,19735,ctx_category > ctx_brand > retarget,3,1
5627,12771,ctx_brand > ctx_brand,2,1
5628,1138,social > retarget,2,1
5629,14690,influencer > influencer > social > ctx_brand,4,1
5630,29695,ctx_brand > retarget,2,1
5631,1287,influencer > ctx_category > influencer > social > retarget,5,1
5632,3050,influencer > cpa > ctx_category > retarget,4,1
5633,19871,retarget > social,2,1
5634,38014,influencer > retarget > social > influencer > retarget,5,1
5635,16859,influencer > ctx_brand > ctx_brand > cpa > retarget,5,1
5636,39570,influencer > ctx_category > influencer > retarget > retarget,5,1
5637,13793,retarget > social,2,1
5638,24682,influencer > social > retarget,3,1
5639,33439,organic > retarget,2,1
5640,7756,retarget > ctx_brand > ctx_category > retarget,4,1
5641,279,retarget > ctx_category > ctx_brand > retarget,4,1
5642,23055,ctx_category > ctx_brand > cpa > retarget,4,1
5643,37901,influencer > ctx_category > retarget,3,1
5644,26424,influencer > ctx_brand > ctx_category > influencer,4,1
5645,32548,influencer > ctx_category > ctx_category,3,1
5646,20093,ctx_brand > ctx_brand > retarget > influencer > social > ctx_category > retarget,7,1
5647,6343,cpa > cpa > ctx_brand > retarget,4,1
5648,20882,ctx_brand > retarget,2,1
5649,26001,influencer > ctx_category > cpa > ctx_brand > ctx_category > retarget,6,1
5650,27235,influencer > ctx_brand > retarget,3,1
5651,22443,ctx_brand > retarget,2,1
5652,5415,social > retarget,2,1
5653,21938,ctx_category > social > retarget,3,1
5654,24152,influencer > influencer > retarget > retarget,4,1
5655,6449,influencer > ctx_brand > retarget > social > retarget,5,1
5656,10850,ctx_category,1,1
5657,39988,retarget > ctx_brand > ctx_category > retarget,4,1
5658,5958,influencer > ctx_brand > influencer > retarget,4,1
5659,11979,ctx_brand > ctx_category > cpa > cpa,4,1
5660,16547,influencer > ctx_category > ctx_category > influencer,4,1
5661,6203,influencer > retarget,2,1
5662,33556,retarget > retarget,2,1
5663,7127,retarget > retarget > ctx_category > retarget,4,1
5664,19209,influencer > ctx_category > ctx_category > ctx_brand > retarget,5,1
5665,19060,influencer > retarget > ctx_brand > retarget > retarget,5,1
5666,25869,influencer > social > ctx_category > retarget,4,1
5667,35210,social > ctx_category > retarget,3,1
5668,23398,social > ctx_category > ctx_category > ctx_brand > retarget,5,1
5669,3115,influencer > social > influencer > cpa > retarget,5,1
5670,25173,influencer > ctx_category > retarget,3,1
5671,36445,ctx_brand,1,1
5672,24640,retarget > ctx_brand > retarget,3,1
5673,10803,ctx_category > social > social > ctx_category > ctx_category > ctx_brand > retarget,7,1
5674,748,influencer > retarget,2,1
5675,14161,influencer > ctx_brand > ctx_category > retarget > cpa > retarget,6,1
5676,6959,ctx_category > retarget,2,1
5677,21409,influencer > retarget > influencer > ctx_brand > ctx_brand > cpa > retarget > ctx_category > retarget,9,1
5678,11089,ctx_brand > retarget > retarget > retarget,4,1
5679,36930,influencer > retarget,2,1
5680,26808,ctx_category > retarget > cpa > retarget,4,1
5681,20426,retarget > ctx_brand > retarget > cpa > influencer > social > retarget,7,1
5682,4654,retarget > ctx_brand > social > retarget,4,1
5683,30793,influencer > ctx_category > cpa > retarget,4,1
5684,14724,organic > retarget,2,1
5685,1669,ctx_category > ctx_brand > retarget,3,1
5686,3106,cpa > ctx_brand > influencer > ctx_brand,4,1
5687,19538,retarget > ctx_category > retarget,3,1
5688,24196,influencer > influencer > ctx_category > retarget,4,1
5689,22609,social > retarget,2,1
5690,9138,ctx_brand > cpa,2,1
5691,11620,ctx_brand > influencer > ctx_category > ctx_brand > retarget,5,1
5692,36451,ctx_brand > cpa > retarget,3,1
5693,28641,influencer > cpa > social > cpa > retarget,5,1
5694,23680,influencer > ctx_category > ctx_category > cpa > social > social > retarget,7,1
5695,4868,influencer > social > retarget,3,1
5696,21406,cpa > cpa > retarget,3,1
5697,20680,cpa > retarget,2,1
5698,36035,cpa > retarget,2,1
5699,19036,ctx_category > retarget,2,1
5700,12901,cpa > retarget > social > retarget,4,1
5701,35842,retarget > retarget > ctx_category > retarget,4,1
5702,36802,influencer > ctx_brand > ctx_category > retarget,4,1
5703,33251,ctx_brand > ctx_brand > influencer > retarget,4,1
5704,27201,influencer > influencer > ctx_brand > retarget,4,1
5705,2853,influencer > social > retarget > retarget,4,1
5706,38838,influencer > retarget > retarget,3,1
5707,8127,influencer > influencer > retarget > retarget,4,1
5708,20843,ctx_brand > retarget > retarget,3,1
5709,18454,retarget > retarget > retarget,3,1
5710,22426,ctx_brand > influencer > retarget,3,1
5711,37970,cpa > retarget > cpa > social > retarget,5,1
5712,28025,cpa > influencer,2,1
5713,29557,retarget > influencer > retarget,3,1
5714,33598,influencer > ctx_category > ctx_category > social > cpa > influencer > retarget,7,1
5715,39877,ctx_brand > ctx_category > retarget > ctx_category > retarget,5,1
5716,27289,influencer > ctx_brand > ctx_category > ctx_category > retarget,5,1
5717,11908,social,1,1
5718,28643,retarget > retarget,2,1
5719,11969,ctx_category > ctx_category,2,1
5720,29547,influencer > organic > retarget,3,1
5721,4858,influencer > social > cpa > retarget > retarget > retarget,6,1
5722,17207,social > ctx_brand > ctx_category > cpa > retarget,5,1
5723,26033,influencer > social > retarget > influencer,4,1
5724,35696,retarget > influencer > retarget > retarget,4,1
5725,30077,influencer > ctx_category > influencer > retarget > retarget,5,1
5726,28592,influencer > influencer > social > retarget,4,1
5727,15437,ctx_brand > retarget > cpa,3,1
5728,15513,ctx_category > ctx_category > ctx_brand > retarget > retarget,5,1
5729,32709,influencer > ctx_category > retarget,3,1
5730,14912,ctx_category > retarget > social > social,4,1
5731,7115,ctx_brand > ctx_brand > retarget > cpa > ctx_brand > retarget,6,1
5732,33819,influencer > cpa > ctx_brand > retarget > retarget,5,1
5733,37186,ctx_category > cpa > retarget,3,1
5734,20455,ctx_category > retarget,2,1
5735,32535,influencer,1,1
5736,13441,ctx_category > social > social > ctx_category,4,1
5737,35030,influencer > ctx_brand > retarget > retarget,4,1
5738,14528,ctx_category > ctx_brand > ctx_brand > retarget,4,1
5739,8111,ctx_category > cpa > retarget,3,1
5740,15523,influencer > ctx_brand > retarget,3,1
5741,3924,cpa > ctx_category > social > retarget,4,1
5742,2360,ctx_brand > retarget,2,1
5743,28942,influencer > cpa > retarget,3,1
5744,15542,influencer > ctx_category > cpa > retarget,4,1
5745,22357,ctx_category > social > retarget,3,1
5746,4087,influencer > social > cpa > influencer > retarget,5,1
5747,3160,ctx_brand > ctx_category > cpa > retarget > retarget,5,1
5748,19600,influencer > influencer > retarget,3,1
5749,3363,retarget > retarget > retarget > ctx_category > retarget,5,1
5750,767,ctx_brand > ctx_category > retarget,3,1
5751,443,cpa > ctx_category > retarget,3,1
5752,16742,cpa > retarget > retarget,3,1
5753,7335,influencer > retarget > influencer > retarget,4,1
5754,22145,influencer > ctx_category > social > retarget,4,1
5755,16275,ctx_brand > ctx_brand > cpa > ctx_category > social > retarget,6,1
5756,35359,influencer > ctx_brand > retarget,3,1
5757,34047,influencer > ctx_brand > retarget,3,1
5758,7707,influencer > social > ctx_brand > ctx_brand > retarget > retarget,6,1
5759,30928,influencer > retarget > ctx_category > retarget,4,1
5760,30713,influencer > retarget > retarget,3,1
5761,18314,influencer > ctx_category > ctx_category > retarget,4,1
5762,17474,ctx_brand > retarget,2,1
5763,26965,retarget > retarget > cpa > ctx_category > social > ctx_brand > retarget,7,1
5764,10420,ctx_category > social > retarget > cpa > retarget,5,1
5765,15588,ctx_category > retarget,2,1
5766,8703,influencer > influencer > retarget > social > retarget,5,1
5767,2795,ctx_brand > retarget > ctx_brand > ctx_category,4,1
5768,9887,cpa > ctx_category > retarget,3,1
5769,9023,influencer > influencer > ctx_brand > social > retarget,5,1
5770,4114,ctx_brand > social > retarget,3,1
5771,33244,influencer > influencer > influencer > retarget,4,1
5772,29661,influencer > social > influencer > retarget,4,1
5773,31629,retarget > ctx_brand > cpa,3,1
5774,11730,ctx_brand > retarget,2,1
5775,23831,cpa > retarget,2,1
5776,18948,organic > retarget,2,1
5777,36801,ctx_brand > retarget > retarget,3,1
5778,20380,ctx_category > retarget > ctx_brand > influencer > retarget,5,1
5779,14281,cpa,1,1
5780,3289,influencer > ctx_category > social > retarget,4,1
5781,9985,ctx_brand > cpa > ctx_brand,3,1
5782,22231,ctx_brand > ctx_brand > influencer > social > cpa > retarget,6,1
5783,26002,ctx_category > ctx_brand > social,3,1
5784,1717,retarget > influencer > retarget,3,1
5785,28409,influencer > retarget > ctx_category > cpa > retarget,5,1
5786,31477,influencer > ctx_category > ctx_category > retarget,4,1
5787,24124,ctx_brand > social > retarget,3,1
5788,29484,ctx_brand > social > influencer > retarget,4,1
5789,19509,retarget > social > retarget,3,1
5790,25042,ctx_category > retarget > ctx_category > retarget,4,1
5791,38730,influencer > social > cpa > retarget > ctx_category > retarget,6,1
5792,19888,influencer > social > ctx_category > retarget,4,1
5793,8310,influencer > ctx_category > social > ctx_category > retarget > retarget,6,1
5794,25663,retarget > cpa > ctx_brand > ctx_category > retarget,5,1
5795,35473,influencer > ctx_category > retarget,3,1
5796,4739,cpa > ctx_brand > social > retarget,4,1
5797,38588,influencer > ctx_brand > social > social > retarget,5,1
5798,3682,retarget > retarget > retarget > retarget,4,1
5799,39160,influencer > ctx_brand > ctx_category > retarget > retarget,5,1
5800,18472,retarget > retarget > retarget > ctx_category,4,1
5801,3559,cpa > ctx_brand > influencer > influencer,4,1
5802,19775,influencer > social > retarget > social > ctx_category > retarget,6,1
5803,17727,cpa > retarget,2,1
5804,8916,influencer > ctx_brand > retarget > ctx_brand > retarget,5,1
5805,38877,social > ctx_category > influencer > retarget,4,1
5806,18834,ctx_category > retarget,2,1
5807,16493,social > cpa,2,1
5808,19344,cpa > retarget,2,1
5809,12065,influencer > ctx_category > cpa > retarget,4,1
5810,14592,retarget > social > social > cpa > retarget,5,1
5811,37757,social > cpa > cpa > social > retarget,5,1
5812,27910,influencer > retarget > cpa > ctx_brand > retarget,5,1
5813,24852,cpa > social > influencer > retarget,4,1
5814,10473,retarget > retarget,2,1
5815,3570,influencer > retarget > retarget > influencer > retarget,5,1
5816,37795,influencer > ctx_category > retarget,3,1
5817,7058,influencer > cpa > retarget,3,1
5818,34577,ctx_brand > retarget > ctx_category > influencer > retarget,5,1
5819,15447,ctx_category > retarget,2,1
5820,19601,ctx_category > ctx_category > ctx_category > retarget,4,1
5821,33937,influencer > cpa > cpa > cpa > ctx_category > retarget,6,1
5822,12175,cpa > social > retarget,3,1
5823,10105,retarget > retarget,2,1
5824,17358,retarget > retarget > ctx_brand > ctx_category > retarget,5,1
5825,28654,cpa > ctx_category > retarget > retarget > ctx_brand > retarget,6,1
5826,4952,ctx_category > influencer,2,1
5827,29375,ctx_brand > ctx_category > social > retarget > retarget,5,1
5828,39547,social > retarget > social > retarget > cpa > retarget,6,1
5829,19384,influencer > influencer,2,1
5830,37259,influencer > ctx_category > ctx_category > retarget,4,1
5831,38675,influencer > retarget > retarget,3,1
5832,24992,ctx_brand,1,1
5833,31712,retarget > social > ctx_brand > ctx_brand > retarget,5,1
5834,13020,social > cpa > cpa > influencer > retarget,5,1
5835,13134,retarget > retarget,2,1
5836,17846,retarget > retarget > retarget,3,1
5837,9300,ctx_brand > retarget,2,1
5838,22945,ctx_category > retarget,2,1
5839,27852,cpa > cpa > cpa > retarget,4,1
5840,30961,influencer > retarget > influencer > cpa > ctx_category > retarget,6,1
5841,16947,retarget > ctx_brand > retarget,3,1
5842,36980,organic > retarget,2,1
5843,39488,influencer > retarget > ctx_category > ctx_brand > cpa > retarget,6,1
5844,28491,ctx_brand > retarget,2,1
5845,7098,ctx_category > ctx_category,2,1
5846,33952,influencer > retarget > retarget,3,1
5847,28809,cpa > cpa > retarget,3,1
5848,37755,organic > retarget,2,1
5849,19139,ctx_brand > ctx_brand > cpa > retarget,4,1
5850,10883,cpa > cpa > influencer > retarget,4,1
5851,2105,ctx_brand > retarget,2,1
5852,5426,influencer > ctx_category,2,1
5853,27006,influencer > retarget,2,1
5854,26266,influencer > cpa > ctx_category > social > retarget,5,1
5855,39203,influencer > social > retarget > influencer,4,1
5856,28754,organic > retarget,2,1
5857,27488,cpa > social > cpa > retarget,4,1
5858,21825,cpa > cpa,2,1
5859,27368,ctx_brand > cpa,2,1
5860,12079,ctx_category > retarget > influencer > retarget,4,1
5861,38932,ctx_category > retarget > retarget > cpa > retarget,5,1
5862,14944,influencer > ctx_category > influencer > retarget > retarget,5,1
5863,16453,social > ctx_category > influencer > retarget,4,1
5864,21801,influencer > organic > retarget,3,1
5865,37774,influencer > ctx_brand > retarget,3,1
5866,13273,ctx_brand > cpa > retarget,3,1
5867,29510,ctx_brand > retarget,2,1
5868,28956,cpa > retarget > retarget,3,1
5869,21319,cpa > cpa > ctx_category > influencer > ctx_category > retarget,6,1
5870,10606,organic > retarget,2,1
5871,21634,cpa > retarget,2,1
5872,28405,influencer > ctx_brand > ctx_category > ctx_category > retarget,5,1
5873,18723,ctx_category > social > retarget > retarget > social > retarget,6,1
5874,5024,ctx_category > retarget,2,1
5875,12202,ctx_category > retarget > ctx_brand > cpa > retarget,5,1
5876,30715,retarget > ctx_brand > retarget,3,1
5877,38100,ctx_brand > retarget,2,1
5878,21525,ctx_brand > ctx_category > ctx_brand > retarget > ctx_category > retarget,6,1
5879,2397,social > influencer > cpa > ctx_category > retarget,5,1
5880,10880,influencer > ctx_category > cpa > ctx_category,4,1
5881,8506,cpa > ctx_category > influencer > retarget,4,1
5882,20232,influencer > retarget,2,1
5883,31040,influencer > ctx_category > influencer,3,1
5884,13205,influencer > influencer > retarget,3,1
5885,10260,retarget > retarget > influencer > retarget > retarget > retarget,6,1
5886,23000,cpa > ctx_brand,2,1
5887,16846,influencer > ctx_brand > ctx_brand > retarget,4,1
5888,21239,ctx_category > ctx_brand > retarget,3,1
5889,6063,retarget > ctx_brand > retarget > social > ctx_brand > retarget,6,1
5890,29745,influencer > retarget,2,1
5891,9762,influencer > ctx_brand > ctx_category > social > retarget,5,1
5892,22772,cpa > social > retarget,3,1
5893,11962,influencer > ctx_brand > social > ctx_brand > retarget,5,1
5894,25434,ctx_brand > ctx_brand > retarget > ctx_brand > social > cpa > retarget,7,1
5895,19998,ctx_category > retarget > retarget,3,1
5896,31623,influencer > cpa > ctx_category > retarget,4,1
5897,23173,retarget > ctx_brand > cpa > retarget,4,1
5898,4730,influencer > cpa > retarget,3,1
5899,22121,social > ctx_brand > influencer > ctx_category > influencer > retarget,6,1
5900,3741,ctx_category > cpa > retarget,3,1
5901,13132,influencer,1,1
5902,465,ctx_category > ctx_brand > retarget > retarget > retarget,5,1
5903,3454,influencer > influencer > retarget,3,1
5904,9422,influencer > influencer > ctx_brand > retarget,4,1
5905,37605,ctx_brand > retarget > influencer > retarget,4,1
5906,680,influencer > ctx_category > ctx_brand > retarget,4,1
5907,39461,influencer > retarget > social > retarget,4,1
5908,26847,ctx_brand,1,1
5909,17280,ctx_brand > ctx_brand > retarget,3,1
5910,3581,influencer > cpa > retarget,3,1
5911,17261,social,1,1
5912,24011,influencer > influencer > social,3,1
5913,14128,ctx_category > retarget,2,1
5914,9414,organic > retarget,2,1
5915,19187,social > cpa > retarget,3,1
5916,10693,influencer > social > ctx_category > retarget > ctx_brand > retarget,6,1
5917,27339,ctx_category > ctx_brand > social > social > retarget,5,1
5918,29587,retarget > ctx_category,2,1
5919,33158,ctx_brand > retarget,2,1
5920,16703,influencer > ctx_category > ctx_brand > retarget,4,1
5921,21672,influencer > ctx_brand > ctx_category > retarget,4,1
5922,16770,influencer > cpa > retarget,3,1
5923,28693,ctx_category > ctx_brand > retarget,3,1
5924,9409,influencer > retarget > ctx_category > retarget,4,1
5925,4184,social,1,1
5926,33471,cpa > ctx_category > retarget,3,1
5927,1112,retarget > cpa > retarget,3,1
5928,6370,ctx_category > social > ctx_brand > retarget,4,1
5929,12561,cpa > influencer,2,1
5930,10286,influencer > cpa > retarget > ctx_category > retarget > retarget,6,1
5931,21266,influencer > influencer > influencer > retarget,4,1
5932,31901,ctx_category > ctx_brand > social > social > cpa > retarget,6,1
5933,18692,retarget > retarget,2,1
5934,35942,retarget > ctx_category > social,3,1
5935,24419,ctx_category > retarget,2,1
5936,16255,influencer > cpa > retarget > cpa > social > retarget,6,1
5937,28288,retarget > retarget > retarget > retarget,4,1
5938,37411,cpa > retarget > cpa,3,1
5939,17102,cpa > retarget,2,1
5940,31294,influencer > retarget > cpa > influencer > retarget,5,1
5941,26497,retarget > retarget,2,1
5942,31931,social > influencer > retarget,3,1
5943,7939,retarget > ctx_category > retarget,3,1
5944,20037,retarget > ctx_category > ctx_category > retarget,4,1
5945,39291,retarget > social > ctx_brand > retarget,4,1
5946,28519,influencer > retarget > cpa > retarget,4,1
5947,31157,influencer > ctx_brand > ctx_category,3,1
5948,6982,ctx_brand > social > retarget > ctx_category > retarget,5,1
5949,32094,ctx_category > cpa > retarget,3,1
5950,34410,influencer > social > retarget,3,1
5951,37792,social > social > retarget > cpa > retarget,5,1
5952,21415,ctx_category > retarget > retarget > retarget,4,1
5953,2240,influencer > ctx_category > retarget,3,1
5954,25357,social > retarget,2,1
5955,4113,influencer > social > ctx_category > retarget,4,1
5956,36410,retarget > retarget > social > retarget,4,1
5957,32944,retarget > ctx_category,2,1
5958,35808,influencer > organic,2,1
5959,16886,retarget > retarget,2,1
5960,660,cpa > cpa > retarget,3,1
5961,806,ctx_category > influencer > retarget,3,1
5962,37489,organic > retarget,2,1
5963,24749,influencer > ctx_brand > retarget,3,1
5964,18501,retarget > retarget,2,1
5965,10982,influencer > ctx_category > retarget > ctx_category,4,1
5966,6877,social > social > retarget > retarget > retarget,5,1
5967,9111,ctx_brand > retarget > retarget,3,1
5968,4643,influencer > retarget > retarget,3,1
5969,34606,cpa > influencer > retarget,3,1
5970,11413,influencer > ctx_brand,2,1
5971,21397,social > influencer > retarget > retarget,4,1
5972,38609,ctx_brand > retarget,2,1
5973,23991,influencer > social > cpa > retarget > retarget > retarget,6,1
5974,36289,influencer > ctx_brand > retarget,3,1
5975,26956,ctx_brand > retarget,2,1
5976,15977,influencer > influencer > cpa > retarget,4,1
5977,24373,influencer > retarget > social > ctx_category > retarget,5,1
5978,12305,retarget > ctx_brand,2,1
5979,15153,ctx_brand > retarget,2,1
5980,10244,social > ctx_brand > retarget,3,1
5981,16120,influencer > cpa > influencer > cpa > ctx_category > ctx_brand > retarget,7,1
5982,16281,retarget > ctx_brand > influencer > ctx_brand > cpa > retarget,6,1
5983,28106,influencer > retarget > retarget > ctx_category > cpa > social > cpa > retarget,8,1
5984,14578,retarget > ctx_brand > retarget,3,1
5985,22718,cpa > ctx_category > influencer > influencer > retarget,5,1
5986,26963,social > retarget > influencer > social > retarget,5,1
5987,17863,organic > retarget,2,1
5988,18336,ctx_category > cpa > ctx_brand > ctx_category > retarget > retarget,6,1
5989,3141,social > ctx_category > influencer > social > ctx_category > retarget,6,1
5990,1392,ctx_category > ctx_category > retarget,3,1
5991,36620,retarget > ctx_brand > social > retarget,4,1
5992,9652,influencer > ctx_category > retarget > retarget > ctx_brand > retarget,6,1
5993,14271,ctx_brand > ctx_category > ctx_category > retarget,4,1
5994,9948,cpa > retarget > retarget,3,1
5995,20448,influencer > ctx_brand > retarget,3,1
5996,23469,influencer > retarget,2,1
5997,16903,retarget > cpa > cpa > retarget,4,1
5998,8790,influencer > retarget,2,1
5999,2395,ctx_category > ctx_category > retarget,3,1
6000,10448,ctx_category > influencer > influencer > ctx_category > retarget > retarget,6,1
6001,23694,influencer > influencer > retarget,3,1
6002,34982,influencer > organic > retarget,3,1
6003,38589,influencer > cpa > influencer > cpa > retarget,5,1
6004,22153,influencer > influencer,2,1
6005,24051,ctx_brand > ctx_brand,2,1
6006,2293,social > ctx_category > social > retarget,4,1
6007,33659,influencer > retarget > retarget,3,1
6008,9723,influencer > retarget > retarget > ctx_category > ctx_category > cpa > retarget,7,1
6009,178,retarget > influencer > cpa > ctx_brand > retarget,5,1
6010,12547,retarget > cpa > influencer > retarget,4,1
6011,29591,social > ctx_category > social > cpa > retarget,5,1
6012,6480,influencer > social > influencer > retarget > retarget,5,1
6013,36215,ctx_category > ctx_brand > retarget,3,1
6014,31828,retarget > cpa > ctx_category > retarget,4,1
6015,5624,ctx_brand > retarget > ctx_category > ctx_category > retarget,5,1
6016,21943,cpa > ctx_category > retarget,3,1
6017,39866,cpa > ctx_brand > cpa > social,4,1
6018,23614,ctx_brand > retarget,2,1
6019,2956,influencer > ctx_brand > social > influencer > ctx_category > retarget,6,1
6020,18568,influencer > retarget,2,1
6021,29183,cpa > social > ctx_category > retarget,4,1
6022,29903,social > ctx_category > cpa > ctx_category > cpa > ctx_category,6,1
6023,3734,organic > retarget,2,1
6024,10415,influencer > ctx_brand > cpa > retarget,4,1
6025,31339,influencer > retarget,2,1
6026,26999,retarget > retarget > ctx_category > influencer > retarget,5,1
6027,13169,cpa > retarget,2,1
6028,22915,influencer > ctx_category > cpa > ctx_brand > ctx_brand > cpa > retarget,7,1
6029,33476,influencer > ctx_category,2,1
6030,877,cpa > influencer > ctx_brand,3,1
6031,23195,influencer > ctx_brand > cpa > retarget,4,1
6032,4855,social > cpa > retarget,3,1
6033,11852,influencer > ctx_brand > retarget > cpa > retarget,5,1
6034,17557,organic > retarget,2,1
6035,9888,cpa > cpa > retarget,3,1
6036,13552,influencer > ctx_category > ctx_category > social > retarget,5,1
6037,136,influencer > influencer > retarget > retarget,4,1
6038,31928,influencer > influencer > ctx_brand > ctx_category > retarget > ctx_brand > retarget,7,1
6039,27487,ctx_category > retarget > retarget > retarget > retarget,5,1
6040,14207,ctx_brand > cpa > retarget,3,1
6041,13371,influencer > cpa > ctx_brand > social > retarget,5,1
6042,39924,ctx_brand > ctx_brand > influencer > ctx_brand > retarget,5,1
6043,5690,organic > retarget,2,1
6044,33377,cpa > retarget > retarget,3,1
6045,39347,ctx_brand > social > retarget,3,1
6046,12885,cpa > ctx_brand > retarget,3,1
6047,7178,cpa,1,1
6048,37296,retarget > retarget,2,1
6049,19758,influencer > ctx_brand > retarget,3,1
6050,7369,influencer > social > retarget > retarget,4,1
6051,19403,ctx_category > retarget,2,1
6052,18097,ctx_brand > ctx_category > influencer,3,1
6053,32188,ctx_category > ctx_category > ctx_category > ctx_brand > retarget,5,1
6054,5692,organic > retarget,2,1
6055,2482,ctx_brand > ctx_category > retarget,3,1
6056,35604,cpa > cpa > cpa > retarget > social > retarget,6,1
6057,29687,influencer > retarget > cpa > retarget,4,1
6058,3347,cpa > influencer > retarget,3,1
6059,25982,influencer > retarget > retarget,3,1
6060,10013,cpa > retarget,2,1
6061,11941,influencer > ctx_category > influencer > retarget,4,1
6062,10846,influencer > cpa > ctx_category > retarget,4,1
6063,22367,retarget > retarget,2,1
6064,34955,ctx_category > cpa > ctx_brand > ctx_brand > retarget > ctx_brand > retarget,7,1
6065,23855,retarget > retarget > ctx_brand > influencer > retarget,5,1
6066,9892,ctx_category > influencer > retarget,3,1
6067,25237,social > retarget,2,1
6068,25923,cpa > retarget > ctx_category > retarget,4,1
6069,34323,ctx_category > retarget,2,1
6070,21722,ctx_category > influencer > social > retarget,4,1
6071,12,social > influencer > social > retarget,4,1
6072,22247,ctx_brand > ctx_category > retarget > retarget,4,1
6073,8848,influencer > social > retarget > ctx_category,4,1
6074,14278,influencer > ctx_brand > retarget,3,1
6075,6690,social > ctx_category > retarget > ctx_brand > retarget,5,1
6076,33870,influencer > organic > retarget,3,1
6077,25320,influencer > ctx_brand > retarget > retarget > ctx_brand,5,1
6078,1978,social > ctx_category > retarget,3,1
6079,34581,social > retarget,2,1
6080,34471,cpa > retarget,2,1
6081,27826,ctx_brand > ctx_category > influencer > retarget,4,1
6082,28659,ctx_brand > retarget,2,1
6083,11677,influencer > ctx_brand > retarget > ctx_category > social > retarget,6,1
6084,36064,retarget > cpa > influencer > retarget,4,1
6085,2685,ctx_category > ctx_category > retarget,3,1
6086,12733,social > cpa > ctx_category > retarget,4,1
6087,8751,ctx_brand > cpa > retarget,3,1
6088,22337,influencer > cpa > ctx_brand > retarget,4,1
6089,25034,ctx_brand > retarget > cpa > retarget,4,1
6090,24536,ctx_brand,1,1
6091,9678,retarget > social > cpa > social > cpa,5,1
6092,9752,ctx_brand > cpa > ctx_brand > retarget,4,1
6093,35420,influencer > cpa > ctx_category > cpa > retarget,5,1
6094,28267,cpa > ctx_brand > ctx_category > retarget,4,1
6095,29426,influencer > influencer > ctx_brand > retarget,4,1
6096,22930,influencer > influencer > retarget,3,1
6097,32717,influencer > influencer > cpa > social > retarget,5,1
6098,35855,influencer > ctx_category > retarget > retarget,4,1
6099,4723,organic > retarget,2,1
6100,7942,cpa > cpa > retarget,3,1
6101,28376,influencer > ctx_brand > ctx_category > social > social,5,1
6102,39837,retarget > ctx_category > retarget,3,1
6103,36681,retarget > influencer > retarget,3,1
6104,36570,social > ctx_brand > retarget,3,1
6105,18717,influencer > retarget,2,1
6106,35829,retarget > influencer > retarget > ctx_category > ctx_category > retarget,6,1
6107,35251,influencer > cpa > ctx_category > influencer > retarget,5,1
6108,19007,retarget,1,1
6109,24538,ctx_brand,1,1
6110,16653,cpa > social > ctx_brand > ctx_category,4,1
6111,13059,ctx_category > retarget,2,1
6112,37971,influencer > ctx_brand > cpa,3,1
6113,19970,influencer > cpa > cpa > cpa > influencer > ctx_category > retarget,7,1
6114,14342,influencer > cpa > retarget > retarget > retarget,5,1
6115,24017,cpa > influencer > retarget,3,1
6116,35598,social > retarget > social > retarget > retarget,5,1
6117,9586,influencer > social > retarget,3,1
6118,23217,ctx_category > social > retarget,3,1
6119,6166,influencer > influencer > ctx_category > retarget,4,1
6120,37690,influencer > ctx_brand > ctx_category > retarget > retarget,5,1
6121,27440,retarget > cpa > retarget,3,1
6122,26260,influencer > cpa > retarget > ctx_category > retarget,5,1
6123,35590,social > ctx_category > retarget,3,1
6124,4123,social > influencer > retarget,3,1
6125,26763,social > retarget > retarget,3,1
6126,37914,influencer > influencer > retarget,3,1
6127,28651,ctx_brand > retarget,2,1
6128,9260,cpa > ctx_category > retarget,3,1
6129,36594,influencer > ctx_brand > social > retarget,4,1
6130,30113,retarget > retarget,2,1
6131,6773,social > influencer > retarget > retarget,4,1
6132,967,influencer > social > retarget,3,1
6133,31021,influencer > retarget > retarget,3,1
6134,26028,ctx_category > retarget,2,1
6135,38490,influencer > ctx_brand > ctx_category > retarget,4,1
6136,774,ctx_category > retarget,2,1
6137,3025,ctx_category > ctx_category > retarget,3,1
6138,38511,retarget > retarget > retarget,3,1
6139,23938,retarget,1,1
6140,30367,influencer > retarget > cpa,3,1
6141,23950,influencer > retarget > retarget,3,1
6142,16531,retarget > social > ctx_category > retarget,4,1
6143,29637,influencer > influencer > retarget,3,1
6144,20198,influencer > social > ctx_category > cpa > retarget,5,1
6145,15664,cpa > cpa > retarget,3,1
6146,18556,social > retarget,2,1
6147,10097,ctx_category > retarget,2,1
6148,16487,ctx_brand > ctx_brand > ctx_category > retarget,4,1
6149,24592,ctx_brand > influencer > ctx_category > influencer > retarget,5,1
6150,26162,ctx_category > cpa > cpa > retarget,4,1
6151,18475,influencer > retarget,2,1
6152,28382,ctx_category > social > cpa > retarget > retarget,5,1
6153,20825,influencer > retarget > retarget > retarget > retarget > retarget,6,1
6154,9869,influencer > influencer,2,1
6155,31187,retarget > cpa > cpa > retarget,4,1
6156,937,retarget > influencer > social > retarget,4,1
6157,15098,organic > retarget,2,1
6158,37010,social > retarget > social > ctx_category > retarget,5,1
6159,11169,influencer > social > retarget,3,1
6160,23936,influencer > influencer > cpa > retarget,4,1
6161,27558,influencer > influencer > ctx_category > ctx_category > ctx_category > ctx_category > retarget,7,1
6162,38227,social > cpa,2,1
6163,20503,cpa > ctx_brand > retarget,3,1
6164,3576,influencer > retarget,2,1
6165,28303,influencer > retarget > influencer > ctx_brand > cpa > ctx_category > retarget,7,1
6166,36021,retarget > ctx_brand > retarget,3,1
6167,19149,influencer > cpa > ctx_brand > influencer > cpa > retarget,6,1
6168,22572,retarget > retarget,2,1
6169,28692,influencer > ctx_brand > ctx_brand > retarget,4,1
6170,26400,organic > retarget,2,1
6171,13312,influencer > retarget > retarget > ctx_category > retarget,5,1
6172,39882,ctx_category > social > retarget,3,1
6173,12601,ctx_category > ctx_category > influencer > retarget,4,1
6174,29778,retarget > ctx_category > cpa > retarget,4,1
6175,21083,ctx_category > cpa > ctx_category > ctx_brand > social > retarget,6,1
6176,9022,retarget > ctx_category > social > retarget,4,1
6177,21641,ctx_category > ctx_brand > ctx_category > cpa > retarget,5,1
6178,16961,influencer > cpa > ctx_brand > retarget,4,1
6179,33701,retarget > influencer > cpa > ctx_brand > ctx_category > retarget,6,1
6180,14961,influencer > ctx_category > retarget,3,1
6181,599,cpa > influencer > social > retarget,4,1
6182,28001,cpa > influencer > retarget,3,1
6183,8606,ctx_category > ctx_category > retarget,3,1
6184,8480,influencer > ctx_brand > social,3,1
6185,13544,ctx_category > retarget > influencer > retarget,4,1
6186,20088,ctx_category > retarget > cpa > retarget,4,1
6187,6572,influencer > retarget > ctx_category > influencer > retarget > retarget,6,1
6188,32238,influencer > social > retarget,3,1
6189,31573,ctx_brand > social > cpa > retarget,4,1
6190,466,influencer > social,2,1
6191,35391,retarget > influencer > retarget,3,1
6192,22830,retarget > retarget,2,1
6193,36039,social,1,1
6194,37890,ctx_category > retarget,2,1
6195,1821,cpa > retarget,2,1
6196,17768,influencer > ctx_category > ctx_brand > ctx_brand > retarget > ctx_category > ctx_brand,7,1
6197,2654,ctx_brand > social > influencer > retarget,4,1
6198,30266,cpa > ctx_category > ctx_category > retarget,4,1
6199,35314,influencer > retarget > retarget,3,1
6200,24029,cpa > retarget > retarget,3,1
6201,25803,ctx_category > influencer > retarget,3,1
6202,11565,cpa > social > ctx_brand > retarget,4,1
6203,30478,influencer > ctx_brand > ctx_brand > influencer > social > ctx_category > retarget,7,1
6204,30839,ctx_category > cpa,2,1
6205,34499,influencer > organic,2,1
6206,2199,influencer > social > ctx_brand > retarget > retarget,5,1
6207,36339,influencer > organic > retarget,3,1
6208,25616,retarget > influencer > retarget,3,1
6209,25454,ctx_brand > ctx_category > ctx_brand > retarget > retarget,5,1
6210,19396,cpa > cpa,2,1
6211,36548,influencer > ctx_category > retarget,3,1
6212,6263,ctx_brand > retarget,2,1
6213,25804,retarget > ctx_category > influencer > retarget,4,1
6214,29128,ctx_brand > retarget > retarget,3,1
6215,10149,social > ctx_category > retarget > retarget,4,1
6216,31096,retarget > ctx_category > influencer > ctx_brand > retarget > retarget,6,1
6217,6463,retarget > retarget,2,1
6218,36290,cpa > retarget,2,1
6219,20268,influencer > ctx_category > retarget > ctx_category > influencer > retarget,6,1
6220,30446,cpa > influencer > retarget,3,1
6221,24889,ctx_category > influencer > cpa,3,1
6222,11028,influencer > retarget,2,1
6223,29456,retarget > ctx_brand > ctx_brand > retarget > retarget > social > retarget,7,1
6224,26528,ctx_category > retarget > ctx_brand > retarget,4,1
6225,341,ctx_brand > ctx_category > retarget,3,1
6226,8663,cpa > ctx_brand > ctx_brand > retarget,4,1
6227,10053,ctx_brand > social > retarget,3,1
6228,32726,social > ctx_category > retarget > retarget,4,1
6229,32652,social > influencer > retarget,3,1
6230,9817,retarget > social > retarget,3,1
6231,26093,influencer > retarget > influencer > retarget,4,1
6232,3902,influencer > influencer > retarget,3,1
6233,561,ctx_category > cpa > retarget,3,1
6234,28800,influencer > retarget > ctx_category > retarget,4,1
6235,25844,cpa > ctx_category > retarget,3,1
6236,10711,cpa > ctx_brand > retarget,3,1
6237,16565,ctx_category > retarget,2,1
6238,4507,cpa > ctx_brand > retarget,3,1
6239,22822,influencer > ctx_category > ctx_category > ctx_brand > retarget,5,1
6240,17700,influencer > cpa > retarget > retarget,4,1
6241,38062,retarget > ctx_category > ctx_brand > ctx_category > retarget,5,1
6242,38380,ctx_category > cpa > cpa > ctx_category > retarget,5,1
6243,2090,influencer > ctx_brand > ctx_brand > social > retarget,5,1
6244,30626,ctx_category > ctx_category > influencer,3,1
6245,22124,cpa > retarget > retarget > retarget,4,1
6246,20383,organic > retarget,2,1
6247,21919,influencer > cpa,2,1
6248,14764,retarget > cpa > ctx_brand > retarget,4,1
6249,23116,influencer > cpa > retarget > cpa > retarget,5,1
6250,25460,influencer > ctx_brand > retarget,3,1
6251,31419,influencer > influencer > influencer > cpa > ctx_brand > retarget,6,1
6252,27114,social > ctx_category > cpa > retarget,4,1
6253,27649,retarget > influencer > retarget > retarget,4,1
6254,31826,influencer > social > cpa > retarget > retarget,5,1
6255,27507,organic > retarget,2,1
6256,35624,retarget > ctx_brand > cpa > retarget,4,1
6257,32943,cpa > cpa > retarget > retarget,4,1
6258,8727,influencer > retarget > ctx_category > retarget > retarget,5,1
6259,13179,organic > retarget,2,1
6260,8267,influencer > ctx_brand > ctx_category > ctx_category > retarget,5,1
6261,785,influencer > retarget > ctx_category > ctx_category > ctx_category > retarget,6,1
6262,30586,influencer > social > retarget,3,1
6263,23751,ctx_brand > ctx_brand > retarget,3,1
6264,19011,influencer > retarget > cpa > cpa > retarget,5,1
6265,2952,organic > retarget,2,1
6266,21424,influencer > social > influencer > retarget,4,1
6267,36398,retarget > retarget > ctx_brand,3,1
6268,941,influencer > cpa > ctx_category > cpa > ctx_category > retarget,6,1
6269,7822,influencer > cpa > ctx_category > cpa,4,1
6270,24260,organic > retarget,2,1
6271,34865,influencer > ctx_category > retarget,3,1
6272,2379,influencer > ctx_category > retarget,3,1
6273,37486,organic > retarget,2,1
6274,19173,ctx_brand > retarget,2,1
6275,20473,cpa > influencer > retarget,3,1
6276,6226,ctx_brand > ctx_category > retarget,3,1
6277,508,retarget > retarget > ctx_brand > retarget,4,1
6278,21937,cpa > cpa > ctx_brand > retarget,4,1
6279,11178,influencer > influencer > ctx_category > retarget,4,1
6280,19044,retarget > retarget > retarget,3,1
6281,11517,ctx_category > retarget > retarget > social > retarget > retarget,6,1
6282,35675,retarget > retarget,2,1
6283,12256,ctx_category,1,1
6284,8053,influencer > cpa > ctx_brand > cpa > social > retarget,6,1
6285,32788,influencer > ctx_category > ctx_category > social > ctx_category > retarget,6,1
6286,18625,cpa > retarget > ctx_category > ctx_category > retarget,5,1
6287,26042,retarget > ctx_brand > social > ctx_category > retarget,5,1
6288,555,ctx_brand > social > retarget,3,1
6289,16342,ctx_category > retarget > social,3,1
6290,19991,social > ctx_brand > ctx_brand > ctx_category > ctx_brand > retarget,6,1
6291,38561,social > social > cpa > retarget,4,1
6292,25918,retarget > retarget > retarget,3,1
6293,9647,cpa > ctx_category > influencer > retarget,4,1
6294,235,cpa,1,1
6295,39821,ctx_category > ctx_brand > retarget,3,1
6296,5096,influencer > ctx_brand > retarget,3,1
6297,27564,influencer > ctx_brand > retarget > ctx_brand > retarget,5,1
6298,27062,social > retarget,2,1
6299,33034,influencer > social > ctx_category > retarget > retarget > ctx_category,6,1
6300,9270,ctx_category > ctx_brand > retarget > retarget,4,1
6301,2515,influencer > retarget,2,1
6302,28658,influencer > social > retarget,3,1
6303,2710,cpa > cpa > retarget,3,1
6304,19925,influencer > social > retarget > retarget > retarget,5,1
6305,23383,influencer > social > influencer > ctx_brand > retarget,5,1
6306,37851,influencer > retarget > retarget,3,1
6307,13667,retarget > retarget,2,1
6308,1667,retarget,1,1
6309,32522,influencer > cpa > retarget,3,1
6310,12189,influencer > ctx_category > ctx_brand > retarget > social > retarget,6,1
6311,17493,ctx_brand > ctx_category > social > retarget,4,1
6312,7091,influencer > cpa > ctx_category > retarget,4,1
6313,26771,influencer > ctx_category > social > ctx_brand > retarget,5,1
6314,9823,cpa > cpa,2,1
6315,6512,retarget > retarget > ctx_category > retarget,4,1
6316,10901,retarget > retarget > ctx_brand > influencer > retarget,5,1
6317,10662,influencer > ctx_category > social > ctx_category > retarget,5,1
6318,15135,influencer > ctx_category > ctx_brand > cpa > retarget,5,1
6319,20554,influencer > retarget > retarget,3,1
6320,34409,organic > retarget,2,1
6321,16874,influencer > retarget > social > cpa > cpa > retarget,6,1
6322,9625,influencer > retarget > retarget,3,1
6323,1780,influencer > cpa > retarget,3,1
6324,1790,social > ctx_category > social > ctx_category > retarget,5,1
6325,2561,influencer > influencer > retarget > retarget,4,1
6326,27094,influencer > social > ctx_category > retarget > retarget,5,1
6327,14378,ctx_category > retarget,2,1
6328,2229,ctx_brand > retarget > retarget,3,1
6329,7240,influencer > cpa > influencer > social > ctx_brand > retarget,6,1
6330,3833,influencer > social > cpa > retarget > retarget,5,1
6331,25889,cpa > retarget > ctx_brand > retarget,4,1
6332,7536,influencer > ctx_category > ctx_category > retarget,4,1
6333,33123,ctx_category > retarget,2,1
6334,14073,social > retarget,2,1
6335,8840,social > social > ctx_brand > ctx_category > retarget,5,1
6336,19840,influencer > influencer > cpa > influencer > cpa > influencer > retarget,7,1
6337,16403,ctx_category > social > retarget > retarget,4,1
6338,28976,influencer > ctx_brand > ctx_brand > ctx_category > cpa,5,1
6339,32239,influencer > ctx_brand > retarget,3,1
6340,5110,ctx_brand > ctx_category > social > retarget,4,1
6341,25113,influencer > ctx_category > influencer > ctx_category > retarget,5,1
6342,5764,cpa > retarget,2,1
6343,4990,cpa > ctx_brand > retarget,3,1
6344,25549,influencer > cpa > retarget,3,1
6345,30368,cpa > ctx_brand > retarget,3,1
6346,5855,ctx_category > influencer,2,1
6347,26373,influencer > cpa,2,1
6348,38733,ctx_category > social > influencer > social > ctx_category > retarget,6,1
6349,5020,influencer > influencer > retarget > ctx_brand,4,1
6350,14662,organic > retarget,2,1
6351,11295,influencer > organic > retarget,3,1
6352,18949,retarget > influencer > ctx_brand > retarget,4,1
6353,35220,ctx_category > ctx_category > retarget,3,1
6354,8466,influencer > retarget,2,1
6355,38236,cpa > cpa > retarget > retarget,4,1
6356,18946,organic > retarget,2,1
6357,8789,cpa > retarget > influencer > retarget,4,1
6358,37101,ctx_brand > ctx_brand > social > retarget,4,1
6359,20539,cpa > retarget,2,1
6360,35423,influencer > ctx_category > retarget,3,1
6361,10455,retarget > retarget > retarget,3,1
6362,21357,influencer > retarget > retarget,3,1
6363,19235,organic > retarget,2,1
6364,19402,cpa > influencer > retarget > retarget,4,1
6365,20835,cpa > ctx_category > ctx_category > ctx_category > retarget,5,1
6366,20982,influencer > organic > retarget,3,1
6367,28132,ctx_category > influencer > ctx_category > retarget,4,1
6368,624,cpa > ctx_category > retarget,3,1
6369,10522,ctx_category > ctx_brand > retarget > social > cpa > retarget,6,1
6370,28411,ctx_brand > retarget,2,1
6371,7879,ctx_brand > influencer > influencer > retarget,4,1
6372,14052,influencer > retarget > cpa > social > retarget > retarget,6,1
6373,21017,influencer > ctx_brand > cpa > ctx_category > social > retarget,6,1
6374,8507,social > ctx_brand > ctx_category,3,1
6375,15104,influencer > cpa > ctx_brand > cpa > retarget,5,1
6376,25696,influencer > ctx_category > ctx_category > influencer > retarget,5,1
6377,25472,influencer > ctx_brand > ctx_brand > influencer > retarget,5,1
6378,9079,influencer > organic > retarget,3,1
6379,15555,influencer > cpa > social > retarget,4,1
6380,14505,ctx_brand > ctx_category > ctx_category > retarget > retarget,5,1
6381,3148,influencer > retarget > cpa > retarget,4,1
6382,20117,ctx_brand > cpa > retarget,3,1
6383,11107,ctx_brand > ctx_brand > cpa > cpa > retarget,5,1
6384,32736,ctx_category > retarget,2,1
6385,30904,ctx_category > retarget > cpa > cpa > retarget > retarget,6,1
6386,34669,ctx_brand,1,1
6387,17800,influencer > social > retarget,3,1
6388,34233,retarget > retarget,2,1
6389,16782,influencer > cpa > retarget,3,1
6390,20731,influencer > social > ctx_brand > ctx_category > retarget,5,1
6391,5128,ctx_brand > social > ctx_category > retarget,4,1
6392,6716,influencer > ctx_category > ctx_category > ctx_category > cpa > retarget,6,1
6393,24641,social > cpa > ctx_category > retarget,4,1
6394,17956,influencer > ctx_brand > social,3,1
6395,26636,ctx_brand > retarget > retarget,3,1
6396,6890,influencer > cpa > ctx_category > retarget,4,1
6397,1391,influencer > social > ctx_brand > social > retarget,5,1
6398,18520,influencer > social > social > ctx_category > ctx_brand,5,1
6399,10164,ctx_category > ctx_brand > cpa > retarget,4,1
6400,19842,retarget > retarget,2,1
6401,713,influencer > retarget > cpa > social > retarget,5,1
6402,31221,influencer > retarget > ctx_brand > retarget,4,1
6403,7903,ctx_category > ctx_brand > ctx_brand > retarget,4,1
6404,33856,cpa > cpa > ctx_brand > retarget,4,1
6405,13088,ctx_category > retarget > influencer > ctx_category > retarget,5,1
6406,7272,influencer > retarget > social > social > influencer > ctx_brand > retarget,7,1
6407,335,influencer > retarget > ctx_brand > social,4,1
6408,3016,influencer > influencer > cpa > cpa > retarget,5,1
6409,34265,ctx_category > retarget > retarget,3,1
6410,4109,retarget > influencer > influencer > cpa > ctx_brand > retarget,6,1
6411,16523,influencer > retarget > ctx_category > ctx_category > retarget,5,1
6412,28547,influencer > ctx_category > retarget,3,1
6413,20874,retarget > ctx_category > ctx_brand,3,1
6414,1074,social > ctx_brand > retarget,3,1
6415,22826,retarget > cpa > retarget,3,1
6416,15497,influencer > cpa > cpa > ctx_category > retarget,5,1
6417,31788,ctx_category > ctx_category > social > ctx_category > social > retarget > retarget,7,1
6418,2269,ctx_category > retarget,2,1
6419,10921,cpa > ctx_brand > retarget > ctx_category > cpa > retarget,6,1
6420,6873,influencer > ctx_category > ctx_brand > social > retarget,5,1
6421,4773,ctx_brand > social > retarget,3,1
6422,34058,influencer > social > retarget,3,1
6423,38388,retarget > retarget,2,1
6424,11236,cpa > social > retarget > retarget,4,1
6425,35213,retarget > retarget > retarget,3,1
6426,28233,ctx_category > cpa > ctx_category > ctx_brand > influencer > ctx_category > retarget,7,1
6427,23951,influencer > ctx_category > retarget,3,1
6428,22754,retarget > ctx_category > retarget,3,1
6429,33114,retarget > retarget,2,1
6430,9956,influencer > organic > retarget,3,1
6431,27581,social > ctx_category > retarget,3,1
6432,16962,retarget > ctx_category > retarget,3,1
6433,8651,influencer > ctx_category > retarget > ctx_brand > retarget,5,1
6434,27404,influencer > ctx_category > influencer > ctx_brand > retarget,5,1
6435,34226,influencer > cpa > retarget > ctx_brand > cpa > retarget,6,1
6436,15756,influencer > ctx_brand > ctx_category > influencer > retarget,5,1
6437,20855,ctx_brand > influencer > ctx_category > retarget > retarget,5,1
6438,18210,influencer > retarget > ctx_brand > retarget,4,1
6439,17456,ctx_category > influencer > ctx_brand > retarget,4,1
6440,32541,ctx_brand > retarget > retarget,3,1
6441,15673,influencer > influencer > influencer > ctx_category > retarget,5,1
6442,14482,ctx_category > retarget,2,1
6443,39404,cpa > ctx_brand > ctx_brand > retarget,4,1
6444,33487,influencer > cpa,2,1
6445,19744,cpa > retarget > ctx_brand > retarget,4,1
6446,38285,ctx_brand > ctx_brand > influencer > retarget,4,1
6447,20748,influencer > retarget > ctx_brand > ctx_category > retarget > retarget,6,1
6448,9042,influencer > social > retarget,3,1
6449,13314,ctx_brand > ctx_category > retarget,3,1
6450,17625,ctx_category > social > ctx_category > retarget,4,1
6451,16939,influencer > retarget > ctx_brand > ctx_brand > retarget,5,1
6452,8284,cpa > retarget > retarget,3,1
6453,18961,influencer > cpa > retarget,3,1
6454,9832,influencer > influencer > social > cpa > retarget,5,1
6455,22975,influencer > influencer > ctx_brand > ctx_brand > ctx_brand > retarget,6,1
6456,23793,retarget > retarget > retarget,3,1
6457,5734,influencer > social > cpa > cpa > retarget,5,1
6458,17896,retarget > retarget,2,1
6459,16200,ctx_category > cpa,2,1
6460,12623,retarget > retarget,2,1
6461,22579,influencer > influencer > retarget > retarget > retarget,5,1
6462,25489,ctx_category > retarget,2,1
6463,27689,influencer > ctx_brand > retarget,3,1
6464,23578,influencer > ctx_brand > retarget,3,1
6465,9921,social > retarget > retarget,3,1
6466,29856,retarget > retarget,2,1
6467,21113,ctx_brand > retarget,2,1
6468,32637,cpa > cpa > retarget,3,1
6469,22086,influencer > ctx_brand,2,1
6470,37203,retarget,1,1
6471,35059,retarget > retarget,2,1
6472,9103,ctx_brand > cpa > retarget,3,1
6473,32945,influencer > retarget,2,1
6474,28503,influencer > retarget > ctx_brand > retarget > ctx_brand > retarget,6,1
6475,29728,social > retarget > cpa > retarget,4,1
6476,27833,influencer > ctx_category > social > retarget > retarget,5,1
6477,22597,retarget > influencer > retarget,3,1
6478,17009,cpa > retarget > ctx_category > ctx_brand > retarget,5,1
6479,20940,retarget > ctx_brand > ctx_brand,3,1
6480,13289,ctx_category > social > cpa > influencer,4,1
6481,25026,ctx_category > retarget,2,1
6482,32493,cpa > ctx_brand > retarget > influencer > ctx_category > cpa > retarget,7,1
6483,35137,influencer > influencer > social > retarget,4,1
6484,20745,influencer > retarget > influencer > cpa > cpa > influencer > retarget,7,1
6485,20424,social > cpa,2,1
6486,1912,influencer > influencer > influencer,3,1
6487,25672,ctx_brand > cpa > social > ctx_category > ctx_brand > retarget,6,1
6488,22957,retarget > retarget > retarget,3,1
6489,28920,ctx_category > retarget > social > retarget,4,1
6490,36299,influencer > influencer > retarget,3,1
6491,32237,influencer > organic > retarget,3,1
6492,26993,retarget > retarget,2,1
6493,5329,cpa > retarget > ctx_brand > cpa > retarget,5,1
6494,17500,retarget > retarget,2,1
6495,16745,influencer > retarget,2,1
6496,10368,retarget > social > ctx_brand > retarget,4,1
6497,24219,ctx_brand > ctx_brand > retarget,3,1
6498,22050,retarget > cpa,2,1
6499,18249,influencer > cpa,2,1
6500,35390,influencer > retarget > ctx_category > ctx_category > ctx_category > retarget,6,1
6501,532,ctx_brand > influencer > retarget > retarget > retarget,5,1
6502,13019,social > retarget > retarget,3,1
6503,23752,social > retarget > ctx_brand > ctx_brand,4,1
6504,32224,influencer > retarget > retarget > social > retarget,5,1
6505,16194,influencer > retarget > retarget > retarget,4,1
6506,9134,influencer > ctx_brand > retarget,3,1
6507,14106,ctx_category > ctx_category > retarget,3,1
6508,28959,influencer > cpa > cpa > cpa > retarget > ctx_category > retarget,7,1
6509,25188,influencer > cpa > social > ctx_brand > ctx_brand > ctx_category > retarget,7,1
6510,24048,ctx_category > ctx_category > social > retarget,4,1
6511,26306,influencer > organic > retarget,3,1
6512,26143,organic > retarget,2,1
6513,39072,ctx_category > ctx_category > retarget,3,1
6514,5534,organic > retarget,2,1
6515,23679,ctx_category > ctx_category,2,1
6516,18117,influencer > social > ctx_category > retarget,4,1
6517,29115,influencer > retarget,2,1
6518,13343,influencer > cpa > retarget > retarget > ctx_brand > retarget,6,1
6519,14858,social > retarget,2,1
6520,165,influencer > social > retarget > retarget > retarget,5,1
6521,20411,retarget > ctx_category > retarget,3,1
6522,39597,ctx_category > ctx_category > retarget > retarget,4,1
6523,3303,retarget > cpa > retarget > ctx_category > ctx_category > retarget,6,1
6524,23363,influencer > ctx_brand > retarget,3,1
6525,22527,organic > retarget,2,1
6526,9886,influencer > ctx_brand > ctx_category > retarget,4,1
6527,1910,social > retarget,2,1
6528,11870,influencer > retarget > cpa > retarget,4,1
6529,11046,ctx_category > retarget,2,1
6530,5360,influencer > social > ctx_category > cpa > retarget > retarget,6,1
6531,584,influencer > social > retarget > cpa > retarget,5,1
6532,7282,social > ctx_category > retarget > ctx_category > retarget,5,1
6533,8879,social > social > ctx_brand > retarget,4,1
6534,11964,ctx_brand > ctx_category > influencer > social > retarget,5,1
6535,19284,ctx_category > retarget,2,1
6536,464,retarget > ctx_brand > ctx_category > retarget,4,1
6537,17123,retarget > cpa > retarget > retarget,4,1
6538,17262,cpa > influencer > retarget,3,1
6539,30796,influencer > ctx_brand > social,3,1
6540,12150,influencer > ctx_brand > ctx_brand > cpa > retarget,5,1
6541,17616,social > retarget,2,1
6542,31043,influencer > ctx_brand > ctx_category > retarget,4,1
6543,13832,influencer > social > cpa > ctx_category > retarget,5,1
6544,17095,ctx_brand > social > social > retarget,4,1
6545,28723,influencer > ctx_category,2,1
6546,12254,influencer > retarget > ctx_brand,3,1
6547,32946,influencer > ctx_category > cpa > ctx_brand > retarget,5,1
6548,27763,social > social > retarget > ctx_category > retarget,5,1
6549,15300,influencer > influencer > social > ctx_brand > retarget,5,1
6550,16563,influencer > ctx_brand > influencer > cpa,4,1
6551,25862,influencer > ctx_category > retarget,3,1
6552,34210,ctx_brand > retarget > retarget,3,1
6553,31011,organic > retarget,2,1
6554,12066,retarget > influencer > influencer > social > retarget,5,1
6555,37591,influencer > retarget > ctx_brand > retarget > ctx_category > ctx_brand > ctx_brand > retarget,8,1
6556,1682,influencer > influencer > retarget > retarget > retarget,5,1
6557,13972,retarget > ctx_category > ctx_category > influencer > ctx_category > retarget,6,1
6558,35764,organic,1,1
6559,18686,ctx_category > ctx_category > ctx_category > ctx_category > retarget,5,1
6560,13729,influencer > influencer > retarget > ctx_category > retarget,5,1
6561,10384,influencer > ctx_category > retarget > ctx_category,4,1
6562,2440,social > retarget > retarget,3,1
6563,20992,ctx_category,1,1
6564,7046,influencer > influencer > influencer > influencer > retarget,5,1
6565,17322,cpa > ctx_brand > cpa > ctx_category > retarget,5,1
6566,3767,influencer > ctx_brand,2,1
6567,1476,influencer > ctx_category,2,1
6568,12734,social > ctx_category > cpa > retarget,4,1
6569,24032,ctx_brand > influencer > retarget,3,1
6570,5559,social > ctx_category,2,1
6571,8429,retarget > ctx_category > ctx_category > retarget,4,1
6572,8915,social > ctx_category,2,1
6573,36541,ctx_category > ctx_category > ctx_category > retarget,4,1
6574,3745,retarget > social > cpa > retarget,4,1
6575,18724,ctx_category > ctx_category > retarget,3,1
6576,14750,retarget > cpa,2,1
6577,11154,ctx_brand > social > retarget,3,1
6578,12674,influencer > cpa > ctx_category > ctx_category > retarget,5,1
6579,39599,social > cpa > influencer > ctx_brand > retarget,5,1
6580,37152,influencer > retarget > ctx_category > social > influencer,5,1
6581,29278,ctx_category > ctx_brand > retarget,3,1
6582,17915,ctx_brand > retarget,2,1
6583,4867,ctx_category > cpa > retarget,3,1
6584,6922,influencer > cpa > social > retarget > retarget,5,1
6585,10786,influencer > cpa > ctx_category > influencer > social > retarget,6,1
6586,15695,organic > retarget,2,1
6587,9524,influencer > ctx_category > retarget,3,1
6588,36523,influencer > ctx_brand > ctx_category > retarget,4,1
6589,7228,influencer > ctx_category > ctx_category > ctx_category > social > ctx_brand > retarget,7,1
6590,134,ctx_brand > retarget > retarget,3,1
6591,37965,organic > retarget,2,1
6592,1389,influencer > ctx_category > ctx_category > ctx_category > retarget,5,1
6593,22481,retarget > ctx_brand > ctx_brand > retarget,4,1
6594,4341,influencer > retarget > influencer > retarget,4,1
6595,5939,retarget > ctx_brand > retarget,3,1
6596,34959,influencer > cpa > retarget,3,1
6597,27280,cpa > ctx_category > influencer > ctx_brand > ctx_brand > retarget,6,1
6598,27413,influencer > cpa > influencer > social > retarget,5,1
6599,31316,influencer > social > ctx_brand > influencer > retarget,5,1
6600,15645,retarget > ctx_brand > retarget,3,1
6601,16111,organic > retarget,2,1
6602,8403,ctx_category > ctx_brand > retarget,3,1
6603,28272,influencer > social > retarget,3,1
6604,712,ctx_category > social > social > influencer > influencer > retarget,6,1
6605,7213,organic > retarget,2,1
6606,4141,organic > retarget,2,1
6607,32481,ctx_brand > social > cpa,3,1
6608,12736,ctx_category > ctx_category > retarget,3,1
6609,5798,ctx_category > retarget,2,1
6610,8601,influencer > retarget > cpa > retarget,4,1
6611,37188,influencer > ctx_category > social > social > influencer,5,1
6612,5119,ctx_brand > influencer > retarget,3,1
6613,29369,retarget > ctx_category > ctx_category > retarget,4,1
6614,27935,influencer > retarget > ctx_brand > retarget > retarget,5,1
6615,19771,ctx_category > retarget > retarget,3,1
6616,28719,influencer > social > retarget > cpa > retarget,5,1
6617,29690,ctx_category > ctx_brand > ctx_category > retarget,4,1
6618,2518,influencer > ctx_category > ctx_category > social > retarget,5,1
6619,37264,retarget > social > retarget,3,1
6620,31548,organic > retarget,2,1
6621,13736,ctx_brand > social > social > retarget,4,1
6622,36017,ctx_category > retarget,2,1
6623,6321,cpa > retarget,2,1
6624,1861,social > retarget,2,1
6625,685,influencer > cpa > retarget,3,1
6626,20597,ctx_category > ctx_category > ctx_category > retarget,4,1
6627,33047,organic > retarget,2,1
6628,3791,ctx_brand > ctx_brand > cpa > retarget,4,1
6629,33286,organic,1,1
6630,7258,ctx_brand > retarget > ctx_brand > social > retarget > retarget,6,1
6631,13097,influencer > cpa > influencer > ctx_brand > influencer > social > ctx_category > retarget,8,1
6632,38525,ctx_category > ctx_category > social > ctx_brand > retarget,5,1
6633,38958,ctx_category > retarget,2,1
6634,27111,influencer > ctx_category > social,3,1
6635,18700,organic > retarget,2,1
6636,9531,ctx_category > retarget > ctx_brand > retarget,4,1
6637,4149,social > retarget > retarget,3,1
6638,14574,ctx_category > ctx_category > retarget,3,1
6639,31311,influencer > cpa > influencer > ctx_brand > ctx_brand > retarget,6,1
6640,6630,ctx_category > ctx_category > social,3,1
6641,19947,cpa > retarget > ctx_category > retarget,4,1
6642,22180,influencer > organic > retarget,3,1
6643,34253,social > retarget > ctx_brand > cpa > retarget,5,1
6644,10927,influencer > influencer > retarget,3,1
6645,32376,cpa > influencer,2,1
6646,21561,social > ctx_category > retarget > retarget,4,1
6647,629,cpa > influencer > retarget,3,1
6648,19689,retarget > retarget > social > cpa > retarget,5,1
6649,31696,organic > retarget,2,1
6650,21309,retarget > cpa > ctx_brand > social > social > retarget,6,1
6651,14689,social > ctx_category > ctx_category > ctx_category > retarget,5,1
6652,36530,ctx_category > influencer > ctx_brand > ctx_brand,4,1
6653,9606,retarget > ctx_category > ctx_category > ctx_brand > retarget,5,1
6654,10413,ctx_category > retarget,2,1
6655,25629,influencer > social > cpa > social > social > retarget,6,1
6656,13310,influencer > ctx_brand > retarget,3,1
6657,13925,retarget > ctx_brand > ctx_brand > ctx_brand,4,1
6658,27970,ctx_brand > ctx_category > retarget,3,1
6659,1919,influencer > retarget > retarget,3,1
6660,32988,influencer > ctx_category > retarget > ctx_brand > cpa > retarget,6,1
6661,35763,ctx_brand > social > retarget,3,1
6662,17061,ctx_brand > cpa > retarget,3,1
6663,23028,ctx_category > ctx_brand > influencer > influencer > retarget,5,1
6664,28600,ctx_category > influencer > influencer > social > retarget,5,1
6665,6901,retarget > cpa > ctx_category > retarget,4,1
6666,15350,influencer > ctx_category > retarget > retarget,4,1
6667,32971,retarget > cpa > retarget,3,1
6668,34862,influencer > ctx_brand > social > ctx_brand > retarget,5,1
6669,7526,influencer > ctx_category > social,3,1
6670,35119,social > retarget,2,1
6671,1144,retarget > influencer,2,1
6672,16191,ctx_category > ctx_category > retarget > cpa > retarget,5,1
6673,30927,retarget > retarget,2,1
6674,30879,ctx_category > retarget,2,1
6675,13496,retarget > ctx_category > cpa > retarget > retarget,5,1
6676,13608,ctx_category > social > social > ctx_category > social > retarget,6,1
6677,14303,ctx_category > influencer > cpa > social > retarget,5,1
6678,22371,retarget > ctx_category > cpa,3,1
6679,12922,influencer > retarget > ctx_brand > retarget,4,1
6680,17256,ctx_brand > cpa > ctx_category > retarget > retarget,5,1
6681,812,ctx_brand > retarget > social > retarget,4,1
6682,39377,influencer > ctx_category > retarget,3,1
6683,4275,influencer > influencer > ctx_category > cpa > ctx_category > retarget,6,1
6684,24989,influencer > social > ctx_category > influencer,4,1
6685,38579,ctx_brand > ctx_category > ctx_category > retarget,4,1
6686,10333,influencer > ctx_brand > social > retarget,4,1
6687,13553,influencer > retarget > ctx_brand > social > social > retarget,6,1
6688,1131,retarget > cpa > ctx_brand > retarget,4,1
6689,7020,influencer > retarget > cpa > social > retarget,5,1
6690,27113,organic > retarget,2,1
6691,36244,influencer > ctx_category > retarget > ctx_category > ctx_category > retarget,6,1
6692,7513,retarget > retarget,2,1
6693,12116,cpa > retarget,2,1
6694,10511,influencer > influencer > retarget,3,1
6695,16993,influencer > social > ctx_category > ctx_brand > social,5,1
6696,21101,social > retarget,2,1
6697,31688,organic > retarget,2,1
6698,11642,influencer > cpa > ctx_category > social > retarget,5,1
6699,18523,influencer > social > ctx_brand > retarget > retarget,5,1
6700,15273,influencer > social > cpa > retarget,4,1
6701,7510,ctx_brand > cpa > influencer > retarget,4,1
6702,30148,influencer > social > cpa > retarget,4,1
6703,35465,retarget > ctx_brand > retarget > retarget,4,1
6704,32669,ctx_brand > retarget,2,1
6705,1456,influencer > ctx_brand > social > ctx_category,4,1
6706,21114,ctx_category > ctx_brand,2,1
6707,16189,influencer > ctx_category > social > retarget > retarget,5,1
6708,12679,ctx_category > retarget > retarget,3,1
6709,11810,ctx_brand > cpa > ctx_category > retarget,4,1
6710,22565,ctx_brand > ctx_brand > ctx_brand > retarget,4,1
6711,39983,ctx_category > retarget,2,1
6712,24424,influencer > ctx_brand > influencer > retarget,4,1
6713,10254,ctx_category > ctx_brand > cpa > retarget,4,1
6714,26635,influencer > influencer > retarget,3,1
6715,26435,influencer > ctx_category > social > ctx_category > retarget,5,1
6716,34641,retarget > influencer > retarget,3,1
6717,33056,social > ctx_category > ctx_brand > retarget > retarget,5,1
6718,38713,retarget > social > cpa > ctx_brand > retarget > retarget,6,1
6719,26971,ctx_category > ctx_category > retarget,3,1
6720,14433,influencer > social > retarget > ctx_brand,4,1
6721,34704,influencer > retarget > ctx_brand > retarget,4,1
6722,17935,influencer > social > ctx_brand,3,1
6723,16065,influencer > ctx_category > retarget > retarget,4,1
6724,975,influencer > retarget > social > ctx_brand > ctx_category > retarget,6,1
6725,25951,social > retarget,2,1
6726,38368,ctx_category > retarget,2,1
6727,30756,ctx_category > ctx_category > cpa > retarget,4,1
6728,1063,ctx_brand > ctx_category > retarget > retarget,4,1
6729,12158,ctx_category > ctx_brand > retarget > ctx_category,4,1
6730,26844,influencer > influencer > social > ctx_brand > retarget,5,1
6731,9306,influencer > ctx_category,2,1
6732,1095,influencer > influencer,2,1
6733,25563,ctx_category > ctx_brand > ctx_brand > retarget,4,1
6734,11521,ctx_brand > retarget > ctx_category > retarget,4,1
6735,15317,influencer > social > retarget,3,1
6736,9759,ctx_category > retarget > cpa > ctx_brand > ctx_category > influencer > retarget,7,1
6737,35821,influencer > ctx_brand > retarget > ctx_category > retarget,5,1
6738,22761,social > influencer > retarget,3,1
6739,19102,influencer > influencer > social > cpa > retarget,5,1
6740,23650,influencer > influencer > cpa > retarget > retarget,5,1
6741,28145,influencer > ctx_brand > retarget,3,1
6742,30733,ctx_brand > ctx_category > retarget > retarget,4,1
6743,38839,influencer > retarget > ctx_category > ctx_category > ctx_category > retarget,6,1
6744,37294,ctx_brand > ctx_brand > retarget,3,1
6745,35785,influencer > retarget,2,1
6746,39709,ctx_category > ctx_brand > ctx_brand > ctx_brand > retarget > ctx_category > retarget,7,1
6747,15292,influencer > social > social > retarget,4,1
6748,1039,organic,1,1
6749,22389,ctx_category > retarget > retarget,3,1
6750,17147,retarget > ctx_brand > influencer > retarget,4,1
6751,13399,retarget > retarget > ctx_category > ctx_category > ctx_brand > retarget,6,1
6752,13359,retarget > social > influencer > ctx_category,4,1
6753,11152,influencer > retarget > retarget > ctx_category > retarget,5,1
6754,36819,influencer > ctx_category > cpa > retarget,4,1
6755,34972,influencer > social > retarget,3,1
6756,15795,ctx_category > retarget,2,1
6757,12043,ctx_category > ctx_brand > influencer > retarget,4,1
6758,5231,ctx_brand > cpa > retarget,3,1
6759,25044,ctx_category > cpa > retarget,3,1
6760,14936,social > influencer > ctx_brand > retarget > retarget,5,1
6761,16205,influencer > organic > retarget,3,1
6762,28193,ctx_category > ctx_category > influencer,3,1
6763,10046,retarget > social > retarget,3,1
6764,5343,influencer > ctx_category > ctx_category > cpa,4,1
6765,336,ctx_category > ctx_category > influencer > social > retarget,5,1
6766,3228,social > cpa > ctx_category > ctx_brand > social > ctx_category > retarget > retarget,8,1
6767,38442,influencer > retarget > retarget,3,1
6768,31492,influencer > ctx_brand > ctx_brand > retarget,4,1
6769,17119,ctx_brand > social > retarget > ctx_category > ctx_category > retarget,6,1
6770,16943,organic,1,1
6771,17420,ctx_category > cpa > retarget,3,1
6772,38452,influencer > ctx_category > retarget,3,1
6773,24176,ctx_brand > retarget > retarget,3,1
6774,7702,cpa > ctx_brand > ctx_category > ctx_category > retarget,5,1
6775,31136,ctx_brand > cpa > retarget > retarget,4,1
6776,38764,cpa > social > ctx_category > retarget,4,1
6777,29085,retarget > influencer > ctx_category > retarget,4,1
6778,9210,ctx_category > ctx_category > cpa > ctx_category > retarget,5,1
6779,14872,organic > retarget,2,1
6780,8726,influencer > organic > retarget,3,1
6781,36488,ctx_category > influencer > retarget,3,1
6782,23268,ctx_category > retarget > retarget > ctx_category,4,1
6783,30867,influencer > ctx_brand > ctx_brand > social > retarget,5,1
6784,18950,influencer > cpa > retarget,3,1
6785,37445,ctx_brand > retarget,2,1
6786,17833,influencer > retarget > retarget,3,1
6787,37456,influencer > ctx_category > retarget > retarget > cpa > ctx_category > retarget,7,1
6788,34920,influencer > ctx_category > social > cpa > retarget,5,1
6789,27358,influencer > social > retarget,3,1
6790,27963,organic,1,1
6791,26732,influencer > retarget > ctx_brand > ctx_brand > retarget,5,1
6792,8973,ctx_brand > ctx_category > retarget,3,1
6793,20686,influencer > retarget > ctx_category > influencer > retarget,5,1
6794,4590,organic > retarget,2,1
6795,34676,ctx_category > ctx_category > ctx_category > retarget,4,1
6796,22423,retarget > cpa > cpa > retarget > retarget,5,1
6797,28927,retarget > retarget,2,1
6798,3993,cpa > retarget,2,1
6799,14191,influencer > retarget > influencer > cpa > retarget,5,1
6800,16567,ctx_brand > retarget,2,1
6801,29185,social > retarget,2,1
6802,38087,social > ctx_brand > retarget,3,1
6803,20699,ctx_brand > social > ctx_brand > retarget > retarget,5,1
6804,22350,influencer > ctx_brand > influencer > retarget,4,1
6805,39838,ctx_category > retarget > retarget,3,1
6806,21981,influencer > cpa > ctx_category > retarget > retarget,5,1
6807,8161,ctx_brand > influencer > ctx_brand > retarget,4,1
6808,11291,ctx_category > cpa > retarget > ctx_category > ctx_category > retarget,6,1
6809,34803,influencer > retarget,2,1
6810,4151,ctx_brand > cpa > retarget,3,1
6811,28024,ctx_brand > ctx_brand > cpa,3,1
6812,2568,ctx_brand > cpa,2,1
6813,7589,ctx_brand > social > influencer > retarget,4,1
6814,18573,ctx_category > ctx_brand > cpa > ctx_category > ctx_brand > retarget,6,1
6815,37439,ctx_brand > ctx_category > retarget > retarget,4,1
6816,38150,influencer > ctx_category > ctx_brand > ctx_category > retarget,5,1
6817,16398,social > ctx_category > influencer > retarget,4,1
6818,10388,cpa > social > retarget,3,1
6819,14770,influencer > cpa > ctx_category > influencer > retarget,5,1
6820,30019,retarget > retarget > retarget,3,1
6821,34833,influencer > ctx_brand > retarget > cpa,4,1
6822,39325,cpa > ctx_category > ctx_category > retarget,4,1
6823,26947,influencer > retarget > ctx_brand > retarget,4,1
6824,2334,influencer > retarget > cpa > ctx_brand > cpa,5,1
6825,9224,cpa > ctx_brand > cpa > retarget,4,1
6826,38355,ctx_category > influencer > retarget > retarget,4,1
6827,27684,retarget > ctx_brand > retarget,3,1
6828,14390,retarget > retarget > ctx_category > retarget,4,1
6829,35860,influencer > influencer > ctx_brand > retarget,4,1
6830,9980,retarget > influencer > ctx_category > retarget,4,1
6831,36406,cpa > ctx_brand > retarget,3,1
6832,14012,ctx_category > ctx_brand > retarget,3,1
6833,8217,ctx_category > retarget > retarget > retarget,4,1
6834,39618,ctx_brand > cpa > ctx_brand > cpa > retarget,5,1
6835,25024,ctx_category > cpa > ctx_category > influencer > ctx_brand > ctx_category > retarget,7,1
6836,37012,ctx_category > retarget,2,1
6837,12445,ctx_category > social > ctx_brand,3,1
6838,26666,social > ctx_category > social,3,1
6839,10463,ctx_brand > ctx_category > retarget > retarget,4,1
6840,15435,ctx_brand > retarget > retarget,3,1
6841,26735,retarget > influencer > ctx_category > ctx_brand > retarget,5,1
6842,6377,influencer > ctx_category > ctx_brand > retarget,4,1
6843,14849,ctx_category > cpa > retarget,3,1
6844,16698,social > cpa > retarget,3,1
6845,11009,ctx_category > ctx_brand > retarget,3,1
6846,28045,influencer > ctx_brand > retarget > social > retarget,5,1
6847,10646,ctx_category > ctx_category > retarget,3,1
6848,21446,influencer > cpa > cpa > retarget,4,1
6849,35674,ctx_category > ctx_brand > ctx_category > retarget,4,1
6850,9401,influencer > retarget > ctx_category > ctx_brand > retarget,5,1
6851,33787,influencer > retarget > influencer > retarget > retarget,5,1
6852,8847,ctx_brand > ctx_brand > ctx_category > cpa > retarget > ctx_brand > retarget,7,1
6853,18603,influencer > retarget,2,1
6854,21958,social > ctx_brand > ctx_category > cpa,4,1
6855,8363,cpa > influencer > retarget,3,1
6856,21838,influencer > ctx_brand > retarget,3,1
6857,8365,ctx_category > cpa > retarget,3,1
6858,12464,ctx_brand > social > retarget,3,1
6859,28369,influencer > retarget > cpa > ctx_category > retarget,5,1
6860,13433,cpa > ctx_brand,2,1
6861,39327,influencer > ctx_category > social > ctx_brand > ctx_brand > retarget,6,1
6862,13598,retarget > retarget,2,1
6863,23185,ctx_brand > influencer > retarget,3,1
6864,9277,ctx_brand > ctx_brand > ctx_category > retarget,4,1
6865,35724,ctx_brand > retarget,2,1
6866,11655,retarget > ctx_brand > retarget,3,1
6867,340,influencer > cpa > ctx_brand > retarget > cpa > retarget,6,1
6868,33721,ctx_category,1,1
6869,22265,influencer > cpa > influencer > social > influencer > retarget,6,1
6870,10517,cpa > retarget,2,1
6871,13763,ctx_category > cpa > retarget > retarget,4,1
6872,13743,organic > retarget,2,1
6873,39183,ctx_category > influencer > retarget,3,1
6874,39617,influencer > ctx_category > ctx_brand > ctx_brand,4,1
6875,19373,ctx_brand > retarget > retarget,3,1
6876,21457,social > retarget > retarget,3,1
6877,17255,ctx_brand > ctx_brand > ctx_brand > retarget,4,1
6878,7629,influencer > influencer > influencer > retarget,4,1
6879,12795,ctx_category > retarget > retarget,3,1
6880,9490,cpa > cpa > ctx_category,3,1
6881,34661,organic,1,1
6882,28998,ctx_category > ctx_category > retarget > influencer > cpa > retarget,6,1
6883,12006,ctx_category > retarget > ctx_brand > social > ctx_brand > ctx_category > retarget,7,1
6884,1918,influencer > influencer > retarget,3,1
6885,20116,organic > retarget,2,1
6886,28520,ctx_brand > cpa > cpa > influencer > ctx_brand > retarget,6,1
6887,24675,cpa > ctx_category > ctx_brand > retarget,4,1
6888,10855,retarget > social > social > retarget,4,1
6889,951,ctx_brand > cpa > influencer > retarget,4,1
6890,22119,retarget > retarget,2,1
6891,17696,influencer > social > cpa > ctx_brand > retarget,5,1
6892,36784,influencer > cpa > social,3,1
6893,12811,influencer > retarget,2,1
6894,34437,ctx_brand > retarget,2,1
6895,29180,social > retarget > retarget,3,1
6896,28289,cpa > ctx_category > retarget > retarget,4,1
6897,27950,influencer > cpa > retarget,3,1
6898,25972,influencer > ctx_category > ctx_category > retarget > retarget,5,1
6899,30561,retarget > influencer > cpa > retarget,4,1
6900,20641,retarget > retarget > retarget > social > retarget,5,1
6901,23525,influencer > influencer > social > ctx_brand > ctx_brand > retarget,6,1
6902,7573,ctx_brand > retarget > ctx_category > retarget > ctx_category > retarget,6,1
6903,3290,ctx_category > ctx_brand > ctx_category > retarget,4,1
6904,3205,influencer > ctx_category > retarget,3,1
6905,24116,social > cpa,2,1
6906,38734,cpa > influencer > retarget,3,1
6907,32063,influencer > social,2,1
6908,21441,ctx_category > influencer > ctx_category > retarget,4,1
6909,1316,influencer > cpa > influencer > retarget,4,1
6910,39626,ctx_category > ctx_category > retarget,3,1
6911,20436,influencer,1,1
6912,32633,retarget > cpa > ctx_category > ctx_category > retarget,5,1
6913,32850,influencer > retarget > retarget > ctx_category,4,1
6914,10318,retarget > ctx_category > ctx_category > retarget,4,1
6915,28664,influencer > ctx_brand > retarget > retarget,4,1
6916,4795,ctx_category > influencer > retarget > retarget,4,1
6917,7169,influencer > organic > retarget,3,1
6918,34652,retarget > social > retarget,3,1
6919,30253,retarget > ctx_brand,2,1
6920,27637,influencer > ctx_brand > retarget > retarget,4,1
6921,36710,influencer > retarget > retarget > retarget,4,1
6922,13356,ctx_category > cpa > retarget,3,1
6923,21652,influencer > retarget,2,1
6924,18578,ctx_category > influencer > retarget,3,1
6925,5842,influencer > cpa > retarget,3,1
6926,23108,influencer > social > social > social > cpa > retarget,6,1
6927,8886,influencer > retarget,2,1
6928,24190,cpa > cpa > influencer > retarget,4,1
6929,14387,influencer > influencer > retarget,3,1
6930,12093,influencer > influencer > retarget > ctx_category > retarget > retarget,6,1
6931,33473,influencer > cpa > retarget,3,1
6932,12379,ctx_brand > retarget,2,1
6933,1788,ctx_category > retarget > social > retarget,4,1
6934,13109,influencer > social > retarget,3,1
6935,28056,retarget > ctx_brand,2,1
6936,4187,ctx_category > retarget > retarget,3,1
6937,21121,influencer > social > social > cpa > retarget,5,1
6938,39693,ctx_brand > retarget,2,1
6939,22910,influencer > social > ctx_brand > retarget,4,1
6940,39500,ctx_category > retarget > ctx_brand,3,1
6941,34992,influencer > ctx_category > social > retarget,4,1
6942,31728,retarget > influencer > ctx_category > retarget,4,1
6943,32761,influencer > cpa > retarget,3,1
6944,25709,social > influencer > ctx_brand > social > retarget,5,1
6945,34310,influencer > ctx_category > ctx_category > retarget,4,1
6946,24646,influencer > retarget > ctx_category > ctx_brand > retarget,5,1
6947,36260,ctx_category > retarget,2,1
6948,13678,influencer > ctx_category > retarget,3,1
6949,9394,cpa > influencer > retarget > cpa > ctx_category > social > retarget,7,1
6950,21304,influencer > ctx_category > cpa > ctx_brand > retarget,5,1
6951,34030,ctx_brand > retarget,2,1
6952,19715,retarget > ctx_brand > retarget,3,1
6953,27465,retarget > ctx_brand > retarget,3,1
6954,10453,ctx_brand > ctx_category > retarget,3,1
6955,22948,cpa > retarget > cpa > retarget,4,1
6956,14297,influencer > ctx_brand > retarget,3,1
6957,27879,influencer > ctx_brand > retarget,3,1
6958,34743,ctx_category > retarget > cpa > retarget,4,1
6959,11235,retarget > retarget > ctx_category > retarget,4,1
6960,6453,influencer,1,1
6961,21327,cpa > retarget > influencer > cpa > retarget,5,1
6962,35467,ctx_brand > retarget,2,1
6963,32766,cpa > retarget,2,1
6964,24283,ctx_category > social > ctx_category > retarget,4,1
6965,22136,ctx_brand > ctx_brand > ctx_category > retarget,4,1
6966,7753,influencer > social > retarget,3,1
6967,6709,cpa > ctx_brand > retarget,3,1
6968,27596,social > ctx_brand > retarget,3,1
6969,12432,retarget > social > ctx_category > retarget,4,1
6970,17947,influencer > ctx_category > retarget,3,1
6971,24834,ctx_brand > social > ctx_brand > influencer > retarget,5,1
6972,33717,cpa > retarget,2,1
6973,28611,ctx_category > cpa > retarget > retarget > retarget,5,1
6974,6055,influencer > ctx_brand > influencer > retarget,4,1
6975,6523,influencer > organic > retarget,3,1
6976,865,cpa > retarget,2,1
6977,35263,influencer > retarget > ctx_brand > retarget,4,1
6978,25083,organic,1,1
6979,38629,organic > retarget,2,1
6980,1781,influencer > cpa > ctx_brand > ctx_brand > ctx_brand > retarget,6,1
6981,36527,influencer > cpa > retarget,3,1
6982,13055,influencer > retarget,2,1
6983,19167,cpa > retarget,2,1
6984,19496,cpa > ctx_category > retarget,3,1
6985,12858,influencer > cpa > cpa,3,1
6986,24709,organic > retarget,2,1
6987,26504,influencer > cpa > social > ctx_category > retarget,5,1
6988,1709,retarget > retarget > social > cpa > retarget,5,1
6989,23954,ctx_brand > ctx_brand > cpa > retarget,4,1
6990,24883,influencer > influencer > ctx_category > ctx_category > ctx_brand,5,1
6991,20662,cpa > cpa > retarget,3,1
6992,86,influencer > ctx_brand > retarget,3,1
6993,13157,cpa > ctx_brand > retarget,3,1
6994,9021,organic > retarget,2,1
6995,12233,ctx_category > retarget,2,1
6996,19584,influencer > ctx_brand > social > retarget,4,1
6997,34720,social > retarget > retarget,3,1
6998,5859,social > cpa > retarget > retarget,4,1
6999,36758,influencer > retarget > ctx_brand > ctx_category > retarget,5,1
7000,34336,influencer > influencer > ctx_category,3,1
7001,33254,influencer > retarget > ctx_category > retarget,4,1
7002,14562,social > cpa > retarget,3,1
7003,12723,influencer,1,1
7004,17029,influencer > ctx_category > retarget > retarget,4,1
7005,3695,influencer > ctx_category > retarget > retarget,4,1
7006,9989,influencer > retarget > ctx_brand > social > retarget,5,1
7007,7012,ctx_brand > social > retarget,3,1
7008,32217,influencer > cpa > cpa > retarget,4,1
7009,32823,ctx_category > ctx_brand > retarget > retarget,4,1
7010,30052,cpa > ctx_category > cpa > retarget,4,1
7011,30802,cpa > retarget,2,1
7012,21445,cpa > retarget > retarget,3,1
7013,1909,retarget > cpa > cpa > ctx_brand > retarget,5,1
7014,30406,ctx_category > retarget > retarget,3,1
7015,38584,influencer > organic > retarget,3,1
7016,33042,ctx_brand > retarget > ctx_category > influencer > retarget,5,1
7017,4146,influencer > social > social > retarget,4,1
7018,12248,social > cpa,2,1
7019,27911,influencer > ctx_brand > ctx_category > ctx_brand > retarget,5,1
7020,30438,influencer > influencer > influencer > influencer > retarget,5,1
7021,9991,ctx_brand > retarget,2,1
7022,36286,ctx_brand > ctx_category > ctx_category > retarget,4,1
7023,33237,influencer > ctx_category > retarget,3,1
7024,15010,ctx_brand > retarget,2,1
7025,780,influencer > ctx_category > cpa > retarget,4,1
7026,17684,social > ctx_category > retarget,3,1
7027,2377,influencer > ctx_category > ctx_category > retarget,4,1
7028,33443,retarget > ctx_brand > ctx_brand > ctx_category > ctx_brand > retarget,6,1
7029,12282,social > ctx_category > social > retarget,4,1
7030,11656,influencer > retarget > retarget,3,1
7031,30581,influencer > retarget > cpa > influencer > influencer > cpa > retarget,7,1
7032,13389,influencer > cpa > ctx_category > retarget,4,1
7033,25795,ctx_category > retarget,2,1
7034,36066,influencer > social > ctx_category > retarget,4,1
7035,16242,ctx_category > retarget,2,1
7036,27176,influencer > ctx_category > ctx_brand > ctx_category > ctx_category,5,1
7037,39977,influencer > ctx_category > retarget,3,1
7038,8347,organic > retarget,2,1
7039,17105,influencer > ctx_category > ctx_brand > cpa > retarget,5,1
7040,16536,influencer > influencer > retarget > ctx_brand > ctx_brand > retarget,6,1
7041,35326,organic > retarget,2,1
7042,13915,influencer > ctx_brand > influencer > retarget,4,1
7043,3674,retarget,1,1
7044,17195,ctx_category > retarget > retarget,3,1
7045,24336,cpa > ctx_category > retarget,3,1
7046,25051,retarget > social > retarget,3,1
7047,2651,retarget > retarget > retarget > social > ctx_category > retarget > retarget > retarget,8,1
7048,31478,ctx_brand > influencer > social > retarget,4,1
7049,22937,influencer > influencer > retarget > retarget,4,1
7050,37724,influencer > influencer > social > retarget,4,1
7051,14650,cpa > ctx_brand > retarget,3,1
7052,10520,ctx_category > retarget,2,1
7053,9682,influencer > ctx_category > ctx_brand > influencer > ctx_brand > retarget,6,1
7054,15128,social > retarget,2,1
7055,23128,retarget > ctx_category > retarget,3,1
7056,104,influencer > retarget > ctx_brand > retarget,4,1
7057,33113,ctx_category > retarget > cpa > retarget,4,1
7058,35237,ctx_category > retarget,2,1
7059,39300,influencer > influencer > retarget > ctx_brand > influencer > retarget,6,1
7060,15284,retarget > retarget,2,1
7061,35748,influencer > influencer > cpa > ctx_brand > social > cpa > retarget,7,1
7062,20786,influencer > ctx_category > retarget,3,1
7063,6454,cpa > ctx_category > ctx_brand > retarget,4,1
7064,10486,ctx_category > influencer > ctx_category > retarget > ctx_category > ctx_brand > cpa > retarget,8,1
7065,8375,ctx_brand > retarget > ctx_category > ctx_brand > retarget,5,1
7066,21740,influencer > ctx_category,2,1
7067,38661,influencer > ctx_brand > retarget,3,1
7068,14086,ctx_brand > retarget > social > ctx_category,4,1
7069,14537,ctx_brand > retarget > ctx_category,3,1
7070,39674,ctx_category > ctx_category > retarget,3,1
7071,35946,influencer > ctx_category > ctx_brand > ctx_category > retarget,5,1
7072,35708,influencer > ctx_category > ctx_category > retarget,4,1
7073,36635,ctx_category > social > ctx_category > cpa > retarget,5,1
7074,29805,influencer > retarget > influencer > retarget > cpa > retarget,6,1
7075,14074,influencer > ctx_category > social > retarget > cpa > retarget,6,1
7076,10617,cpa > retarget,2,1
7077,12081,ctx_category > retarget > ctx_category,3,1
7078,15833,influencer > organic,2,1
7079,14753,influencer > retarget > retarget,3,1
7080,14679,influencer > ctx_category > ctx_category > social > retarget,5,1
7081,8555,influencer > retarget > retarget,3,1
7082,26232,influencer > social > retarget > retarget > retarget,5,1
7083,28709,influencer > retarget > cpa > influencer > ctx_brand > cpa > retarget,7,1
7084,5257,social > retarget > influencer > retarget > retarget,5,1
7085,2701,social > retarget,2,1
7086,24498,influencer > retarget > ctx_brand > ctx_brand > retarget,5,1
7087,16025,ctx_category,1,1
7088,39481,ctx_category > social > ctx_category > influencer > influencer > retarget,6,1
7089,18669,influencer > ctx_brand,2,1
7090,12163,ctx_category > retarget,2,1
7091,14488,cpa > social > retarget,3,1
7092,34395,cpa > ctx_brand > retarget,3,1
7093,9998,ctx_category > retarget > retarget > cpa > retarget,5,1
7094,27407,ctx_brand > retarget,2,1
7095,28854,cpa > ctx_category,2,1
7096,2494,ctx_brand > ctx_category > ctx_brand > retarget,4,1
7097,29839,ctx_brand > retarget,2,1
7098,26275,retarget > influencer > ctx_category > retarget,4,1
7099,37365,influencer > social > influencer > retarget,4,1
7100,14454,influencer > influencer > ctx_brand > influencer > retarget,5,1
7101,6881,cpa > cpa > cpa > cpa > retarget,5,1
7102,33227,retarget > ctx_brand > ctx_brand > retarget,4,1
7103,39372,ctx_category > ctx_category > retarget,3,1
7104,38890,ctx_category > cpa > retarget,3,1
7105,17450,social > retarget > retarget,3,1
7106,13720,retarget,1,1
7107,7931,retarget > ctx_category > retarget,3,1
7108,19388,ctx_category > cpa > cpa > social,4,1
7109,25090,ctx_brand > ctx_category > cpa,3,1
7110,6362,influencer > social > retarget,3,1
7111,7935,retarget > influencer > influencer > retarget,4,1
7112,15823,influencer > ctx_brand > retarget > ctx_brand > ctx_brand,5,1
7113,29271,ctx_category > ctx_brand > retarget,3,1
7114,5852,retarget > ctx_brand,2,1
7115,30131,cpa > influencer > social > cpa > retarget,5,1
7116,27293,influencer > influencer > retarget,3,1
7117,12459,retarget > retarget,2,1
7118,30576,retarget > ctx_brand > influencer > retarget,4,1
7119,1308,retarget > ctx_brand > cpa > ctx_brand > retarget,5,1
7120,19473,influencer > ctx_brand > ctx_brand > retarget,4,1
7121,5473,ctx_brand > ctx_category > cpa > ctx_category > retarget > retarget,6,1
7122,34045,ctx_category > cpa > influencer > social > retarget,5,1
7123,24830,influencer > cpa > influencer > retarget,4,1
7124,37515,social > retarget,2,1
7125,12061,organic > retarget,2,1
7126,3531,cpa > ctx_category > cpa > retarget,4,1
7127,36595,cpa > retarget,2,1
7128,19343,ctx_brand > ctx_category > retarget,3,1
7129,23989,influencer > organic > retarget,3,1
7130,22093,ctx_category > retarget > retarget,3,1
7131,32035,organic > retarget,2,1
7132,6625,ctx_category > retarget,2,1
7133,14937,ctx_brand > ctx_brand > ctx_category > retarget,4,1
7134,31423,ctx_category > influencer > retarget,3,1
7135,6702,influencer > ctx_category > social > retarget > retarget,5,1
7136,4489,influencer > ctx_brand > social > retarget,4,1
7137,7111,influencer > ctx_brand > ctx_category,3,1
7138,10020,ctx_category,1,1
7139,11876,organic > retarget,2,1
7140,7617,cpa > ctx_category > ctx_brand > retarget,4,1
7141,7591,social > cpa > retarget,3,1
7142,32927,influencer > ctx_category > retarget > retarget,4,1
7143,14635,influencer > retarget > cpa > influencer > ctx_brand > retarget,6,1
7144,39974,retarget > retarget > ctx_brand > retarget > cpa > influencer > influencer > retarget,8,1
7145,12107,ctx_category > cpa > influencer > cpa > retarget,5,1
7146,16626,retarget > cpa > retarget > social > social > retarget,6,1
7147,17830,ctx_brand > ctx_brand > ctx_brand > retarget,4,1
7148,36544,retarget > ctx_brand > social > ctx_category > retarget,5,1
7149,7854,influencer > retarget > ctx_category > cpa > retarget,5,1
7150,19647,ctx_category > influencer > ctx_brand > influencer > ctx_category > ctx_category > retarget,7,1
7151,1507,cpa > cpa > ctx_category > retarget,4,1
7152,10469,social > retarget > retarget,3,1
7153,30040,influencer > social > ctx_category > ctx_category > retarget,5,1
7154,34662,influencer > social > social > ctx_category > retarget,5,1
7155,15313,retarget > ctx_brand > ctx_brand > social > ctx_brand > retarget > retarget,7,1
7156,20901,organic > retarget,2,1
7157,33341,organic > retarget,2,1
7158,38031,ctx_category > retarget > retarget,3,1
7159,20092,social > retarget,2,1
7160,30499,retarget > retarget > retarget,3,1
7161,22706,retarget > ctx_category > retarget > retarget,4,1
7162,31971,ctx_category > ctx_brand > ctx_category,3,1
7163,5737,influencer > influencer > retarget,3,1
7164,32651,organic > retarget,2,1
7165,5181,ctx_category > ctx_brand > cpa > ctx_brand > social > retarget,6,1
7166,21282,ctx_category > ctx_brand > cpa > retarget,4,1
7167,3868,influencer > cpa > retarget,3,1
7168,9783,cpa > cpa > cpa > retarget,4,1
7169,34166,organic > retarget,2,1
7170,29635,influencer > ctx_brand > ctx_category > cpa > retarget,5,1
7171,21049,ctx_category > cpa > retarget,3,1
7172,31498,retarget > ctx_brand > retarget,3,1
7173,18778,organic > retarget,2,1
7174,10728,organic,1,1
7175,32866,ctx_brand > social > ctx_category > retarget,4,1
7176,21603,influencer > retarget > cpa > ctx_category > retarget,5,1
7177,21830,influencer > ctx_category > influencer > retarget,4,1
7178,26674,influencer > ctx_brand > influencer > ctx_brand > influencer > retarget > ctx_brand > retarget,8,1
7179,30133,retarget > influencer > retarget,3,1
7180,21795,influencer > ctx_category,2,1
7181,6196,influencer > ctx_brand > retarget,3,1
7182,18346,retarget > social > retarget,3,1
7183,17020,cpa > retarget,2,1
7184,13213,social > retarget > retarget,3,1
7185,22034,retarget > cpa > retarget > retarget,4,1
7186,1930,influencer > influencer > ctx_category,3,1
7187,13523,influencer > ctx_category > retarget,3,1
7188,37664,ctx_brand > retarget > retarget,3,1
7189,19649,cpa > ctx_brand,2,1
7190,26902,influencer > retarget > retarget,3,1
7191,924,ctx_brand > retarget > retarget,3,1
7192,14984,influencer > social > retarget,3,1
7193,14235,ctx_brand > retarget,2,1
7194,15484,retarget > retarget > influencer > retarget,4,1
7195,23606,ctx_category > ctx_brand > cpa > cpa,4,1
7196,18742,influencer > social > ctx_category > social > ctx_brand > retarget,6,1
7197,26591,influencer > cpa > retarget > retarget,4,1
7198,25386,cpa > cpa > ctx_brand > retarget,4,1
7199,14259,social > social > retarget,3,1
7200,31357,ctx_category > retarget > retarget > retarget,4,1
7201,14655,influencer > ctx_category > retarget,3,1
7202,18849,influencer > retarget > retarget,3,1
7203,7355,ctx_brand > retarget > social > social > ctx_brand > retarget,6,1
7204,23761,retarget > social > retarget,3,1
7205,1727,retarget > retarget > ctx_category > retarget,4,1
7206,9207,influencer > retarget > ctx_category,3,1
7207,13089,ctx_brand > cpa > ctx_brand > ctx_category > retarget,5,1
7208,25610,ctx_category > ctx_brand > ctx_category > retarget > ctx_category > retarget,6,1
7209,22700,ctx_category > ctx_category > ctx_category,3,1
7210,10033,influencer > ctx_brand,2,1
7211,39205,organic,1,1
7212,8379,social > ctx_brand > ctx_brand > ctx_category > cpa > retarget,6,1
7213,4156,ctx_category > ctx_brand > cpa > ctx_category > social > retarget,6,1
7214,8269,retarget > influencer > ctx_brand > influencer > retarget,5,1
7215,3019,influencer > ctx_brand > ctx_brand > retarget > retarget,5,1
7216,26449,influencer > retarget,2,1
7217,25310,influencer > social > cpa > retarget > ctx_brand,5,1
7218,20883,ctx_category > retarget,2,1
7219,17016,influencer > ctx_brand > ctx_category,3,1
7220,21671,retarget > ctx_category > retarget > influencer > retarget > retarget,6,1
7221,37505,influencer > ctx_category > ctx_category > retarget > retarget,5,1
7222,35014,ctx_category > retarget,2,1
7223,21517,influencer > cpa > influencer,3,1
7224,9903,social > retarget > ctx_brand > social > social > retarget,6,1
7225,30289,organic > retarget,2,1
7226,37535,retarget > retarget,2,1
7227,39663,ctx_brand > ctx_brand > cpa > cpa,4,1
7228,36464,retarget > retarget > ctx_brand > retarget,4,1
7229,3310,retarget > social > retarget,3,1
7230,31994,cpa > cpa > social > retarget > retarget,5,1
7231,28528,organic > retarget,2,1
7232,9130,ctx_category > ctx_category > retarget > retarget,4,1
7233,22576,cpa > ctx_brand > retarget,3,1
7234,29740,influencer > ctx_category > social > retarget,4,1
7235,3017,social > retarget > cpa,3,1
7236,35687,ctx_brand > retarget,2,1
7237,12761,influencer > ctx_category > ctx_category > ctx_category > ctx_brand > ctx_brand > retarget,7,1
7238,23735,ctx_brand > retarget,2,1
7239,8761,ctx_category > retarget,2,1
7240,36093,ctx_category > ctx_category > social > cpa > social > retarget,6,1
7241,11865,ctx_brand,1,1
7242,6860,retarget > retarget > retarget,3,1
7243,32332,ctx_brand > retarget,2,1
7244,26818,organic > retarget,2,1
7245,4744,cpa > retarget > ctx_brand > retarget,4,1
7246,19096,ctx_brand > cpa > retarget,3,1
7247,31166,influencer > ctx_brand > social > retarget,4,1
7248,21802,ctx_category > ctx_category > ctx_category > retarget,4,1
7249,26296,ctx_brand > retarget,2,1
7250,19520,influencer > retarget > cpa > retarget > retarget > retarget,6,1
7251,16715,retarget > ctx_category > retarget,3,1
7252,18538,social > ctx_category > ctx_brand > retarget,4,1
7253,15193,ctx_category > social > cpa > retarget,4,1
7254,27406,social > ctx_brand > retarget,3,1
7255,13850,influencer > social > retarget,3,1
7256,3918,ctx_category > cpa > retarget,3,1
7257,36991,cpa > retarget > retarget,3,1
7258,25945,organic > retarget,2,1
7259,20953,ctx_category > retarget > retarget,3,1
7260,27072,influencer > ctx_category > influencer > ctx_category > retarget,5,1
7261,4637,retarget > ctx_category > retarget,3,1
7262,30660,social > social > retarget,3,1
7263,27519,influencer > ctx_category > retarget > ctx_brand > retarget,5,1
7264,36778,influencer > cpa > retarget > retarget,4,1
7265,19318,influencer > influencer > influencer > retarget,4,1
7266,28680,influencer > retarget > ctx_category > ctx_category > retarget,5,1
7267,24494,ctx_brand > ctx_brand > retarget,3,1
7268,172,influencer > influencer > cpa > ctx_brand > ctx_category,5,1
7269,3818,social > ctx_brand > ctx_category > retarget,4,1
7270,24518,influencer > ctx_category > influencer > retarget,4,1
7271,26904,cpa > retarget > retarget,3,1
7272,33464,ctx_brand > social > ctx_category > retarget,4,1
7273,658,retarget > retarget > retarget,3,1
7274,31360,ctx_category > cpa > retarget,3,1
7275,6030,ctx_brand > cpa > retarget > ctx_brand > retarget,5,1
7276,6048,influencer > cpa > ctx_category,3,1
7277,39384,ctx_brand > ctx_brand > retarget,3,1
7278,32064,influencer,1,1
7279,37835,retarget > ctx_brand > cpa > ctx_category > retarget,5,1
7280,37318,cpa > ctx_brand > ctx_brand > ctx_brand,4,1
7281,25014,influencer > social > ctx_brand > retarget,4,1
7282,37366,social > social > influencer > ctx_category > retarget,5,1
7283,29179,retarget > social,2,1
7284,27782,influencer > ctx_category > social > retarget > ctx_category > retarget,6,1
7285,23026,influencer > influencer > ctx_category > ctx_category > retarget,5,1
7286,32032,influencer > organic > retarget,3,1
7287,35548,influencer > retarget > retarget > ctx_category > cpa > influencer > retarget,7,1
7288,14509,ctx_brand > ctx_category > retarget > retarget,4,1
7289,39280,social > ctx_brand > retarget,3,1
7290,28175,retarget > social,2,1
7291,10608,ctx_category > retarget,2,1
7292,1637,cpa > cpa > ctx_category > retarget,4,1
7293,21659,influencer > retarget > retarget > ctx_category > retarget,5,1
7294,37824,retarget > retarget > influencer > retarget,4,1
7295,32578,influencer > ctx_category > cpa > retarget > retarget,5,1
7296,14579,influencer > ctx_category > retarget,3,1
7297,6032,retarget > ctx_brand > ctx_category > cpa > ctx_category > influencer > retarget,7,1
7298,10440,influencer > influencer > retarget > ctx_category > retarget,5,1
7299,35871,retarget > retarget,2,1
7300,34114,influencer > cpa > retarget,3,1
7301,21328,influencer > ctx_brand > ctx_category > social,4,1
7302,14906,influencer > retarget > retarget,3,1
7303,17742,ctx_brand > ctx_brand > retarget,3,1
7304,3678,retarget > ctx_category > ctx_brand > retarget,4,1
7305,4663,retarget > cpa > retarget,3,1
7306,11054,influencer > ctx_category > retarget,3,1
7307,8764,cpa > ctx_brand > retarget,3,1
7308,32806,influencer > ctx_category > retarget > retarget,4,1
7309,30858,social,1,1
7310,22540,retarget > ctx_brand > retarget,3,1
7311,8156,social > ctx_category > ctx_brand > cpa > retarget,5,1
7312,37124,social > retarget,2,1
7313,27726,ctx_category > ctx_category > ctx_category > retarget,4,1
7314,5643,influencer > retarget > social > retarget,4,1
7315,17089,influencer > retarget,2,1
7316,24161,cpa > ctx_brand > retarget,3,1
7317,16001,ctx_category > retarget,2,1
7318,9074,cpa > cpa > retarget,3,1
7319,34137,cpa > ctx_brand > social > retarget,4,1
7320,37319,ctx_category > influencer > retarget,3,1
7321,19476,cpa > cpa > retarget,3,1
7322,21163,social > ctx_brand > retarget,3,1
7323,1326,ctx_brand > influencer > ctx_brand > retarget,4,1
7324,19719,ctx_brand > ctx_category > ctx_category > ctx_brand > ctx_brand > retarget,6,1
7325,8046,influencer > ctx_category > retarget > cpa > ctx_brand > retarget,6,1
7326,36925,influencer > retarget > retarget > retarget,4,1
7327,7897,retarget > retarget > retarget,3,1
7328,20284,influencer > retarget > cpa > ctx_category > retarget,5,1
7329,7616,organic > retarget,2,1
7330,36210,ctx_brand > social > retarget,3,1
7331,15192,ctx_brand > retarget,2,1
7332,751,cpa > retarget,2,1
7333,28892,ctx_brand > ctx_brand > retarget > social > retarget,5,1
7334,13715,ctx_brand > retarget,2,1
7335,12818,ctx_category > retarget,2,1
7336,30361,ctx_category > retarget,2,1
7337,5190,influencer > cpa > ctx_category > ctx_brand > retarget,5,1
7338,31189,influencer > ctx_brand > retarget,3,1
7339,1577,retarget > retarget > retarget,3,1
7340,18925,ctx_category > ctx_category > retarget > retarget,4,1
7341,18369,influencer > retarget > retarget,3,1
7342,12515,influencer > ctx_brand > ctx_category > retarget > retarget,5,1
7343,13519,influencer > influencer > cpa > ctx_category > ctx_category > retarget,6,1
7344,11883,social > influencer > retarget > retarget > retarget,5,1
7345,25657,social > cpa > retarget > ctx_category > ctx_brand > retarget,6,1
7346,8430,ctx_category > retarget > ctx_brand > retarget,4,1
7347,38813,cpa > retarget > ctx_category > social > retarget,5,1
7348,31876,influencer > social > retarget > cpa > retarget,5,1
7349,992,influencer > retarget > retarget,3,1
7350,29711,influencer > ctx_category > retarget > retarget,4,1
7351,797,ctx_category > influencer > retarget,3,1
7352,31647,ctx_category > ctx_category,2,1
7353,8422,influencer > retarget > ctx_category > ctx_brand,4,1
7354,17817,influencer > social > influencer > cpa > retarget,5,1
7355,6682,cpa,1,1
7356,15926,influencer > ctx_category > influencer > retarget,4,1
7357,28335,retarget > ctx_category > social > retarget,4,1
7358,33664,ctx_brand > influencer > retarget,3,1
7359,31601,retarget > ctx_brand > retarget,3,1
7360,5956,ctx_brand > cpa > retarget,3,1
7361,85,influencer > ctx_category > cpa > ctx_category > retarget,5,1
7362,12613,influencer > social > cpa > retarget > retarget,5,1
7363,4100,cpa > ctx_brand > social,3,1
7364,17544,ctx_category > ctx_category > social > retarget,4,1
7365,10118,influencer > ctx_brand > cpa > retarget,4,1
7366,39153,influencer > retarget > retarget,3,1
7367,12715,retarget > retarget > retarget,3,1
7368,13329,influencer > influencer > ctx_brand > ctx_brand > retarget,5,1
7369,36589,ctx_brand > retarget,2,1
7370,10657,organic > retarget,2,1
7371,8671,cpa > ctx_category > retarget,3,1
7372,36113,influencer > retarget > retarget > social > ctx_brand > retarget,6,1
7373,12100,influencer > ctx_category > retarget > retarget,4,1
7374,15618,influencer > ctx_brand > ctx_category > cpa > retarget > retarget,6,1
7375,4911,retarget > ctx_brand > social > retarget,4,1
7376,2571,ctx_category > ctx_category > ctx_category > retarget,4,1
7377,34739,influencer > ctx_category > ctx_brand > social,4,1
7378,14054,social > retarget > cpa > retarget,4,1
7379,23670,influencer > ctx_category > retarget,3,1
7380,4625,influencer > retarget > social > social > retarget > retarget,6,1
7381,7570,ctx_brand > ctx_brand > influencer > retarget,4,1
7382,1059,influencer > cpa > ctx_category > retarget > ctx_brand > retarget > retarget,7,1
7383,28566,cpa > retarget > cpa > retarget,4,1
7384,29791,influencer > ctx_brand > cpa > ctx_category,4,1
7385,22117,influencer > ctx_brand > ctx_category > retarget,4,1
7386,11063,ctx_brand > social,2,1
7387,13645,retarget > ctx_brand > ctx_brand > retarget,4,1
7388,14688,influencer > influencer > retarget > influencer > influencer > retarget,6,1
7389,17938,ctx_brand > retarget,2,1
7390,21835,ctx_category > retarget > retarget,3,1
7391,38774,ctx_brand > cpa > retarget,3,1
7392,15483,influencer > retarget > retarget > retarget,4,1
7393,34721,organic,1,1
7394,4281,ctx_category > retarget > ctx_brand > retarget,4,1
7395,10396,influencer > retarget > retarget,3,1
7396,8740,cpa > retarget,2,1
7397,31680,ctx_category > retarget > retarget,3,1
7398,3562,ctx_category > retarget > retarget,3,1
7399,31579,retarget > retarget > retarget,3,1
7400,28477,influencer > cpa > retarget,3,1
7401,9358,social > retarget,2,1
7402,38709,retarget > ctx_category > social > retarget > retarget,5,1
7403,23497,retarget > ctx_category > cpa > ctx_category > retarget,5,1
7404,18508,ctx_category > retarget > retarget > ctx_category > retarget,5,1
7405,14792,influencer > ctx_brand > cpa > retarget,4,1
7406,25823,social > social > retarget,3,1
7407,29265,influencer > cpa > ctx_category > social > retarget,5,1
7408,8903,influencer > retarget > ctx_category > cpa > retarget,5,1
7409,26552,influencer > organic > retarget,3,1
7410,468,ctx_brand > cpa > social > social > retarget,5,1
7411,7076,influencer > ctx_brand > ctx_category > ctx_category > retarget,5,1
7412,39909,retarget > retarget,2,1
7413,11676,influencer > social > ctx_category > ctx_category > retarget,5,1
7414,16002,influencer > social > ctx_brand > retarget > retarget,5,1
7415,28234,ctx_category > retarget,2,1
7416,3361,influencer > retarget,2,1
7417,10565,cpa > retarget > retarget,3,1
7418,14379,retarget > retarget > retarget,3,1
7419,35142,ctx_brand > retarget > influencer > ctx_category > retarget,5,1
7420,29003,influencer > ctx_category,2,1
7421,36330,cpa > retarget,2,1
7422,17652,ctx_brand > retarget,2,1
7423,35635,ctx_category > ctx_category > retarget,3,1
7424,14273,influencer > cpa > ctx_brand > cpa > ctx_brand > retarget,6,1
7425,33130,influencer > influencer > retarget,3,1
7426,22612,ctx_category > retarget,2,1
7427,21716,influencer > cpa > social > retarget,4,1
7428,13258,influencer > ctx_brand > ctx_category > cpa > ctx_brand > retarget,6,1
7429,14395,cpa > retarget > retarget,3,1
7430,24872,influencer > organic > retarget,3,1
7431,34447,influencer > retarget,2,1
7432,34303,organic > retarget,2,1
7433,18091,influencer > retarget > ctx_category > retarget > retarget,5,1
7434,7351,ctx_brand > ctx_brand > ctx_brand > retarget,4,1
7435,34780,retarget > ctx_brand,2,1
7436,30025,influencer > social > ctx_category > social > retarget,5,1
7437,20036,influencer > ctx_brand > retarget > cpa > retarget,5,1
7438,13075,influencer > social,2,1
7439,6123,retarget > retarget > ctx_category > influencer > retarget,5,1
7440,27242,retarget > ctx_category > ctx_category,3,1
7441,31179,influencer > ctx_category > ctx_category > retarget,4,1
7442,29694,ctx_brand > ctx_category > retarget,3,1
7443,26837,retarget > ctx_brand > retarget,3,1
7444,17552,retarget > cpa > retarget,3,1
7445,18581,influencer > social > retarget,3,1
7446,29788,retarget > influencer > retarget,3,1
7447,21915,influencer > retarget > ctx_brand > ctx_category > retarget,5,1
7448,34956,ctx_brand > cpa,2,1
7449,17892,ctx_category > retarget > retarget > retarget,4,1
7450,8283,organic > retarget,2,1
7451,3287,influencer > retarget > ctx_brand > retarget,4,1
7452,21391,influencer > cpa > ctx_category > retarget,4,1
7453,19212,ctx_category > influencer > influencer > retarget,4,1
7454,2063,ctx_brand > retarget > ctx_brand > retarget,4,1
7455,32384,retarget,1,1
7456,19308,social > retarget,2,1
7457,4536,organic > retarget,2,1
7458,29567,influencer > retarget > cpa > social > retarget,5,1
7459,30849,influencer > ctx_brand,2,1
7460,5701,influencer > retarget > cpa,3,1
7461,28561,retarget > social > retarget,3,1
7462,14416,ctx_category > ctx_category > influencer > ctx_brand > retarget,5,1
7463,13973,influencer > influencer > retarget,3,1
7464,32210,influencer > ctx_category > ctx_category,3,1
7465,12005,cpa > retarget,2,1
7466,13630,social > ctx_category > retarget,3,1
7467,6487,influencer > retarget,2,1
7468,7005,influencer > ctx_category > cpa > ctx_brand > retarget,5,1
7469,1017,influencer > retarget > retarget,3,1
7470,22316,ctx_category > ctx_brand > retarget,3,1
7471,4291,influencer > ctx_category > retarget > retarget,4,1
7472,11851,retarget > retarget > retarget,3,1
7473,23166,influencer > influencer > ctx_category > influencer > retarget,5,1
7474,7736,ctx_category > retarget,2,1
7475,13971,cpa > retarget,2,1
7476,7232,influencer > retarget > cpa > ctx_brand > retarget,5,1
7477,38026,influencer > cpa > retarget,3,1
7478,9997,ctx_category > influencer > retarget,3,1
7479,2438,ctx_brand > ctx_category,2,1
7480,24914,retarget > influencer > retarget > influencer > social > retarget,6,1
7481,4897,cpa > retarget,2,1
7482,9686,ctx_brand > social > retarget,3,1
7483,3764,cpa > retarget > cpa > retarget,4,1
7484,31117,cpa > retarget,2,1
7485,10639,influencer > retarget > cpa > retarget,4,1
7486,38279,influencer > cpa,2,1
7487,36677,influencer > organic > retarget,3,1
7488,21947,ctx_category > retarget,2,1
7489,4661,influencer > retarget,2,1
7490,8121,social > ctx_brand,2,1
7491,14438,ctx_category > social > retarget,3,1
7492,38766,influencer > ctx_brand > influencer > ctx_brand > retarget,5,1
7493,30330,cpa > retarget,2,1
7494,32790,ctx_brand > cpa > retarget > retarget,4,1
7495,24597,ctx_category > ctx_category > influencer > social > ctx_brand > retarget,6,1
7496,19115,influencer > ctx_category > retarget,3,1
7497,8264,retarget > ctx_brand > ctx_category > retarget,4,1
7498,34393,retarget > ctx_brand > retarget,3,1
7499,4273,ctx_brand > ctx_category > cpa > retarget,4,1
7500,18753,influencer > retarget > retarget > ctx_category > influencer > retarget,6,1
7501,24812,influencer > ctx_category > retarget,3,1
7502,4890,influencer > ctx_category > retarget,3,1
7503,38455,ctx_brand > retarget,2,1
7504,6183,retarget > influencer > retarget,3,1
7505,31976,cpa > cpa > retarget,3,1
7506,5747,retarget > retarget > retarget,3,1
7507,39259,ctx_category > retarget,2,1
7508,1327,cpa > retarget,2,1
7509,580,influencer > cpa > cpa > cpa,4,1
7510,1116,influencer > ctx_brand > ctx_brand,3,1
7511,5885,ctx_category > cpa > ctx_category > retarget,4,1
7512,19160,influencer > ctx_category > retarget,3,1
7513,1452,influencer > retarget > retarget,3,1
7514,33126,influencer > ctx_category,2,1
7515,39703,influencer > retarget > social > ctx_category > retarget,5,1
7516,18258,ctx_category > retarget > retarget,3,1
7517,11898,influencer > cpa > social > retarget > retarget > retarget > retarget,7,1
7518,5407,influencer > organic > retarget,3,1
7519,39359,ctx_brand > ctx_brand,2,1
7520,21287,ctx_category > retarget > retarget,3,1
7521,26388,ctx_brand > ctx_category > cpa > ctx_category > retarget,5,1
7522,3577,influencer > retarget > cpa > ctx_category > retarget,5,1
7523,8931,influencer > influencer > cpa > cpa > retarget,5,1
7524,20600,influencer > ctx_brand > social > retarget > retarget,5,1
7525,29770,influencer > ctx_brand > ctx_category > cpa > ctx_category,5,1
7526,36875,organic,1,1
7527,10229,ctx_brand > ctx_category > retarget > cpa > ctx_brand,5,1
7528,7312,retarget > retarget,2,1
7529,8804,ctx_brand > social > retarget,3,1
7530,12105,ctx_category > cpa > retarget > retarget,4,1
7531,11747,retarget > retarget > ctx_category > retarget,4,1
7532,15656,retarget > social > retarget,3,1
7533,35540,influencer > social > cpa > ctx_brand > retarget,5,1
7534,33006,ctx_category,1,1
7535,14285,cpa > ctx_brand > retarget,3,1
7536,37909,retarget > retarget > cpa > retarget > retarget > retarget,6,1
7537,34717,retarget > retarget,2,1
7538,35600,organic > retarget,2,1
7539,25408,cpa > social > ctx_category > retarget,4,1
7540,29011,influencer > ctx_category > ctx_category,3,1
7541,15621,retarget > retarget > ctx_category > retarget,4,1
7542,15693,influencer > ctx_category > ctx_brand > retarget,4,1
7543,2925,influencer > ctx_category > retarget > retarget,4,1
7544,9051,retarget > retarget,2,1
7545,30200,retarget > retarget,2,1
7546,22876,ctx_brand > ctx_category > retarget > retarget > social > ctx_brand > ctx_category > retarget,8,1
7547,2890,influencer > organic > retarget,3,1
7548,29755,organic > retarget,2,1
7549,25444,ctx_brand > influencer > retarget > retarget,4,1
7550,11816,influencer > retarget,2,1
7551,26991,social > cpa > ctx_brand,3,1
7552,519,influencer > cpa > ctx_category > influencer > ctx_category > influencer > retarget,7,1
7553,39176,ctx_brand > retarget > cpa > retarget,4,1
7554,29193,influencer > retarget > ctx_category > retarget,4,1
7555,8198,ctx_brand > cpa > retarget,3,1
7556,8188,organic > retarget,2,1
7557,28971,influencer > retarget > influencer > retarget,4,1
7558,15060,ctx_brand > retarget,2,1
7559,37156,influencer > retarget,2,1
7560,16307,ctx_category > retarget,2,1
7561,3402,influencer > influencer > ctx_brand > cpa > retarget,5,1
7562,23388,ctx_brand > retarget,2,1
7563,34863,influencer > social > ctx_brand > retarget > retarget,5,1
7564,8665,social > influencer > influencer > retarget,4,1
7565,38632,influencer > social > ctx_category > retarget,4,1
7566,13640,influencer > organic > retarget,3,1
7567,4725,ctx_brand > influencer > retarget > retarget,4,1
7568,24661,influencer > ctx_brand > retarget,3,1
7569,16759,retarget > cpa,2,1
7570,22850,social > retarget,2,1
7571,4427,influencer > influencer,2,1
7572,17445,influencer > influencer > retarget,3,1
7573,23187,ctx_brand > retarget,2,1
7574,13696,influencer > cpa > retarget,3,1
7575,1663,cpa > retarget,2,1
7576,12769,influencer > social > retarget > retarget,4,1
7577,5253,retarget > cpa > retarget,3,1
7578,34848,cpa > cpa > retarget,3,1
7579,34771,ctx_brand > ctx_brand > retarget,3,1
7580,5459,ctx_category > social > retarget,3,1
7581,31313,ctx_category > retarget > ctx_category > retarget,4,1
7582,21528,social > influencer > cpa > retarget > retarget,5,1
7583,39781,influencer > influencer > ctx_brand > social > ctx_category > retarget,6,1
7584,3974,ctx_category > retarget,2,1
7585,28613,influencer > ctx_brand > ctx_brand > retarget,4,1
7586,12247,influencer > cpa > ctx_brand > retarget,4,1
7587,5483,social > retarget,2,1
7588,13840,influencer > ctx_brand > retarget,3,1
7589,14075,ctx_brand > cpa > cpa > ctx_category > retarget,5,1
7590,3490,organic > retarget,2,1
7591,20649,ctx_brand > retarget > ctx_brand > retarget,4,1
7592,24168,retarget > ctx_category > retarget,3,1
7593,33521,influencer > retarget > ctx_category > retarget,4,1
7594,6949,retarget > influencer > ctx_category > retarget,4,1
7595,10971,influencer > cpa > retarget > retarget,4,1
7596,39206,influencer > cpa > ctx_brand,3,1
7597,24440,influencer > cpa > retarget,3,1
7598,15860,cpa,1,1
7599,13290,influencer > ctx_category > retarget,3,1
7600,20980,ctx_brand > retarget > retarget,3,1
7601,35700,ctx_brand > ctx_category > retarget,3,1
7602,30885,organic > retarget,2,1
7603,32496,influencer > retarget > ctx_brand > retarget,4,1
7604,7607,ctx_brand > ctx_category > ctx_category > ctx_category > retarget > retarget,6,1
7605,3423,influencer > retarget > retarget > retarget,4,1
7606,32847,influencer > influencer > ctx_brand > retarget,4,1
7607,30629,social,1,1
7608,12058,retarget > influencer > cpa > social > retarget,5,1
7609,9866,influencer > ctx_brand > ctx_category > ctx_brand > influencer > retarget,6,1
7610,12209,influencer > ctx_category > ctx_category > ctx_category > retarget,5,1
7611,18476,influencer > cpa > social > cpa > ctx_brand > retarget,6,1
7612,34529,influencer > influencer > influencer > social > retarget,5,1
7613,24544,ctx_brand > ctx_brand > retarget > influencer > retarget,5,1
7614,32504,cpa > ctx_category > influencer > ctx_category > retarget,5,1
7615,30,ctx_category > ctx_brand > social,3,1
7616,11177,influencer > influencer > retarget,3,1
7617,24616,organic > retarget,2,1
7618,12604,social > retarget,2,1
7619,17927,influencer > influencer > retarget,3,1
7620,7341,ctx_category > retarget,2,1
7621,31156,influencer > retarget,2,1
7622,20607,ctx_category > ctx_brand > retarget,3,1
7623,6221,influencer > retarget > retarget > ctx_category > retarget,5,1
7624,4295,influencer > ctx_brand > ctx_brand > retarget,4,1
7625,7708,retarget > ctx_brand > retarget,3,1
7626,25521,ctx_category,1,1
7627,25074,ctx_category > ctx_category > cpa > retarget,4,1
7628,27122,social > retarget,2,1
7629,1341,influencer > ctx_brand > cpa > retarget,4,1
7630,7829,organic > retarget,2,1
7631,11728,ctx_category > retarget,2,1
7632,19379,ctx_brand > retarget,2,1
7633,26203,influencer > social > cpa > ctx_category > ctx_category > retarget,6,1
7634,12122,influencer > ctx_brand > ctx_brand > influencer > retarget,5,1
7635,19806,social > ctx_brand > retarget > retarget,4,1
7636,8432,cpa > cpa > retarget,3,1
7637,5554,ctx_brand > influencer > retarget,3,1
7638,34223,retarget > ctx_brand > social > retarget,4,1
7639,7165,cpa,1,1
7640,12872,influencer > ctx_category > ctx_brand > ctx_category > retarget,5,1
7641,12194,influencer > cpa > retarget > cpa > retarget,5,1
7642,19346,influencer > ctx_category > social,3,1
7643,13859,ctx_brand > cpa > influencer > ctx_brand > cpa > retarget,6,1
7644,7636,cpa > retarget > ctx_brand > retarget,4,1
7645,15113,cpa > influencer > ctx_category > retarget,4,1
7646,37871,retarget > ctx_brand > retarget,3,1
7647,33637,influencer > ctx_category > retarget > retarget,4,1
7648,13113,influencer > cpa > influencer > retarget,4,1
7649,9994,ctx_brand > social > retarget,3,1
7650,33682,influencer > retarget,2,1
7651,34082,ctx_brand > ctx_brand > influencer > influencer,4,1
7652,4247,influencer > cpa > ctx_brand > ctx_category > retarget,5,1
7653,20842,influencer > ctx_brand > ctx_category > cpa > ctx_category > retarget,6,1
7654,30974,influencer > ctx_brand > retarget > retarget,4,1
7655,6891,influencer > retarget,2,1
7656,27995,influencer > cpa > ctx_brand > cpa > retarget,5,1
7657,31337,social > cpa > retarget,3,1
7658,31222,organic > retarget,2,1
7659,32596,social,1,1
7660,26496,ctx_brand,1,1
7661,16223,social > cpa > ctx_brand > retarget,4,1
7662,38431,influencer > ctx_brand > retarget,3,1
7663,15587,influencer > organic,2,1
7664,17515,ctx_brand > influencer > ctx_category > ctx_brand > ctx_brand > retarget,6,1
7665,4660,social > influencer > ctx_brand > retarget,4,1
7666,20507,influencer > ctx_category > social > ctx_category > retarget,5,1
7667,26701,social > retarget,2,1
7668,39366,ctx_category > retarget > influencer > retarget > retarget,5,1
7669,28047,influencer > social > cpa > retarget,4,1
7670,7050,influencer > cpa > retarget,3,1
7671,8568,influencer > retarget > ctx_category,3,1
7672,34671,cpa > social > ctx_brand > retarget > ctx_category > retarget,6,1
7673,37283,ctx_category > retarget > retarget,3,1
7674,15380,organic > retarget,2,1
7675,29714,influencer > ctx_category,2,1
7676,19534,influencer > influencer > ctx_brand > retarget,4,1
7677,23915,ctx_category > ctx_category > social > social > ctx_category > retarget,6,1
7678,39713,cpa > retarget,2,1
7679,12782,ctx_brand > retarget,2,1
7680,37041,ctx_brand > cpa > retarget,3,1
7681,1468,ctx_category > influencer > retarget,3,1
7682,34067,ctx_category > ctx_category > retarget,3,1
7683,6186,social > retarget,2,1
7684,13438,ctx_category > cpa > retarget,3,1
7685,17729,retarget > cpa > ctx_category > retarget,4,1
7686,10209,influencer > ctx_category > retarget,3,1
7687,30202,retarget > cpa > retarget > ctx_category > ctx_brand > retarget,6,1
7688,33604,influencer > cpa > influencer > retarget > retarget,5,1
7689,37290,influencer > ctx_brand > ctx_brand > retarget > social,5,1
7690,21233,influencer > ctx_category > ctx_category > retarget > ctx_brand > ctx_category > retarget,7,1
7691,30466,retarget > retarget > retarget,3,1
7692,25706,cpa > retarget,2,1
7693,11928,ctx_brand > influencer > ctx_brand > ctx_brand > influencer > cpa > cpa > retarget,8,1
7694,39879,retarget > retarget > retarget > retarget,4,1
7695,16184,influencer > retarget > retarget,3,1
7696,3400,ctx_brand > retarget,2,1
7697,20190,organic > retarget,2,1
7698,7558,ctx_category > social > ctx_category > retarget,4,1
7699,7080,influencer > ctx_brand > social > retarget,4,1
7700,6999,influencer > retarget > social > retarget,4,1
7701,9385,ctx_brand > ctx_category > retarget,3,1
7702,798,influencer > retarget > retarget,3,1
7703,32099,retarget > social > ctx_category > ctx_brand > retarget,5,1
7704,14556,influencer > social > ctx_category,3,1
7705,18979,organic > retarget,2,1
7706,21988,social > retarget,2,1
7707,15053,ctx_category > ctx_brand > social > retarget,4,1
7708,39609,ctx_brand > influencer > retarget,3,1
7709,10158,ctx_category > influencer > cpa > retarget > social > retarget,6,1
7710,12920,ctx_category > retarget,2,1
7711,1220,social > ctx_category > retarget,3,1
7712,30035,ctx_category > ctx_brand > retarget,3,1
7713,35796,ctx_category,1,1
7714,32916,ctx_category > ctx_category > retarget,3,1
7715,30247,ctx_category > ctx_brand > ctx_brand > ctx_brand > retarget,5,1
7716,9253,organic > retarget,2,1
7717,6705,social > retarget,2,1
7718,24822,retarget > retarget,2,1
7719,31422,social > cpa > ctx_brand > retarget,4,1
7720,32249,influencer > ctx_category > ctx_brand > retarget,4,1
7721,10094,influencer > influencer > ctx_category > retarget > retarget > cpa,6,1
7722,36560,influencer > ctx_brand > retarget,3,1
7723,3726,social > ctx_category > cpa,3,1
7724,29576,cpa > cpa > retarget > influencer > ctx_brand > retarget,6,1
7725,33267,ctx_brand > influencer > retarget > retarget,4,1
7726,32349,influencer > ctx_category > social > retarget,4,1
7727,26208,influencer > social > retarget > ctx_brand > ctx_category > retarget,6,1
7728,34078,influencer > cpa > cpa > retarget > retarget,5,1
7729,21704,organic > retarget,2,1
7730,34826,ctx_category > retarget > retarget,3,1
7731,36366,influencer > social > retarget > retarget > retarget,5,1
7732,24587,ctx_category > influencer > ctx_brand > cpa > retarget,5,1
7733,11427,ctx_category,1,1
7734,34434,retarget > retarget,2,1
7735,20479,influencer > ctx_category > retarget,3,1
7736,706,influencer > influencer > influencer > cpa > retarget > retarget,6,1
7737,18569,influencer > social > retarget,3,1
7738,27441,influencer > ctx_category > ctx_category > retarget,4,1
7739,17312,cpa > ctx_brand > social > retarget,4,1
7740,28650,retarget > retarget,2,1
7741,12452,influencer > influencer > influencer > retarget,4,1
7742,29744,cpa > cpa > retarget,3,1
7743,23282,ctx_category > ctx_brand > ctx_category > social > retarget,5,1
7744,25262,influencer > retarget,2,1
7745,12630,ctx_brand > cpa > retarget > retarget,4,1
7746,22552,retarget > cpa > retarget,3,1
7747,12417,ctx_brand > ctx_category > retarget,3,1
7748,31064,organic > retarget,2,1
7749,34787,cpa > ctx_category > retarget > retarget,4,1
7750,4257,retarget > social > retarget > retarget > retarget > retarget,6,1
7751,37493,organic > retarget,2,1
7752,35151,retarget > influencer > social,3,1
7753,17104,ctx_category > cpa > ctx_category > ctx_brand > retarget,5,1
7754,17560,cpa > ctx_brand > cpa > cpa,4,1
7755,12726,retarget > retarget,2,1
7756,71,cpa > ctx_category > ctx_brand > retarget,4,1
7757,13817,influencer > organic > retarget,3,1
7758,35789,influencer > social > ctx_brand > cpa > retarget,5,1
7759,15400,social > cpa > retarget,3,1
7760,13628,ctx_brand > cpa,2,1
7761,35405,retarget > cpa > retarget,3,1
7762,8204,cpa > cpa > retarget,3,1
7763,5081,influencer > social > ctx_brand > ctx_category > influencer > retarget,6,1
7764,18743,influencer > ctx_category > ctx_brand > cpa > retarget,5,1
7765,31018,retarget > social > cpa > retarget > cpa > retarget > retarget,7,1
7766,25949,retarget > retarget,2,1
7767,21761,cpa > retarget,2,1
7768,38018,social > ctx_category,2,1
7769,21269,organic > retarget,2,1
7770,11648,ctx_category > ctx_category > retarget,3,1
7771,738,retarget > social > ctx_category > ctx_brand > retarget,5,1
7772,13670,influencer > ctx_category > cpa > retarget,4,1
7773,35380,influencer > influencer > ctx_category > ctx_brand > influencer > retarget,6,1
7774,6870,influencer > retarget > retarget,3,1
7775,3135,influencer > retarget > retarget,3,1
7776,28894,influencer > ctx_brand > social > cpa > retarget,5,1
7777,33974,influencer > ctx_brand > social > ctx_brand > retarget,5,1
7778,18423,ctx_brand,1,1
7779,21264,influencer > ctx_brand > retarget,3,1
7780,34048,ctx_brand > retarget,2,1
7781,6815,retarget > ctx_category > retarget,3,1
7782,36976,cpa > ctx_brand > retarget,3,1
7783,9096,social > ctx_category,2,1
7784,20520,ctx_category > cpa > retarget,3,1
7785,25322,influencer > influencer > retarget > retarget,4,1
7786,39374,retarget > retarget,2,1
7787,38116,influencer > ctx_category > retarget > ctx_brand > cpa > ctx_brand > ctx_brand > retarget,8,1
7788,7435,retarget > retarget,2,1
7789,35427,organic > retarget,2,1
7790,32529,influencer > ctx_brand > retarget,3,1
7791,31658,ctx_brand > retarget > cpa > retarget,4,1
7792,17640,cpa > influencer > retarget,3,1
7793,26268,influencer > ctx_brand > cpa > social > retarget,5,1
7794,18691,retarget > cpa > retarget,3,1
7795,38997,retarget > retarget,2,1
7796,17433,cpa > social > retarget,3,1
7797,4358,influencer > retarget > social > retarget,4,1
7798,4564,influencer > retarget,2,1
7799,38801,social > retarget > cpa > influencer > retarget,5,1
7800,4986,influencer > social > ctx_brand > ctx_category > retarget,5,1
7801,31286,influencer > ctx_brand > cpa > retarget,4,1
7802,31397,ctx_brand > retarget,2,1
7803,17990,social > retarget,2,1
7804,25466,social > cpa > retarget,3,1
7805,21708,social > ctx_category,2,1
7806,22147,ctx_category > influencer > retarget,3,1
7807,37106,influencer > ctx_brand > influencer > retarget,4,1
7808,39490,ctx_category > influencer > retarget,3,1
7809,5453,ctx_category > retarget > influencer > retarget > retarget,5,1
7810,20285,ctx_category > cpa > ctx_category > retarget,4,1
7811,29998,cpa > ctx_category > retarget,3,1
7812,33580,retarget > retarget > ctx_category > retarget,4,1
7813,18585,cpa > ctx_brand > social > retarget,4,1
7814,10515,influencer > ctx_brand,2,1
7815,6259,social > retarget,2,1
7816,8079,ctx_category > ctx_category > cpa > social > ctx_brand > retarget,6,1
7817,17055,organic > retarget,2,1
7818,28638,social > retarget,2,1
7819,16748,ctx_brand > cpa > retarget > retarget > cpa,5,1
7820,35761,influencer > cpa > ctx_category > influencer > ctx_category > retarget,6,1
7821,20936,influencer > ctx_brand > ctx_brand > retarget > retarget > retarget,6,1
7822,29333,ctx_category > retarget,2,1
7823,16437,retarget > social > ctx_category > ctx_category > retarget,5,1
7824,2680,social > influencer > ctx_category > ctx_brand > retarget,5,1
7825,16364,retarget > retarget > retarget,3,1
7826,31762,ctx_category > retarget > retarget > cpa,4,1
7827,25137,retarget > retarget,2,1
7828,7319,cpa > ctx_brand,2,1
7829,14208,cpa > social > retarget > retarget,4,1
7830,13989,ctx_brand,1,1
7831,8519,influencer > influencer > ctx_brand > retarget,4,1
7832,27863,retarget > retarget > retarget,3,1
7833,15047,influencer > influencer > ctx_brand > retarget,4,1
7834,4179,influencer > cpa > social > retarget,4,1
7835,29099,social > retarget > retarget,3,1
7836,36086,retarget > ctx_brand > ctx_brand > ctx_brand > influencer > retarget,6,1
7837,20516,influencer > social > social > social > ctx_category > cpa,6,1
7838,11261,influencer > retarget,2,1
7839,8951,retarget > retarget,2,1
7840,4460,ctx_category > retarget,2,1
7841,7597,influencer > retarget,2,1
7842,778,organic > retarget,2,1
7843,21013,influencer > ctx_category > retarget,3,1
7844,10866,social > influencer > influencer,3,1
7845,2129,retarget > ctx_category > retarget,3,1
7846,23192,influencer > social > ctx_category > retarget,4,1
7847,20717,retarget > cpa > retarget > cpa > social,5,1
7848,2828,ctx_brand > social > social > cpa > cpa > ctx_category > retarget,7,1
7849,24999,organic > retarget,2,1
7850,8955,ctx_brand > social > retarget > retarget,4,1
7851,5571,ctx_brand > ctx_brand > ctx_category > retarget,4,1
7852,7006,influencer > ctx_category > retarget > retarget,4,1
7853,36408,influencer > ctx_category > ctx_brand > retarget,4,1
7854,16052,influencer > retarget > retarget,3,1
7855,13993,organic > retarget,2,1
7856,17273,retarget > cpa > retarget > retarget,4,1
7857,35047,influencer > retarget > cpa > retarget,4,1
7858,5957,ctx_category > retarget > cpa > retarget,4,1
7859,24973,influencer > retarget > ctx_brand > retarget > cpa > social > retarget,7,1
7860,23803,influencer > influencer > ctx_category > ctx_brand > cpa > retarget,6,1
7861,1553,influencer > ctx_category > ctx_category > retarget,4,1
7862,38135,influencer > ctx_category > ctx_brand > retarget,4,1
7863,18441,retarget > influencer > ctx_brand > ctx_category > retarget > retarget,6,1
7864,7833,ctx_brand > cpa > influencer > retarget,4,1
7865,17870,influencer > influencer > retarget,3,1
7866,7193,influencer > retarget > retarget > ctx_category > retarget,5,1
7867,34080,ctx_brand > cpa > cpa > retarget,4,1
7868,25063,ctx_brand > retarget > retarget,3,1
7869,23605,ctx_category > retarget,2,1
7870,13722,ctx_brand > retarget > retarget,3,1
7871,24604,ctx_brand > ctx_brand > retarget,3,1
7872,8880,influencer > cpa > social > retarget,4,1
7873,5423,ctx_category > ctx_brand > retarget,3,1
7874,28567,influencer > social > retarget > retarget > ctx_brand > retarget,6,1
7875,1273,retarget > ctx_category > retarget,3,1
7876,28010,ctx_brand > ctx_category > retarget,3,1
7877,19271,influencer > retarget > retarget > ctx_category > retarget,5,1
7878,11734,influencer > organic > retarget,3,1
7879,9496,ctx_category > retarget,2,1
7880,2676,ctx_category > ctx_category > influencer > retarget,4,1
7881,17189,influencer > ctx_category > ctx_brand > retarget > retarget,5,1
7882,3688,ctx_category > retarget,2,1
7883,33452,retarget > retarget > retarget > retarget,4,1
7884,20423,ctx_category,1,1
7885,36112,retarget > retarget,2,1
7886,13180,social > ctx_brand > retarget,3,1
7887,35546,influencer > social > ctx_category > ctx_category > influencer > retarget,6,1
7888,32232,influencer > ctx_brand > cpa > retarget,4,1
7889,26798,organic > retarget,2,1
7890,29476,influencer > organic > retarget,3,1
7891,39154,organic > retarget,2,1
7892,14813,retarget > retarget,2,1
7893,4881,influencer > influencer > ctx_brand > retarget,4,1
7894,39031,ctx_category > influencer > ctx_category > ctx_brand > retarget,5,1
7895,5064,ctx_category > ctx_brand > retarget > retarget > retarget,5,1
7896,2446,ctx_brand > retarget,2,1
7897,21970,organic > retarget,2,1
7898,5616,retarget > ctx_brand > retarget,3,1
7899,39790,ctx_brand > retarget,2,1
7900,17247,influencer > retarget > ctx_category,3,1
7901,29068,ctx_brand > ctx_category > ctx_category > cpa > retarget,5,1
7902,33995,organic > retarget,2,1
7903,19354,ctx_brand > social > retarget,3,1
7904,8676,retarget > ctx_brand > ctx_category > influencer > retarget,5,1
7905,38471,ctx_category > ctx_category > influencer > retarget > retarget,5,1
7906,38323,influencer > retarget,2,1
7907,26325,ctx_category > retarget,2,1
7908,4091,social > cpa > retarget,3,1
7909,9488,social > cpa > retarget,3,1
7910,30596,ctx_brand > retarget,2,1
7911,37531,ctx_category > cpa > retarget,3,1
7912,20151,cpa > retarget > retarget,3,1
7913,11968,ctx_brand > ctx_brand > influencer > retarget,4,1
7914,21550,ctx_brand > social > retarget,3,1
7915,15057,influencer > social > cpa > social > retarget,5,1
7916,21429,cpa > ctx_category > ctx_brand > ctx_brand > retarget > cpa > retarget,7,1
7917,29907,influencer > ctx_brand > retarget,3,1
7918,36387,social > retarget,2,1
7919,24903,organic > retarget,2,1
7920,33541,ctx_brand > influencer > retarget,3,1
7921,32817,ctx_brand > retarget > retarget,3,1
7922,265,influencer > ctx_brand > ctx_brand > influencer > retarget,5,1
7923,32126,ctx_brand > social > cpa > retarget > social > retarget,6,1
7924,130,ctx_brand > ctx_brand > retarget,3,1
7925,8532,organic > retarget,2,1
7926,8893,organic > retarget,2,1
7927,11420,retarget > influencer > retarget,3,1
7928,35265,influencer > cpa > retarget,3,1
7929,18442,influencer > retarget > retarget,3,1
7930,19986,organic > retarget,2,1
7931,21608,ctx_brand > ctx_category > retarget,3,1
7932,23230,influencer > ctx_category > ctx_category > ctx_brand > social > retarget,6,1
7933,26095,retarget > retarget,2,1
7934,12911,social > ctx_brand > retarget,3,1
7935,25523,retarget > influencer > ctx_category,3,1
7936,8841,social > ctx_category > retarget,3,1
7937,30488,retarget > retarget,2,1
7938,32935,organic > retarget,2,1
7939,9434,influencer > retarget > retarget > retarget,4,1
7940,38487,ctx_category > ctx_category > retarget > ctx_brand > ctx_category > retarget,6,1
7941,10232,influencer > social > ctx_category > retarget > retarget,5,1
7942,22166,influencer > cpa > cpa > retarget,4,1
7943,36724,ctx_brand > retarget > ctx_category > influencer > retarget,5,1
7944,34181,retarget > retarget,2,1
7945,4309,influencer > cpa > ctx_category > retarget,4,1
7946,38908,organic > retarget,2,1
7947,26797,influencer > ctx_category > retarget > ctx_category > ctx_category > cpa > retarget,7,1
7948,30449,ctx_brand > influencer > retarget,3,1
7949,38849,influencer > cpa > ctx_category > cpa > retarget,5,1
7950,36852,retarget > retarget,2,1
7951,17746,retarget > ctx_brand > retarget,3,1
7952,20584,cpa > social,2,1
7953,21569,retarget > retarget,2,1
7954,31370,ctx_brand > ctx_brand > cpa > retarget,4,1
7955,36963,influencer > social > influencer > retarget > retarget,5,1
7956,27089,influencer > social > retarget,3,1
7957,14194,retarget > cpa > ctx_brand > ctx_brand > ctx_brand > retarget,6,1
7958,37781,influencer > cpa > retarget > retarget,4,1
7959,8367,ctx_brand > cpa > retarget > retarget > retarget,5,1
7960,19066,cpa > retarget > retarget,3,1
7961,8731,influencer > ctx_brand > retarget,3,1
7962,29566,ctx_category,1,1
7963,20229,ctx_category > influencer > cpa > retarget,4,1
7964,31130,influencer > influencer > retarget,3,1
7965,34090,influencer > ctx_category > cpa > ctx_category > retarget,5,1
7966,26581,social > retarget,2,1
7967,29226,retarget > ctx_category > ctx_category > retarget,4,1
7968,37358,influencer > cpa > retarget > retarget,4,1
7969,15352,social > social > cpa > ctx_category > ctx_brand > retarget,6,1
7970,7429,influencer > ctx_brand > retarget,3,1
7971,35904,influencer > ctx_category > ctx_brand > ctx_category > retarget,5,1
7972,35114,ctx_category > social > ctx_brand,3,1
7973,25313,ctx_category > retarget,2,1
7974,38347,influencer > retarget > ctx_category > retarget > influencer,5,1
7975,16391,retarget > social > retarget,3,1
7976,26228,ctx_brand > cpa > cpa > retarget > retarget,5,1
7977,1602,retarget > social > retarget,3,1
7978,1068,retarget > social > retarget,3,1
7979,7216,organic > retarget,2,1
7980,2198,retarget > retarget > retarget,3,1
7981,34183,ctx_brand > ctx_brand > retarget,3,1
7982,14734,ctx_brand > ctx_brand > influencer > ctx_brand,4,1
7983,22902,influencer > ctx_brand > retarget > ctx_brand > retarget,5,1
7984,21245,ctx_category > retarget,2,1
7985,21629,influencer > social > ctx_brand > ctx_category > retarget,5,1
7986,13597,ctx_category > ctx_category > retarget > cpa > retarget,5,1
7987,25655,ctx_category > retarget,2,1
7988,3091,influencer > organic > retarget,3,1
7989,17265,ctx_category > ctx_category > retarget,3,1
7990,9995,influencer > retarget,2,1
7991,589,influencer > ctx_brand > retarget,3,1
7992,9826,cpa > retarget,2,1
7993,25062,ctx_category > retarget > retarget > retarget,4,1
7994,32388,social > social > cpa > retarget,4,1
7995,5179,influencer > ctx_category > retarget > ctx_category > retarget,5,1
7996,13777,ctx_category > retarget > social > retarget,4,1
7997,34979,influencer > social > retarget,3,1
7998,39591,organic > retarget,2,1
7999,23762,influencer > retarget > ctx_category > social > ctx_category > retarget > retarget,7,1
8000,37437,influencer > ctx_category > social > retarget,4,1
