user_id,channel,group,n_orders_before,days_since_last_order,promo_hunter,second_order_30d
34797,ctx_brand,control,7,3.6,1,0
14596,cpa,treatment,5,17.5,0,0
24682,organic,control,5,6.7,0,1
5392,ctx_category,control,3,18.8,1,0
23950,organic,control,6,8.1,0,1
30065,ctx_category,control,1,16.3,0,0
17102,ctx_category,control,7,6.7,0,1
9508,ctx_brand,control,5,8.4,0,1
27589,organic,control,6,7.8,0,1
32506,organic,control,4,12.1,1,0
13580,organic,control,6,4.4,1,0
35263,ctx_category,treatment,7,2.8,0,1
27070,ctx_brand,control,5,1.0,0,1
13874,tv,control,8,8.6,0,0
39501,ctx_brand,control,2,20.8,0,0
10201,ctx_category,control,4,16.7,0,0
29863,social,control,5,15.8,0,0
27939,influencer,control,6,3.8,1,0
31362,social,control,8,8.4,0,0
15435,organic,control,6,6.4,0,0
24965,influencer,control,8,6.8,1,0
37053,ctx_category,treatment,2,17.6,1,0
4432,influencer,control,1,22.1,0,0
27911,organic,control,5,4.3,0,0
675,organic,treatment,2,17.9,0,1
34618,organic,control,2,23.3,1,0
9240,organic,control,1,22.3,0,0
31357,ctx_brand,control,3,23.5,0,0
24807,ctx_category,treatment,6,4.8,0,0
7213,ctx_brand,treatment,3,12.5,0,0
15345,cpa,treatment,3,14.7,0,1
1918,ctx_category,control,8,6.5,0,1
19476,organic,control,5,4.8,0,0
30472,organic,control,6,8.2,0,1
14998,social,treatment,8,8.3,1,1
39451,organic,control,4,9.9,0,0
33289,ctx_brand,treatment,1,17.9,0,0
19708,ctx_brand,control,7,3.4,0,0
19947,ctx_category,control,7,6.4,0,0
32190,ctx_brand,treatment,7,7.0,0,1
8565,ctx_category,control,2,21.5,1,0
30581,organic,control,6,7.6,0,1
31246,ctx_category,treatment,1,17.3,0,0
38713,ctx_category,control,6,9.2,0,0
19796,ctx_brand,treatment,5,1.9,0,1
3576,organic,treatment,2,20.4,0,0
39886,ctx_category,treatment,8,7.0,0,1
29433,ctx_brand,treatment,2,23.9,0,0
8794,tv,treatment,6,3.1,0,0
28548,social,control,2,26.0,1,0
11336,ctx_brand,control,3,19.3,0,0
19240,ctx_brand,control,3,23.9,0,0
767,social,control,6,6.3,0,1
8453,cpa,treatment,5,5.2,0,1
10617,organic,control,6,3.9,0,0
8841,ctx_category,treatment,5,12.0,0,1
5309,organic,treatment,5,5.7,0,1
30067,ctx_brand,treatment,3,17.3,0,0
9663,ctx_brand,control,6,11.7,0,0
33157,ctx_brand,treatment,9,5.5,0,1
35793,organic,treatment,3,12.2,0,1
39604,organic,treatment,7,9.3,0,1
35129,organic,treatment,6,3.2,0,0
6552,organic,control,5,1.8,1,1
34158,ctx_brand,treatment,1,26.1,0,0
18302,cpa,control,3,20.8,1,0
36973,ctx_category,treatment,2,19.7,0,0
15400,ctx_category,control,7,9.5,0,1
27847,ctx_category,treatment,5,3.4,1,0
27040,organic,control,7,3.1,0,1
37093,organic,treatment,4,20.6,0,0
16630,organic,control,5,7.3,0,0
7767,organic,treatment,8,6.4,0,0
11688,influencer,treatment,3,14.6,1,0
9723,ctx_category,control,2,21.6,0,0
10892,organic,control,6,7.1,0,1
27637,cpa,treatment,7,4.9,0,0
32948,organic,treatment,5,2.4,0,1
36450,cpa,treatment,6,5.7,0,0
32606,organic,treatment,10,4.2,0,1
3104,organic,control,4,20.3,1,0
7986,organic,control,2,24.8,0,0
27886,social,control,5,5.0,0,1
32217,ctx_category,treatment,6,1.7,0,0
23516,organic,treatment,9,5.7,0,1
30502,organic,treatment,3,21.7,0,0
25787,ctx_brand,control,1,22.2,0,0
28257,organic,control,6,6.4,1,0
20161,tv,treatment,13,1.0,0,1
23383,organic,treatment,2,20.8,1,0
29164,ctx_category,control,6,4.5,0,1
2549,ctx_category,control,9,2.1,0,0
22367,ctx_category,treatment,2,15.3,0,0
636,ctx_category,control,6,6.0,0,1
25447,organic,treatment,4,19.7,0,1
5437,ctx_category,control,6,1.0,0,0
21263,ctx_category,treatment,7,7.5,0,1
10917,organic,control,10,6.5,0,1
27689,organic,control,5,10.4,0,0
26461,organic,treatment,7,3.7,0,1
25914,ctx_brand,control,6,6.4,0,1
33278,cpa,control,5,9.2,1,0
29209,ctx_brand,control,1,25.4,0,0
28863,organic,treatment,8,3.7,0,1
2570,ctx_brand,control,6,3.7,0,0
29825,ctx_category,control,5,14.3,0,0
37590,organic,treatment,2,24.7,0,0
20992,organic,treatment,3,24.1,0,0
15467,tv,treatment,2,19.0,0,0
22064,organic,control,6,9.0,0,1
11347,cpa,control,5,3.6,0,1
6595,cpa,control,5,8.7,1,1
17470,cpa,treatment,6,4.7,0,1
13686,ctx_category,control,8,1.0,0,1
38146,organic,control,3,16.3,0,0
15072,ctx_brand,control,2,26.1,0,0
33215,ctx_category,treatment,9,6.4,0,1
37314,social,treatment,6,1.0,1,0
29566,organic,control,8,6.1,0,0
14035,social,treatment,6,1.5,0,1
32563,organic,treatment,5,12.6,1,0
33810,organic,treatment,2,12.7,0,1
26695,influencer,control,7,6.9,0,1
24434,ctx_category,treatment,7,10.4,0,0
12451,social,treatment,1,21.4,0,0
15895,organic,control,6,23.4,0,0
9298,ctx_brand,control,6,5.1,0,0
18202,ctx_category,treatment,7,3.9,0,1
18887,ctx_category,treatment,9,9.2,0,1
35622,ctx_category,control,5,8.6,1,1
19851,ctx_category,treatment,7,7.9,0,0
21049,ctx_brand,treatment,8,8.1,0,1
27869,influencer,treatment,5,3.4,0,1
8606,organic,control,5,11.4,0,1
30622,organic,treatment,5,3.0,0,0
19782,cpa,control,5,14.7,1,0
24709,ctx_category,control,2,11.0,0,0
3531,ctx_category,treatment,6,5.5,0,0
11172,ctx_category,treatment,6,5.3,0,0
31478,organic,control,7,4.3,0,0
37784,ctx_brand,treatment,6,1.0,0,1
8638,ctx_category,control,6,8.1,0,1
24493,organic,control,6,7.5,0,1
3563,ctx_category,treatment,3,21.6,0,0
2077,organic,treatment,7,4.4,0,0
6671,ctx_category,control,8,7.7,0,1
21304,ctx_brand,control,6,5.0,0,1
14073,organic,control,6,5.3,0,0
2049,ctx_brand,control,5,15.6,0,0
29916,organic,treatment,6,9.0,0,0
13430,social,control,6,3.3,0,0
29908,ctx_category,treatment,1,17.8,0,0
961,organic,treatment,8,4.8,0,1
32472,social,control,8,5.3,0,0
10424,organic,control,11,7.9,0,0
33334,ctx_category,control,3,23.7,1,0
16321,organic,treatment,5,12.3,0,1
22426,ctx_brand,control,3,17.7,0,1
1039,organic,control,5,13.9,1,0
24657,organic,control,1,22.3,0,0
37510,ctx_brand,control,3,15.0,1,0
37060,organic,treatment,6,20.6,0,0
9009,cpa,control,5,8.7,1,1
18278,social,treatment,3,20.5,0,0
21616,ctx_brand,treatment,3,15.1,0,0
25495,ctx_category,control,9,7.6,0,1
2313,ctx_category,treatment,7,9.5,1,0
13716,organic,treatment,3,16.4,0,1
39599,cpa,control,6,1.0,0,1
8485,tv,treatment,6,7.0,0,0
34194,ctx_brand,control,2,15.8,0,0
13050,organic,control,6,6.9,0,1
5743,organic,treatment,5,4.7,0,0
15173,ctx_brand,control,7,3.5,0,0
10374,cpa,control,1,19.1,1,0
23633,organic,treatment,3,25.2,0,0
32667,social,treatment,7,5.2,0,1
28685,organic,control,4,22.3,0,0
30580,organic,control,2,20.4,1,0
20973,influencer,control,4,7.1,0,0
23805,ctx_category,control,6,4.9,0,1
36739,social,control,7,7.3,1,1
6226,ctx_brand,control,2,19.2,0,0
19844,ctx_brand,control,5,18.0,0,1
23252,ctx_category,control,7,3.9,0,1
3337,organic,control,2,13.9,0,0
31737,organic,control,4,13.6,0,0
37137,organic,treatment,8,5.9,0,1
8519,ctx_category,treatment,8,1.1,1,0
3433,organic,control,9,1.8,1,1
36523,ctx_brand,control,3,9.4,0,0
26271,organic,control,7,5.5,1,1
35488,ctx_category,control,7,3.0,0,0
6150,cpa,treatment,3,8.9,1,0
34303,organic,treatment,6,11.3,0,1
35970,ctx_category,control,3,14.0,0,0
17319,tv,treatment,5,9.4,0,1
2412,social,control,1,25.4,0,0
9519,ctx_brand,treatment,5,2.4,0,0
26435,organic,treatment,7,6.8,0,0
37367,organic,treatment,1,22.9,0,0
26645,ctx_brand,control,8,6.0,0,0
7067,organic,treatment,4,17.8,0,0
25377,ctx_category,control,9,2.8,0,1
35763,organic,control,6,5.9,0,0
10719,organic,treatment,6,6.6,0,1
22498,ctx_brand,treatment,5,3.8,0,1
32162,ctx_brand,treatment,6,4.8,0,0
12885,organic,control,1,19.3,0,0
39715,organic,treatment,6,7.7,0,0
20514,ctx_category,treatment,7,3.0,0,0
585,organic,treatment,8,4.8,0,0
12461,organic,control,6,4.6,0,0
36072,cpa,treatment,7,3.1,0,0
36980,ctx_brand,treatment,4,14.6,0,0
10927,organic,treatment,5,3.8,1,0
35540,organic,control,8,6.3,0,0
34080,ctx_category,control,8,7.2,0,1
11261,ctx_category,control,2,16.2,0,1
6712,ctx_brand,control,6,6.9,0,0
212,social,treatment,7,5.5,0,0
18479,cpa,treatment,4,22.4,0,0
28520,ctx_category,control,5,7.4,0,1
30554,organic,control,4,13.4,0,0
30019,organic,control,7,5.5,1,1
2731,cpa,treatment,7,11.2,0,1
13440,organic,treatment,2,21.4,0,0
24784,organic,treatment,5,9.2,0,1
16025,ctx_brand,control,6,3.7,0,1
31384,organic,control,2,23.9,0,0
12653,influencer,treatment,7,2.2,0,0
21419,cpa,treatment,7,4.0,1,1
23976,organic,treatment,6,8.4,0,0
25563,organic,control,8,1.0,0,0
25503,influencer,control,2,12.0,0,1
29667,organic,treatment,7,5.0,0,1
11908,ctx_brand,control,8,4.0,0,0
24749,social,control,5,5.2,0,1
8454,ctx_brand,treatment,6,8.1,0,1
9008,ctx_category,treatment,2,23.4,1,0
17506,ctx_category,treatment,7,4.4,0,0
11862,influencer,treatment,5,9.4,1,0
27549,social,control,6,5.8,0,0
6523,ctx_brand,control,5,2.4,0,1
20065,ctx_category,treatment,5,1.0,0,1
11911,influencer,treatment,1,20.5,0,0
34935,organic,control,7,2.0,0,1
24923,influencer,control,7,5.6,1,1
20786,organic,treatment,6,1.0,0,1
38274,organic,control,2,21.5,0,0
35538,ctx_category,control,3,14.7,0,0
18214,ctx_category,treatment,7,7.1,0,1
9994,ctx_brand,treatment,6,1.7,0,1
29947,organic,control,6,10.5,0,0
5205,ctx_category,treatment,6,4.9,1,0
17990,influencer,treatment,8,6.2,0,1
21454,organic,treatment,8,5.3,0,1
19792,organic,treatment,6,5.4,0,1
24741,organic,control,7,1.6,0,0
37614,ctx_category,control,2,14.2,0,0
2163,organic,control,8,1.8,0,1
35420,organic,control,8,3.7,0,0
37835,social,control,6,6.4,1,1
1280,organic,treatment,6,4.0,1,1
20009,ctx_category,control,5,4.0,0,1
33030,organic,treatment,7,8.2,0,0
25180,organic,treatment,6,7.0,0,1
33719,organic,treatment,2,19.4,0,0
14207,organic,control,5,4.0,0,1
29271,ctx_brand,treatment,6,15.8,0,1
20042,ctx_brand,control,5,8.3,0,1
28679,cpa,treatment,2,12.9,1,0
23235,organic,control,3,13.2,0,0
27952,ctx_brand,control,1,23.1,0,0
6890,ctx_category,control,7,7.0,0,1
34982,organic,control,3,23.4,0,0
19031,tv,control,2,18.7,0,0
3513,organic,treatment,4,8.0,0,1
8187,organic,treatment,8,6.0,0,1
37496,ctx_brand,treatment,3,25.2,0,0
2640,influencer,treatment,5,10.6,0,1
1642,organic,treatment,6,3.9,0,0
19967,social,treatment,6,3.6,1,1
19434,cpa,control,8,4.3,1,0
6321,ctx_brand,control,5,12.8,0,1
23249,cpa,treatment,5,5.6,0,1
31141,organic,control,7,2.1,0,0
3164,ctx_brand,control,8,7.7,0,1
10522,organic,treatment,5,7.4,0,1
13020,cpa,treatment,2,18.6,0,0
33994,cpa,treatment,3,11.1,0,1
3135,ctx_category,control,8,7.4,0,0
1533,organic,control,6,5.8,0,1
2238,cpa,control,7,7.9,1,1
12131,cpa,control,6,6.3,0,1
14710,organic,control,2,10.3,0,0
34330,ctx_category,control,7,10.2,0,0
18819,social,treatment,7,2.2,1,1
14195,organic,control,5,8.0,0,0
21554,organic,control,2,16.9,1,1
23494,ctx_brand,control,5,5.6,0,1
10151,organic,control,4,13.7,0,0
6055,organic,control,7,3.0,0,1
33433,ctx_brand,treatment,6,23.9,0,1
18357,organic,treatment,9,10.1,1,0
10072,ctx_category,treatment,6,12.9,0,0
22224,cpa,treatment,4,21.1,0,0
22039,ctx_brand,treatment,6,6.8,0,1
17509,organic,treatment,3,19.7,0,0
13869,ctx_category,control,4,24.9,1,0
20811,organic,control,7,1.0,0,0
6413,cpa,treatment,3,28.5,0,0
6030,ctx_brand,control,6,6.6,0,0
5292,ctx_brand,treatment,4,17.8,1,0
27021,cpa,treatment,7,3.2,0,0
28884,organic,treatment,3,21.9,0,1
25295,organic,control,6,9.4,0,1
16205,ctx_category,treatment,2,8.8,0,0
34024,ctx_category,control,9,5.3,0,0
13723,organic,control,4,19.9,0,0
24432,ctx_brand,control,8,8.2,0,1
8750,ctx_brand,treatment,2,14.8,1,0
32988,organic,control,7,7.4,0,1
3356,organic,control,8,6.8,0,1
464,ctx_category,control,2,17.2,1,0
8088,social,treatment,3,12.3,0,1
35471,influencer,treatment,6,5.3,0,1
22015,ctx_brand,control,7,1.0,0,1
30815,organic,control,3,19.3,0,0
14912,ctx_category,control,7,4.6,0,0
31309,organic,control,2,12.2,0,0
6596,organic,control,5,7.3,0,1
29882,organic,control,7,12.2,0,1
16449,organic,control,3,16.8,0,0
9088,ctx_brand,control,1,21.4,0,0
21825,organic,control,6,9.8,0,1
16464,organic,control,9,6.1,0,1
23855,ctx_brand,treatment,2,18.4,0,0
31455,tv,treatment,2,15.5,0,0
18685,ctx_category,control,5,3.8,0,0
19004,organic,control,5,12.4,0,1
22362,organic,treatment,5,10.3,0,1
28983,tv,control,3,13.3,0,1
39647,organic,treatment,5,11.4,0,0
7260,ctx_brand,control,7,7.6,0,0
21114,ctx_category,treatment,5,8.4,0,0
29487,ctx_brand,control,1,20.4,1,0
26930,cpa,treatment,5,5.4,1,0
31139,ctx_category,control,7,6.0,1,0
36060,organic,control,3,18.6,0,0
12920,organic,treatment,2,24.4,0,1
3460,organic,treatment,6,6.7,0,1
13228,organic,treatment,2,23.8,1,0
4741,influencer,control,3,18.5,0,0
39155,ctx_category,control,8,2.3,0,0
34671,organic,treatment,6,3.9,0,1
38289,organic,control,6,5.2,0,0
15284,organic,control,6,15.3,0,0
2644,organic,control,4,25.9,0,0
8079,social,treatment,5,9.2,1,1
24867,organic,control,8,3.6,0,1
23142,organic,control,3,21.2,0,0
27661,ctx_brand,control,3,17.4,0,0
39611,organic,treatment,7,7.0,0,0
31017,organic,treatment,3,14.8,0,0
28056,organic,control,3,15.6,0,0
2774,influencer,treatment,8,9.1,0,0
4867,ctx_category,treatment,2,17.4,0,0
7281,ctx_category,treatment,5,9.7,0,0
33671,organic,control,6,8.3,0,1
11804,ctx_category,treatment,7,1.0,0,0
22760,social,control,3,14.4,0,1
36354,organic,treatment,6,8.4,1,0
13552,organic,control,2,23.8,0,0
26899,influencer,control,3,22.1,0,0
10612,organic,treatment,5,11.3,0,1
14343,organic,treatment,2,14.5,0,0
33805,organic,treatment,6,3.2,0,0
21159,organic,treatment,2,18.1,0,0
4640,ctx_brand,control,4,17.1,0,0
18355,ctx_category,treatment,2,16.9,0,0
26000,ctx_brand,control,8,7.4,1,0
27718,organic,treatment,6,4.4,0,1
36744,organic,control,6,3.9,0,1
11210,ctx_brand,treatment,3,11.6,1,1
26818,ctx_category,control,5,7.4,1,1
5903,organic,treatment,6,2.5,0,1
11270,ctx_brand,treatment,7,3.5,0,0
12716,organic,treatment,2,11.3,0,0
3290,organic,treatment,1,21.8,0,0
9267,organic,treatment,8,15.0,0,0
34198,organic,control,6,1.0,0,1
235,social,control,5,7.6,0,0
7695,cpa,control,2,18.0,0,0
15907,ctx_category,control,2,16.1,0,0
26328,organic,control,7,4.7,0,0
21146,cpa,control,5,17.5,0,0
16080,ctx_brand,treatment,7,1.0,1,0
37993,ctx_category,control,2,13.6,0,0
37505,ctx_category,control,6,3.8,0,1
5582,ctx_brand,treatment,9,1.0,0,0
14568,organic,treatment,1,21.6,0,0
32481,ctx_category,treatment,7,10.1,0,1
27762,influencer,control,7,1.0,0,1
24696,tv,control,7,3.4,1,1
19763,organic,treatment,8,5.4,0,0
30539,ctx_category,treatment,3,12.7,0,1
21227,organic,treatment,7,4.7,0,1
24558,organic,control,1,23.3,0,0
12092,ctx_brand,control,6,12.0,0,0
11668,organic,control,3,22.3,0,0
27093,influencer,treatment,5,9.8,0,1
38997,organic,control,1,16.1,0,0
7197,organic,control,3,13.5,0,0
10355,tv,control,5,16.7,0,1
39747,organic,control,5,5.0,0,1
35423,ctx_category,control,3,11.7,0,0
20789,organic,treatment,5,1.5,0,1
11400,organic,treatment,3,17.1,0,0
4503,social,treatment,2,20.7,0,0
29681,organic,treatment,1,20.3,0,0
265,cpa,control,1,20.2,0,0
33718,ctx_category,control,8,6.4,0,0
14813,organic,treatment,6,7.9,0,0
7042,ctx_brand,treatment,5,8.9,0,0
29506,ctx_category,control,7,7.1,0,1
118,ctx_category,control,8,9.9,0,0
33189,ctx_category,control,8,10.2,0,0
27096,organic,control,7,5.8,0,1
15962,organic,treatment,3,19.6,0,0
25917,organic,treatment,6,9.2,0,0
29814,ctx_brand,treatment,7,11.3,1,0
36132,ctx_brand,treatment,8,7.5,0,0
28634,influencer,treatment,9,2.0,0,1
16278,organic,control,11,1.6,0,1
12442,organic,treatment,5,8.1,0,1
35095,ctx_category,control,5,5.3,0,1
18192,ctx_category,control,2,21.1,0,0
35717,ctx_category,control,6,11.2,1,0
27497,ctx_brand,control,3,21.9,0,0
2561,cpa,control,5,6.9,0,0
20086,organic,treatment,6,4.2,0,0
6245,cpa,control,6,8.9,1,0
31596,organic,control,2,17.1,0,0
5468,ctx_category,control,2,16.2,0,1
9823,ctx_brand,treatment,1,24.6,0,0
8188,tv,control,9,5.0,1,1
23128,ctx_brand,control,2,20.2,0,0
18199,ctx_brand,control,4,13.7,0,0
18481,organic,control,2,18.1,0,0
13043,cpa,control,5,8.5,1,0
3141,social,treatment,7,7.6,1,1
1327,organic,control,6,5.4,0,1
24851,ctx_brand,control,8,2.7,0,1
32966,organic,treatment,2,20.7,0,0
36149,organic,control,3,16.1,0,0
35587,ctx_category,treatment,6,3.9,0,1
11447,organic,control,6,10.5,0,0
1825,ctx_category,control,9,8.8,0,1
26547,organic,treatment,8,8.4,0,1
8789,social,treatment,3,16.6,0,0
11939,ctx_brand,treatment,5,10.8,0,1
8915,ctx_category,treatment,3,13.0,1,1
30043,ctx_brand,treatment,6,4.4,0,0
16186,ctx_category,control,7,6.7,0,0
652,organic,control,6,4.0,0,0
14799,organic,treatment,8,6.2,0,1
260,ctx_brand,control,5,9.6,0,0
2795,ctx_brand,treatment,5,9.2,0,1
15402,ctx_category,control,6,9.2,0,1
3097,organic,control,8,1.9,0,0
22811,organic,treatment,6,7.8,0,1
21765,social,treatment,6,4.4,0,0
2106,ctx_brand,control,2,22.7,0,0
18603,organic,control,7,7.3,1,1
21331,influencer,treatment,6,3.9,0,0
12208,ctx_category,control,7,5.9,0,1
34418,social,control,1,22.1,0,0
23833,organic,treatment,8,5.9,0,1
9789,organic,control,6,8.0,0,1
36377,organic,control,9,5.7,0,0
31253,organic,treatment,2,22.1,1,1
17409,organic,control,6,7.5,0,1
23284,ctx_brand,treatment,7,2.0,0,1
17045,ctx_category,treatment,5,2.9,0,0
20475,ctx_brand,treatment,1,22.5,0,0
17055,influencer,control,5,2.8,0,0
23970,organic,treatment,5,5.8,0,0
26917,ctx_category,control,6,13.9,0,0
28719,ctx_brand,treatment,3,15.5,0,0
34071,organic,treatment,5,3.0,0,1
14562,ctx_category,treatment,5,7.8,0,1
16702,ctx_category,control,8,8.3,0,0
33567,organic,control,6,9.4,0,0
14178,ctx_brand,control,7,8.6,0,1
20300,organic,control,7,7.5,0,1
15935,organic,treatment,5,12.1,0,0
26517,ctx_category,control,9,6.0,0,0
8640,organic,control,7,8.1,0,0
21526,ctx_category,control,7,1.6,0,0
19534,ctx_category,treatment,5,11.5,0,1
30757,ctx_category,treatment,7,8.7,0,1
172,organic,control,2,19.6,0,0
23285,organic,treatment,1,20.5,0,0
17789,organic,control,3,15.0,0,0
34992,ctx_category,control,1,23.8,1,0
20366,organic,control,7,11.1,0,0
8512,ctx_category,treatment,11,10.2,1,1
36541,organic,treatment,5,3.0,0,0
29044,social,control,1,21.3,0,0
2125,organic,control,10,7.8,0,1
24045,influencer,treatment,11,3.3,0,1
23798,influencer,control,6,7.3,0,0
17135,organic,treatment,6,6.5,0,1
8234,tv,control,6,2.8,0,1
5593,ctx_brand,control,4,18.8,0,0
36189,organic,treatment,10,2.5,1,1
33255,ctx_category,control,4,12.0,1,0
25407,ctx_brand,treatment,3,22.5,0,0
34788,organic,treatment,4,14.6,0,0
39138,organic,treatment,5,9.8,0,0
31971,organic,control,6,4.7,0,0
28871,ctx_category,treatment,5,9.8,0,0
26135,influencer,treatment,1,21.8,1,0
24706,tv,control,3,23.7,0,0
5814,social,control,2,14.5,1,0
4858,organic,treatment,3,11.4,1,0
35148,ctx_brand,control,5,5.2,0,1
11184,influencer,control,2,20.7,0,0
28205,organic,treatment,2,27.7,0,0
13886,influencer,control,9,3.6,0,1
9524,cpa,control,5,13.2,0,0
33782,organic,treatment,6,10.1,0,0
20116,organic,treatment,5,5.7,0,1
38896,organic,control,2,18.2,0,0
22610,organic,treatment,7,1.3,0,1
33721,ctx_category,control,7,23.3,1,0
10356,ctx_brand,treatment,5,11.9,0,1
11152,social,control,3,27.7,0,0
2496,ctx_category,treatment,7,1.0,0,0
21666,ctx_category,control,6,8.6,0,1
37605,ctx_category,control,5,10.9,0,0
23680,ctx_brand,treatment,6,2.8,0,1
24824,ctx_category,control,6,1.7,1,1
29996,ctx_brand,treatment,6,1.9,0,1
5045,organic,control,5,7.5,0,0
19228,ctx_category,treatment,5,16.1,0,0
10457,organic,treatment,7,2.8,0,1
26457,social,treatment,5,1.9,1,0
20607,tv,treatment,6,4.8,0,1
8190,ctx_category,control,4,12.4,1,0
15198,organic,treatment,1,20.0,0,0
32449,organic,control,7,7.5,0,1
18734,cpa,control,3,22.2,0,0
13146,ctx_brand,treatment,2,15.7,0,0
9831,ctx_brand,control,5,14.1,0,0
16834,cpa,treatment,7,1.0,0,1
11695,social,treatment,1,21.7,1,0
28032,organic,control,7,6.5,0,1
20519,organic,treatment,5,4.0,0,0
31712,ctx_category,treatment,5,10.7,0,1
17927,influencer,control,1,22.1,0,0
17616,influencer,control,3,18.9,0,0
15696,ctx_category,control,7,8.1,0,1
30807,influencer,control,6,6.9,0,0
26015,cpa,control,7,5.9,0,1
16048,ctx_brand,treatment,6,4.8,0,0
7701,organic,control,6,8.4,0,1
31348,ctx_brand,treatment,3,18.2,0,0
19051,organic,control,2,18.3,0,0
397,ctx_brand,control,4,20.8,0,0
29493,ctx_brand,treatment,7,7.1,0,1
19160,organic,control,3,21.9,0,0
11823,organic,treatment,8,8.8,0,1
27201,ctx_brand,control,3,13.4,0,0
20345,ctx_category,treatment,2,19.4,0,0
38236,ctx_category,treatment,2,16.2,0,0
10883,ctx_category,control,2,16.2,0,0
17691,ctx_category,control,9,6.9,0,1
1985,organic,treatment,10,5.7,0,0
35550,organic,treatment,6,6.0,0,0
22827,organic,treatment,7,4.2,0,0
10043,organic,control,7,8.2,0,1
16446,cpa,treatment,1,19.1,0,0
2010,ctx_brand,control,4,16.2,0,0
21943,ctx_category,control,8,1.0,0,0
6633,cpa,control,2,11.3,0,0
11391,organic,control,3,23.0,0,0
18009,ctx_category,treatment,6,4.0,0,0
8596,influencer,control,6,3.4,1,1
38182,social,treatment,5,2.5,0,0
34436,organic,control,5,3.8,0,1
9375,ctx_category,treatment,10,8.7,1,1
20662,organic,control,2,22.6,0,0
33281,ctx_category,treatment,2,20.3,0,1
35668,ctx_brand,treatment,1,21.0,1,0
5337,organic,treatment,5,1.0,0,1
20940,cpa,control,8,4.9,0,0
19424,organic,control,5,4.6,1,0
9715,cpa,control,5,1.0,1,0
32359,organic,control,7,4.8,0,0
2647,influencer,treatment,6,16.7,0,0
37259,organic,treatment,5,6.2,0,0
21520,organic,treatment,5,5.1,0,0
32766,ctx_brand,control,3,22.2,1,0
10188,organic,treatment,3,18.6,1,0
18825,organic,treatment,4,22.5,1,0
7099,organic,treatment,2,20.9,0,0
20206,organic,control,2,24.3,0,0
37531,organic,control,6,1.0,1,1
33939,social,control,8,3.2,0,0
20355,tv,control,9,3.7,0,0
12100,influencer,control,7,5.8,0,0
30485,organic,control,1,20.2,0,0
6962,ctx_category,treatment,6,7.2,0,1
14495,organic,treatment,1,21.4,0,0
21527,ctx_category,control,4,26.9,0,0
28730,organic,treatment,4,15.5,1,1
13289,organic,treatment,5,1.0,0,1
23719,organic,treatment,6,10.6,0,0
22122,organic,control,2,19.1,0,1
33158,influencer,treatment,6,4.9,0,0
28611,cpa,treatment,6,5.8,0,0
17770,organic,treatment,7,5.5,0,1
1416,ctx_brand,control,5,5.0,0,0
14899,cpa,treatment,5,5.9,0,0
38466,ctx_category,treatment,2,17.4,0,0
31396,cpa,control,7,5.7,0,0
21009,social,treatment,2,15.7,0,1
22433,organic,control,2,16.6,1,0
17161,social,control,6,5.0,0,1
32633,organic,treatment,6,6.0,0,0
37584,organic,treatment,2,14.9,0,1
9481,organic,treatment,5,5.1,0,1
23994,organic,treatment,6,4.9,0,0
28723,ctx_category,control,6,15.3,0,1
21805,organic,control,5,6.0,0,0
37024,social,treatment,7,4.2,0,1
21643,organic,treatment,7,7.7,0,1
25859,organic,treatment,6,8.4,0,0
31407,social,treatment,2,10.6,1,0
32349,ctx_brand,control,3,24.6,0,0
4164,organic,control,7,7.2,0,1
10606,organic,treatment,3,25.1,0,0
8998,organic,control,2,24.4,0,0
14401,ctx_brand,control,6,12.3,0,0
2229,ctx_brand,treatment,7,2.1,0,0
21625,tv,treatment,2,14.0,0,1
22825,social,control,7,5.4,0,0
12872,organic,treatment,1,18.5,1,0
10166,organic,control,2,24.4,0,0
29898,tv,control,9,8.1,0,1
8528,social,control,4,13.7,1,1
28256,organic,treatment,5,17.1,0,0
6661,cpa,control,7,5.7,0,0
19193,organic,treatment,6,9.0,0,1
44,organic,control,5,4.5,0,1
4816,cpa,control,9,6.6,0,0
30192,social,control,5,16.0,1,0
10473,ctx_category,control,2,11.5,1,1
34361,organic,control,6,19.8,0,0
24639,organic,treatment,4,18.1,0,0
38279,ctx_brand,treatment,4,13.9,0,0
12587,organic,control,6,2.8,0,0
26496,ctx_brand,treatment,1,24.5,0,0
12820,organic,control,5,1.0,0,0
21671,organic,control,5,6.3,0,1
28106,cpa,control,2,21.3,0,0
23455,organic,treatment,5,6.1,0,1
10980,ctx_category,control,2,18.1,0,0
14500,social,treatment,5,6.1,0,0
18816,organic,control,6,10.8,0,0
19555,ctx_category,control,3,15.3,0,0
38582,organic,treatment,1,25.0,0,0
22382,organic,control,4,11.8,0,1
26971,influencer,treatment,3,21.4,0,0
15309,ctx_brand,treatment,7,4.7,0,1
29513,influencer,control,8,6.0,0,0
33633,ctx_category,control,2,14.2,0,0
27686,organic,control,7,8.2,0,1
31185,organic,treatment,6,3.4,0,1
16645,organic,control,7,2.6,0,0
30947,organic,control,6,8.4,0,0
11458,organic,control,6,4.9,0,0
38726,ctx_category,treatment,9,1.0,0,1
91,organic,treatment,4,15.6,0,0
405,organic,control,1,20.1,0,0
14464,cpa,treatment,7,5.7,0,0
26438,social,control,3,22.9,1,0
13497,organic,control,3,13.8,0,0
27482,ctx_brand,control,4,21.7,0,0
13773,organic,treatment,3,23.2,0,0
8761,ctx_brand,treatment,4,17.5,0,1
11368,ctx_brand,control,5,5.6,0,0
24074,ctx_category,treatment,3,10.1,0,1
26003,ctx_category,treatment,7,7.9,0,0
11240,cpa,control,5,6.2,0,1
2518,organic,control,4,12.9,0,0
15130,organic,control,6,6.9,1,0
3074,organic,treatment,1,16.8,0,0
35189,organic,control,2,11.3,1,0
31018,ctx_category,treatment,6,9.6,1,1
32929,ctx_brand,treatment,4,23.1,0,0
8899,cpa,control,4,22.1,0,0
29690,influencer,treatment,7,4.6,0,0
20184,organic,control,8,1.0,0,0
2438,ctx_category,control,7,11.2,0,1
37321,organic,treatment,5,6.3,1,1
33162,organic,control,6,1.0,0,1
38597,ctx_brand,control,2,27.3,1,0
12769,social,control,8,2.4,0,1
12985,organic,control,1,21.3,0,0
23497,ctx_brand,control,5,1.7,0,1
36756,influencer,treatment,1,22.7,0,0
6056,organic,control,3,20.9,0,0
4343,organic,treatment,7,2.7,0,1
23685,cpa,control,10,5.1,0,1
11656,influencer,control,3,22.0,0,0
3213,social,control,5,15.6,1,0
12761,influencer,control,9,5.6,0,1
28843,ctx_brand,treatment,5,18.4,1,0
37000,organic,treatment,7,3.5,0,1
38688,organic,treatment,6,3.6,0,0
16142,ctx_brand,treatment,3,22.5,0,0
3346,ctx_category,treatment,2,10.3,1,1
1862,organic,control,2,26.0,0,0
37003,organic,treatment,4,9.8,0,0
26504,ctx_category,treatment,3,29.1,1,0
7272,tv,treatment,2,19.5,0,0
26800,ctx_category,treatment,1,18.9,0,0
24992,organic,treatment,8,5.5,0,0
34662,organic,control,2,26.7,0,0
25014,ctx_brand,control,9,8.3,0,1
27609,organic,control,5,7.1,0,0
35627,organic,control,6,2.9,0,1
37353,ctx_brand,treatment,1,13.9,0,0
30488,ctx_category,treatment,7,10.0,0,0
4146,ctx_category,treatment,2,21.0,1,0
10645,organic,control,5,1.0,0,1
34012,organic,control,8,6.9,0,0
39709,ctx_brand,treatment,5,20.2,0,0
22071,ctx_category,control,8,12.4,0,1
36498,ctx_category,treatment,6,6.0,0,0
24104,ctx_brand,treatment,8,4.5,0,0
23367,organic,treatment,5,6.9,0,1
9471,organic,control,5,4.5,0,0
18607,influencer,treatment,7,10.6,1,1
17140,organic,treatment,5,19.2,0,0
35131,influencer,treatment,5,6.4,0,1
34233,ctx_brand,treatment,5,9.0,0,0
19281,organic,treatment,6,21.2,0,0
5374,organic,treatment,5,5.3,0,1
20261,organic,treatment,6,12.0,0,0
4401,ctx_category,control,3,11.3,0,0
29414,ctx_brand,treatment,1,21.7,0,0
39974,ctx_brand,treatment,8,5.9,0,1
17402,cpa,control,5,7.5,0,0
24124,ctx_category,control,3,22.8,0,0
13218,organic,control,8,8.2,0,1
14860,organic,control,8,8.6,0,1
16097,cpa,treatment,7,4.4,0,1
32017,ctx_category,treatment,5,4.5,0,1
2891,ctx_brand,treatment,4,19.1,0,0
12738,organic,treatment,6,6.1,0,1
19556,influencer,treatment,3,24.2,0,0
19340,organic,treatment,6,3.6,0,1
16451,organic,control,2,22.7,0,0
23640,organic,treatment,3,18.3,0,0
18329,organic,treatment,5,20.5,0,0
22144,ctx_brand,control,1,20.8,0,0
12613,organic,treatment,8,3.6,0,0
31166,organic,treatment,4,18.0,0,1
25553,tv,control,6,11.5,0,1
29246,ctx_brand,control,2,14.1,0,0
11105,organic,treatment,7,4.0,0,0
31077,cpa,control,1,20.2,0,0
23268,cpa,control,2,24.6,1,0
23585,organic,treatment,6,2.0,0,0
32927,organic,treatment,6,8.0,0,1
2268,cpa,control,2,15.8,0,1
37528,ctx_category,treatment,2,8.5,0,0
6745,organic,control,7,4.9,0,1
6616,ctx_category,control,5,3.9,0,1
31327,organic,control,9,5.4,0,0
6514,organic,control,7,4.5,0,1
12346,ctx_category,control,5,1.1,1,1
24262,organic,control,1,23.2,0,0
39369,influencer,treatment,2,17.4,0,0
14942,social,control,3,20.9,0,0
3204,social,control,7,5.5,0,1
31048,organic,control,7,3.8,0,1
16726,cpa,control,7,13.5,0,0
24514,ctx_brand,control,4,14.6,0,0
39554,ctx_brand,treatment,3,24.3,1,0
19647,ctx_category,treatment,7,4.1,0,1
5007,ctx_category,treatment,3,22.1,0,0
9783,organic,control,6,8.6,0,0
8432,influencer,treatment,7,8.2,0,1
38498,ctx_brand,treatment,8,4.3,0,1
13523,social,control,5,7.3,0,1
11369,organic,control,6,7.4,0,1
29483,tv,treatment,3,18.4,0,0
3287,organic,control,6,4.9,0,0
8161,organic,treatment,4,11.0,0,0
21338,organic,treatment,5,2.9,0,0
11724,organic,treatment,2,18.8,0,1
8198,social,treatment,2,18.8,0,0
22654,influencer,control,6,4.9,0,1
22434,organic,treatment,5,4.8,0,0
38470,social,control,5,1.0,0,1
16765,organic,control,6,4.3,0,0
10971,organic,control,5,12.7,1,1
2614,organic,treatment,9,10.7,0,0
37943,ctx_category,treatment,8,3.5,1,1
4108,organic,treatment,3,21.1,0,0
7987,organic,control,3,16.0,0,0
5288,organic,treatment,6,1.0,0,0
22051,ctx_brand,treatment,7,1.8,1,0
24248,organic,treatment,3,19.8,0,0
34792,organic,control,7,12.2,0,1
30576,social,treatment,7,7.8,0,0
21046,ctx_brand,treatment,7,8.6,0,1
19929,organic,control,3,21.9,0,0
19870,organic,control,8,1.0,1,0
38776,ctx_brand,control,2,13.1,0,0
30411,organic,treatment,6,1.1,0,0
3847,organic,treatment,5,21.9,0,0
11511,organic,treatment,7,10.8,0,1
39869,ctx_brand,treatment,7,3.2,0,1
29894,social,control,2,20.7,0,0
3868,ctx_brand,control,3,13.5,1,0
7829,tv,control,4,12.3,0,0
18872,organic,treatment,5,8.5,0,1
14192,ctx_category,control,7,4.3,1,0
18698,organic,treatment,6,17.6,0,0
15837,ctx_brand,treatment,7,10.5,0,0
16408,social,control,6,4.8,0,1
18969,social,control,3,14.4,0,0
2667,ctx_brand,control,5,15.7,0,0
12463,ctx_category,control,7,2.3,0,0
17181,influencer,treatment,5,5.1,0,0
22231,ctx_brand,treatment,7,7.7,0,1
17147,influencer,control,2,18.4,0,0
10286,cpa,control,6,21.4,1,0
4874,ctx_category,control,7,1.0,0,1
2686,organic,control,8,1.4,0,0
30110,ctx_category,control,5,3.7,0,0
32599,ctx_brand,treatment,5,2.4,0,1
28570,organic,control,6,1.1,0,0
30367,organic,treatment,2,20.4,0,0
39564,organic,treatment,6,9.7,0,1
36725,influencer,treatment,7,9.4,0,1
6063,influencer,control,6,1.7,0,1
7506,ctx_brand,control,7,6.3,0,1
10489,ctx_category,treatment,4,22.8,0,0
20516,social,treatment,6,1.0,0,1
7289,cpa,treatment,5,4.3,0,1
155,organic,control,6,5.5,0,1
13720,ctx_brand,treatment,7,5.2,0,0
6530,organic,control,6,6.8,0,1
31664,cpa,control,2,22.1,1,0
329,organic,control,5,4.1,0,1
23819,ctx_brand,treatment,5,13.5,0,0
39775,ctx_category,treatment,7,6.4,0,0
37754,organic,treatment,4,20.0,0,0
13925,organic,treatment,4,9.7,0,1
39896,organic,treatment,3,11.1,0,1
35348,tv,control,5,8.8,0,1
31156,cpa,control,6,8.4,0,1
15019,ctx_category,control,6,1.6,1,0
23388,ctx_brand,control,7,6.5,0,0
15322,organic,treatment,6,4.2,0,0
15918,social,treatment,4,18.7,0,0
14856,organic,control,5,14.2,0,0
23677,social,control,3,26.3,0,0
39663,cpa,treatment,5,5.9,1,0
39244,organic,treatment,2,22.0,0,1
22166,organic,treatment,6,10.2,0,1
10745,organic,control,3,21.6,0,0
4281,organic,control,9,11.8,0,0
38963,organic,control,6,7.0,0,0
19677,organic,control,7,4.3,0,0
20434,ctx_category,control,2,23.0,0,0
19457,ctx_brand,control,3,21.1,0,0
4278,organic,treatment,6,9.7,0,1
32496,tv,control,8,6.9,0,1
34037,organic,control,8,9.6,0,1
21047,organic,control,2,13.6,0,0
13951,ctx_brand,treatment,6,6.0,0,0
11062,social,treatment,7,5.7,0,0
24359,influencer,control,3,18.5,0,0
2342,organic,control,1,19.8,0,0
8246,ctx_brand,treatment,7,7.3,0,0
23209,organic,treatment,6,5.5,0,0
37482,organic,treatment,5,2.4,0,1
1853,organic,control,2,23.1,1,0
733,organic,treatment,8,9.7,0,1
30959,ctx_category,control,2,22.5,0,0
7626,ctx_brand,control,7,5.4,0,1
11885,influencer,control,8,5.1,0,1
30356,organic,treatment,1,22.8,0,0
7318,organic,control,8,3.8,0,1
30407,ctx_brand,control,8,10.0,0,1
33315,influencer,treatment,5,8.7,0,0
10887,ctx_category,control,1,24.6,1,0
30056,organic,treatment,3,14.7,0,0
39042,organic,treatment,5,10.3,0,1
713,organic,treatment,4,19.7,0,0
22183,organic,control,6,9.7,0,1
916,organic,control,5,4.6,0,0
21855,organic,control,7,4.2,1,1
17833,organic,treatment,2,12.3,0,0
14554,ctx_category,treatment,5,15.5,0,0
36021,organic,treatment,6,7.1,0,1
20633,ctx_category,control,7,8.1,0,1
37080,organic,treatment,4,21.4,0,0
9998,tv,treatment,5,13.0,0,0
26747,organic,treatment,6,6.1,0,0
7442,organic,control,6,4.5,0,1
11566,social,treatment,2,22.4,0,0
13929,organic,treatment,5,6.5,0,1
18059,ctx_brand,treatment,10,8.2,0,1
4644,ctx_brand,treatment,6,6.3,1,0
11127,social,treatment,6,8.0,0,0
2370,ctx_brand,control,5,6.9,0,0
10942,organic,control,5,24.7,0,0
2911,influencer,treatment,8,6.1,0,1
5919,ctx_brand,control,2,19.3,0,0
2321,organic,treatment,7,3.2,0,0
34181,ctx_brand,control,5,4.8,0,1
30200,ctx_brand,treatment,2,22.2,1,0
14444,organic,control,5,3.1,0,1
36113,organic,control,2,24.7,0,0
11523,influencer,control,6,4.0,0,1
20403,organic,control,5,6.2,0,0
19688,cpa,treatment,5,5.0,0,0
12776,ctx_brand,control,7,8.6,0,1
706,influencer,control,7,6.0,0,0
7600,organic,control,7,7.7,0,1
6341,ctx_brand,treatment,7,8.6,0,0
5014,cpa,treatment,7,6.7,0,1
11761,organic,treatment,4,13.0,0,0
1406,organic,control,7,6.6,0,0
8726,organic,control,6,2.9,0,1
17892,organic,control,5,7.2,0,1
20040,organic,control,4,19.6,0,0
35871,organic,treatment,7,8.3,0,0
7282,organic,control,3,21.4,0,0
21133,organic,control,9,15.7,0,1
35512,cpa,treatment,1,19.0,0,0
3580,organic,treatment,6,4.1,1,1
2294,ctx_brand,control,6,3.9,0,0
2226,ctx_brand,treatment,7,10.9,0,1
25313,social,treatment,2,20.8,0,0
11765,tv,control,3,17.7,0,0
32880,ctx_brand,treatment,6,8.0,0,1
10479,influencer,control,10,5.4,0,1
9242,ctx_brand,treatment,6,8.1,0,0
39914,organic,control,7,5.1,0,1
6261,ctx_brand,treatment,7,6.5,0,0
9079,organic,treatment,2,24.6,0,0
29530,ctx_brand,control,5,8.6,0,1
32570,ctx_brand,control,6,5.4,0,0
2698,social,treatment,7,8.7,0,1
7344,organic,control,5,5.6,0,1
3389,ctx_category,treatment,6,8.8,0,1
17896,ctx_brand,treatment,7,7.0,0,0
11363,ctx_brand,treatment,1,22.3,1,0
18216,organic,treatment,5,2.2,0,0
914,organic,control,4,18.4,0,0
32124,organic,treatment,6,3.6,0,0
16649,organic,treatment,4,20.0,0,0
37862,ctx_brand,treatment,7,9.5,1,0
14935,ctx_brand,treatment,5,10.6,0,0
15498,social,treatment,9,7.0,0,1
35561,organic,treatment,7,10.3,0,0
8831,influencer,control,6,6.5,0,1
1595,organic,control,5,1.6,1,0
21868,organic,control,6,5.5,0,1
25700,organic,control,4,13.0,0,1
16375,organic,treatment,9,5.0,0,1
30131,ctx_category,treatment,6,3.4,0,0
24035,organic,treatment,6,6.1,0,1
10744,ctx_brand,treatment,2,15.7,0,0
39525,organic,treatment,2,10.1,0,0
28971,ctx_category,control,7,5.1,1,0
6873,ctx_category,control,1,21.4,0,0
7944,social,treatment,6,2.9,1,1
9634,ctx_brand,treatment,7,6.2,0,0
38394,organic,treatment,3,26.1,0,0
32289,ctx_category,control,2,16.9,0,0
19197,ctx_category,control,2,21.2,0,0
27176,ctx_category,control,7,5.3,0,0
26327,organic,treatment,1,28.4,0,0
35997,ctx_category,treatment,2,16.9,1,0
27867,organic,control,5,12.6,0,0
32050,organic,treatment,3,17.6,0,1
26746,ctx_brand,treatment,7,1.0,0,0
9967,ctx_brand,control,6,1.0,0,1
36941,ctx_category,control,6,9.2,0,0
11372,ctx_brand,treatment,8,8.6,0,1
10277,ctx_category,control,7,6.4,1,1
34837,tv,control,4,23.0,0,0
28302,organic,control,6,5.1,0,1
37609,organic,control,7,7.5,0,1
29838,social,control,4,24.9,1,0
2000,organic,treatment,2,17.3,0,0
28177,ctx_brand,treatment,6,2.3,0,1
25475,ctx_brand,control,3,25.5,0,0
11870,ctx_category,control,3,13.8,0,0
11035,social,treatment,6,9.2,0,0
4877,organic,control,3,13.8,0,1
33464,organic,control,2,21.5,0,0
33397,ctx_brand,treatment,2,25.0,0,0
25489,ctx_brand,control,3,7.5,0,0
29117,tv,control,7,6.3,0,1
5393,ctx_brand,treatment,8,1.0,0,1
4487,organic,control,6,5.1,0,0
34863,organic,treatment,4,24.9,0,0
38695,organic,control,6,1.0,0,1
32371,ctx_brand,control,1,23.4,0,0
17941,ctx_category,control,1,15.9,0,0
25077,social,treatment,6,10.7,0,0
4657,organic,control,6,4.3,1,1
12120,organic,control,1,20.2,0,0
1577,organic,control,8,6.7,0,1
24482,organic,treatment,5,9.1,0,0
30289,ctx_brand,treatment,7,5.8,0,0
25263,ctx_brand,control,2,22.3,0,0
28515,ctx_brand,control,5,8.1,0,1
39076,organic,control,3,18.2,0,0
22862,organic,control,5,6.5,0,1
12002,social,control,2,15.5,0,0
2366,influencer,treatment,8,6.2,1,0
37722,ctx_category,control,4,22.5,1,0
19744,organic,treatment,6,9.1,0,0
16178,ctx_brand,treatment,8,3.1,0,1
3667,ctx_category,treatment,2,18.0,0,0
25340,social,treatment,1,25.4,0,0
37181,social,treatment,3,19.4,1,0
13019,organic,control,6,6.1,0,1
6982,organic,treatment,8,1.0,0,0
25972,organic,control,5,6.1,0,0
5649,organic,control,6,5.2,0,1
17129,organic,treatment,5,5.3,0,1
15648,ctx_brand,treatment,4,12.3,0,1
229,ctx_brand,treatment,6,10.7,0,1
37824,ctx_category,treatment,4,22.5,0,0
11633,ctx_category,control,10,3.2,0,0
23194,cpa,control,6,5.1,0,1
38616,ctx_category,control,2,19.7,0,0
2757,cpa,treatment,8,10.3,1,0
22292,ctx_brand,treatment,3,16.1,0,1
13402,cpa,control,6,2.5,1,1
21167,ctx_brand,treatment,3,18.0,0,0
26325,ctx_brand,control,8,4.7,0,0
34737,tv,treatment,1,20.9,1,0
11977,influencer,treatment,2,22.1,1,0
34471,organic,treatment,1,18.6,0,0
27286,ctx_category,treatment,1,24.2,0,0
5412,ctx_brand,control,7,7.4,0,1
27670,ctx_brand,treatment,5,3.0,1,0
23336,ctx_category,treatment,5,4.7,0,0
34041,ctx_category,control,3,21.3,1,0
134,cpa,treatment,8,3.0,0,0
17893,organic,control,7,7.4,0,1
7090,social,treatment,5,24.3,0,0
1572,ctx_brand,control,3,23.5,0,0
11390,organic,control,7,8.3,0,1
897,ctx_category,control,6,7.2,0,1
32670,organic,treatment,7,1.0,0,0
32199,cpa,control,6,9.8,0,0
24646,organic,control,3,20.0,0,0
6772,organic,control,2,26.2,0,0
18984,ctx_brand,treatment,3,13.6,0,0
5996,organic,control,6,10.5,0,1
25821,organic,control,8,2.6,1,0
31096,organic,control,7,7.0,1,1
19813,ctx_category,control,7,4.6,0,0
10211,organic,control,7,2.5,0,1
9224,influencer,treatment,6,3.9,0,0
6733,ctx_brand,treatment,3,14.2,0,1
18958,organic,treatment,7,8.8,0,1
1131,ctx_brand,treatment,8,4.9,0,0
38679,ctx_category,control,11,1.0,0,1
22399,social,treatment,6,8.1,0,1
10836,organic,control,6,1.0,0,1
23169,ctx_category,treatment,2,23.4,1,0
20160,organic,control,1,21.3,0,0
14193,organic,treatment,6,8.5,0,0
36,organic,treatment,2,13.4,0,1
19584,ctx_brand,treatment,5,4.7,0,0
10856,ctx_category,control,4,9.9,0,0
21878,organic,control,2,16.2,0,0
15332,social,control,4,18.1,1,1
32687,cpa,control,2,20.9,1,0
7091,organic,treatment,6,1.0,0,0
31980,ctx_category,control,4,20.3,0,0
8679,organic,treatment,2,11.9,0,0
24530,ctx_category,treatment,5,4.2,0,0
36649,social,treatment,7,8.2,0,1
32827,organic,control,8,11.8,0,0
9387,cpa,control,6,5.7,1,0
16387,social,control,3,14.7,0,0
19742,ctx_brand,treatment,1,22.9,0,1
31834,influencer,control,8,5.2,0,0
25840,ctx_brand,treatment,1,20.7,0,0
12858,organic,treatment,2,20.4,0,0
12245,organic,treatment,6,5.4,0,1
20656,organic,treatment,7,7.3,0,1
22658,organic,treatment,5,7.2,0,1
29193,cpa,treatment,2,17.0,0,1
28960,organic,control,4,8.0,0,0
37147,cpa,control,7,3.1,0,1
35224,influencer,treatment,1,27.0,0,0
39727,ctx_brand,treatment,9,7.1,0,0
6807,influencer,treatment,6,21.1,0,0
39403,organic,treatment,5,4.6,0,1
11455,organic,treatment,5,6.7,0,1
21866,ctx_category,control,7,8.5,0,1
32512,organic,treatment,6,6.5,0,1
1275,organic,treatment,9,12.2,0,0
31925,influencer,treatment,2,21.4,0,0
22171,organic,control,6,2.7,0,1
26714,ctx_category,treatment,8,4.8,0,0
15764,ctx_category,control,4,19.3,0,0
20680,ctx_brand,control,7,10.5,0,1
22975,organic,treatment,6,5.1,0,1
37963,ctx_category,treatment,9,4.4,0,1
4377,social,control,8,9.1,0,1
17652,organic,control,2,11.1,1,0
30007,social,treatment,3,15.2,1,1
29557,cpa,treatment,8,4.7,1,1
8972,organic,control,4,17.1,0,0
20508,influencer,control,4,13.1,0,0
39309,organic,control,7,2.5,0,0
20383,organic,treatment,6,7.6,0,1
30561,organic,treatment,7,10.4,0,1
19050,cpa,treatment,6,8.2,1,1
16955,organic,control,7,5.4,0,0
27653,organic,control,3,20.6,0,0
1704,organic,control,1,22.0,0,0
18116,organic,treatment,5,5.0,0,1
38452,organic,control,3,14.3,0,1
7035,organic,treatment,1,21.8,0,0
38517,organic,treatment,8,5.5,0,0
39495,ctx_brand,treatment,6,11.1,0,0
9260,organic,control,1,23.7,0,0
4758,organic,control,6,13.4,0,1
13706,organic,treatment,6,8.3,0,1
1702,cpa,treatment,9,9.7,1,1
1777,social,treatment,5,4.4,0,1
15941,ctx_category,control,1,21.7,0,0
11795,cpa,treatment,2,20.0,0,0
19085,organic,control,7,7.5,0,1
8445,ctx_category,treatment,5,9.0,0,0
25190,ctx_brand,treatment,7,7.8,0,0
31725,cpa,control,7,1.2,0,0
13362,social,control,8,8.6,1,0
36046,ctx_brand,treatment,8,7.0,0,1
35903,ctx_category,control,4,15.9,1,0
6121,organic,control,3,15.5,0,0
18501,social,treatment,3,22.4,0,0
28574,organic,control,5,9.5,0,0
8506,organic,control,7,9.1,0,0
28011,organic,control,4,20.7,1,0
28086,influencer,treatment,4,17.1,0,1
38839,cpa,control,8,4.7,0,1
16337,ctx_category,control,5,7.3,1,1
27242,organic,treatment,3,17.1,0,0
14689,organic,control,6,9.4,0,0
33838,organic,treatment,7,1.5,0,0
7058,organic,control,2,22.3,1,0
12473,ctx_category,control,6,5.5,0,1
25523,ctx_brand,control,11,3.9,0,1
331,ctx_category,treatment,5,6.0,0,0
22316,ctx_brand,treatment,7,6.3,0,0
3688,organic,treatment,10,7.3,0,1
4,organic,control,2,19.8,0,0
12680,ctx_category,treatment,6,5.1,0,0
29238,influencer,control,2,25.6,0,0
4352,ctx_brand,control,2,13.7,0,0
31007,influencer,control,7,4.4,0,0
22095,organic,control,6,3.1,0,0
23038,organic,control,8,5.7,0,0
36529,organic,treatment,6,20.8,0,0
35582,ctx_category,treatment,6,2.6,0,0
15040,ctx_category,control,7,4.9,0,0
36930,ctx_brand,control,8,4.2,0,1
14297,ctx_brand,control,4,13.6,0,0
27922,organic,treatment,5,22.6,0,0
31307,organic,control,6,5.8,0,0
31463,ctx_category,treatment,7,13.8,0,1
12877,ctx_category,control,7,7.5,0,1
13991,social,treatment,1,16.6,0,0
34453,social,treatment,5,15.9,1,0
340,organic,control,6,7.6,1,0
9540,organic,control,2,23.3,1,0
26831,organic,control,12,3.6,0,0
11883,organic,treatment,6,7.3,1,0
38906,organic,control,7,5.0,0,1
19070,organic,treatment,6,6.6,0,0
14056,ctx_category,treatment,3,13.3,0,1
6048,ctx_category,control,2,15.7,0,0
35358,social,treatment,2,25.7,1,0
38878,organic,control,1,25.7,0,0
27572,ctx_category,treatment,3,12.8,0,0
15020,organic,treatment,3,19.0,0,0
24336,organic,treatment,6,6.0,0,1
27479,organic,control,6,4.3,0,1
32322,ctx_category,control,6,9.9,1,0
33377,ctx_category,treatment,8,1.0,0,0
27127,organic,control,8,2.6,0,0
18454,ctx_category,control,1,22.1,0,0
8086,ctx_brand,treatment,8,8.6,0,1
15618,organic,treatment,1,21.6,0,0
39417,organic,control,7,4.4,0,0
33140,ctx_category,treatment,5,1.3,0,1
2791,ctx_brand,control,2,12.7,0,0
31005,tv,control,2,15.5,0,0
19696,organic,treatment,5,7.9,0,0
3940,ctx_brand,treatment,6,5.2,0,0
18791,organic,control,7,6.1,0,1
22866,ctx_brand,treatment,2,14.9,0,1
18569,ctx_category,control,6,1.0,1,0
20101,ctx_brand,control,6,6.6,0,1
385,organic,treatment,4,17.3,1,0
38447,organic,treatment,7,3.4,0,1
18492,ctx_category,treatment,5,7.7,0,1
3457,organic,control,6,5.4,0,1
31675,organic,control,9,8.4,1,0
10250,organic,control,4,21.9,0,0
4619,ctx_category,control,9,6.2,1,1
17987,organic,control,4,24.2,0,0
22933,organic,control,7,8.6,1,1
6260,ctx_brand,treatment,6,7.9,0,0
27421,influencer,control,3,23.0,0,0
16993,cpa,control,5,1.7,0,0
37445,organic,treatment,5,2.6,0,1
15246,ctx_brand,control,3,17.7,0,0
24232,ctx_category,treatment,2,23.6,0,0
34151,influencer,treatment,4,23.0,0,0
1923,ctx_brand,control,2,24.7,0,0
23518,organic,control,6,2.4,0,0
21239,ctx_category,control,5,6.1,0,0
21412,ctx_brand,control,6,1.3,0,1
36707,organic,treatment,2,23.8,0,0
25221,ctx_brand,treatment,7,4.7,0,1
27135,ctx_brand,control,3,22.8,0,0
2482,ctx_brand,treatment,6,1.0,0,0
3462,ctx_brand,treatment,7,5.9,0,1
8052,ctx_category,control,5,8.7,1,1
4846,cpa,treatment,6,2.0,0,0
8670,influencer,treatment,2,20.5,0,0
28097,cpa,control,1,21.5,0,0
7633,organic,treatment,6,7.9,0,1
28385,social,control,5,6.1,0,1
38920,ctx_category,control,1,20.9,0,0
25591,ctx_brand,control,5,7.9,0,0
1059,organic,control,5,2.6,0,1
3539,organic,treatment,6,3.7,0,0
12074,ctx_brand,treatment,2,20.3,0,0
27936,social,treatment,3,14.5,1,1
14561,organic,treatment,4,13.7,0,0
7607,ctx_category,treatment,3,14.3,1,0
22844,ctx_category,treatment,6,2.2,0,0
34615,ctx_category,treatment,4,17.1,0,0
16783,ctx_category,control,4,16.6,0,0
7472,ctx_brand,control,3,15.0,0,0
15163,organic,control,6,8.3,0,0
3817,organic,control,6,18.3,1,0
4381,ctx_brand,control,2,16.0,0,0
38592,ctx_brand,treatment,5,11.3,0,0
29939,organic,treatment,6,4.2,0,0
30331,organic,treatment,7,2.8,0,0
32635,ctx_brand,treatment,4,16.5,0,0
17457,ctx_category,control,6,11.7,0,0
8947,ctx_brand,control,2,18.2,0,0
4955,ctx_brand,treatment,2,20.0,0,0
29837,social,treatment,5,8.1,1,1
28824,organic,treatment,7,1.3,0,1
14307,ctx_category,control,1,20.8,0,0
3639,organic,treatment,6,5.1,0,1
7689,organic,control,5,4.6,0,1
15035,cpa,control,8,1.0,0,1
32004,organic,treatment,7,10.3,0,1
39777,ctx_brand,treatment,6,9.7,0,1
15351,organic,treatment,3,16.2,0,0
29555,ctx_category,control,7,3.6,0,1
16078,ctx_brand,treatment,7,5.4,0,0
33970,ctx_brand,control,6,1.4,0,1
14753,social,control,3,19.8,0,0
21798,ctx_category,control,7,4.2,0,0
37290,organic,control,6,5.2,1,1
747,organic,control,8,8.1,0,1
32376,organic,treatment,1,18.7,0,0
36330,organic,control,9,5.8,0,0
37785,ctx_brand,treatment,5,4.8,0,0
12652,organic,control,2,19.5,0,0
13651,organic,control,2,18.0,1,0
20105,organic,control,4,24.4,0,0
11224,organic,treatment,7,8.1,0,0
29255,ctx_brand,treatment,3,22.3,0,0
8300,influencer,treatment,1,22.5,0,0
20699,cpa,treatment,6,5.5,0,1
14175,organic,control,6,7.5,0,0
17656,organic,control,6,10.1,0,1
3061,ctx_brand,treatment,5,14.0,0,0
31563,organic,control,3,10.0,0,0
13292,organic,treatment,5,4.7,0,1
27030,tv,control,2,21.5,1,0
31828,organic,control,3,11.4,0,0
859,ctx_brand,treatment,7,7.9,1,1
9859,ctx_brand,control,6,1.0,0,1
28792,ctx_category,control,7,4.5,0,1
2925,ctx_category,treatment,5,4.3,0,1
23845,social,control,6,11.7,1,0
35374,ctx_brand,treatment,6,9.7,0,1
12068,organic,control,6,8.2,0,1
21975,ctx_category,treatment,5,8.6,0,1
16873,ctx_category,treatment,7,5.2,1,1
29989,influencer,treatment,5,7.5,0,1
37911,social,treatment,4,11.6,0,0
15761,organic,control,3,21.5,0,0
10391,organic,treatment,7,6.5,0,0
36777,ctx_brand,control,4,18.6,0,0
27205,ctx_brand,control,6,10.4,0,0
26424,ctx_category,control,2,17.7,0,0
11020,organic,treatment,4,18.2,0,1
36411,organic,control,6,3.0,0,1
8204,organic,control,4,19.1,0,0
22826,organic,treatment,5,2.3,0,1
1784,cpa,control,7,2.4,1,0
10149,organic,treatment,2,13.6,1,0
12599,influencer,treatment,8,2.4,0,1
34752,ctx_brand,control,1,22.7,0,0
12445,ctx_brand,control,10,5.6,0,0
27,influencer,control,4,15.3,0,0
7668,ctx_brand,treatment,5,9.2,0,1
24494,influencer,control,6,4.9,0,1
33244,organic,control,6,3.3,1,1
28182,ctx_brand,control,7,9.0,0,0
25357,influencer,treatment,5,8.2,0,0
32238,ctx_category,control,6,5.9,0,0
33985,organic,control,6,7.2,0,1
27586,organic,treatment,7,7.9,0,1
14746,organic,treatment,9,7.1,0,1
7210,ctx_category,treatment,4,9.1,0,1
39205,social,control,7,5.0,0,1
6996,ctx_category,treatment,8,4.6,0,1
31546,organic,treatment,6,9.6,1,1
19438,cpa,control,6,8.2,0,1
2970,organic,treatment,2,17.0,0,0
626,organic,control,7,6.3,0,1
35326,organic,treatment,7,6.6,0,1
38476,ctx_brand,control,1,19.5,1,0
10413,ctx_brand,treatment,6,2.0,0,0
29637,ctx_brand,control,5,8.2,0,1
37579,organic,treatment,7,4.5,0,1
12927,organic,control,2,22.1,0,0
4884,ctx_category,control,5,5.9,0,1
31126,organic,treatment,6,4.0,0,0
4683,organic,treatment,5,3.0,0,0
5203,cpa,control,5,2.8,1,0
34849,organic,treatment,2,13.7,1,0
29207,ctx_brand,treatment,7,8.1,1,1
33473,ctx_category,treatment,5,10.1,1,0
16570,organic,control,6,7.1,0,1
15913,ctx_category,treatment,7,10.7,0,1
8022,organic,treatment,1,31.2,0,0
35711,ctx_category,control,9,7.6,0,1
33144,organic,treatment,3,20.3,0,0
17589,ctx_category,control,6,7.4,0,1
22577,organic,treatment,6,4.7,0,1
25940,ctx_category,treatment,6,2.8,0,1
35852,organic,control,5,14.1,1,0
6690,social,control,10,2.4,1,1
25472,organic,treatment,9,10.1,0,1
14004,organic,control,6,7.4,1,0
38137,social,control,6,5.9,0,0
34048,organic,treatment,9,4.1,0,1
37486,organic,control,7,3.1,0,1
13620,organic,control,4,14.1,0,0
4842,cpa,treatment,5,24.8,1,0
21898,organic,control,1,26.3,0,0
17262,organic,control,7,11.9,0,1
1746,social,control,6,3.1,1,1
28998,ctx_category,treatment,11,9.7,0,1
17118,influencer,treatment,5,3.6,0,0
33896,influencer,control,1,22.7,0,1
25107,organic,treatment,2,19.6,0,0
8034,organic,control,2,20.5,0,0
13187,ctx_category,control,5,1.8,1,0
20845,ctx_brand,treatment,7,4.2,0,1
36509,social,treatment,1,23.6,0,0
28001,organic,control,6,8.7,0,1
780,ctx_category,control,7,8.5,0,1
16805,tv,control,6,10.3,0,0
29664,organic,control,2,26.5,0,0
13793,influencer,control,5,4.3,0,1
28592,ctx_category,treatment,2,17.4,1,0
21118,organic,control,1,19.5,1,0
24834,ctx_brand,control,7,8.2,0,0
9056,ctx_category,treatment,2,17.9,0,0
14152,organic,control,7,3.7,0,0
31136,organic,control,5,17.8,0,0
32655,influencer,treatment,4,14.0,0,1
35236,social,treatment,6,6.6,0,1
2488,organic,treatment,2,20.2,0,0
11320,organic,treatment,5,12.3,0,1
13127,ctx_brand,treatment,1,21.8,0,0
23491,social,control,2,16.1,0,0
15780,influencer,control,6,7.7,0,1
24365,ctx_category,control,6,2.3,0,0
951,organic,control,5,11.6,0,0
10184,organic,control,3,10.9,0,1
35359,tv,treatment,6,1.5,0,1
11894,organic,treatment,6,6.1,0,1
31530,social,control,5,22.0,0,0
18097,ctx_category,control,6,5.3,0,1
26638,organic,control,5,4.5,0,1
4180,social,treatment,8,8.5,1,1
3138,ctx_brand,treatment,7,11.4,0,1
20479,cpa,control,6,3.8,0,1
38328,organic,control,6,5.3,0,0
23086,cpa,control,6,4.5,0,0
30435,organic,control,5,4.4,0,1
23236,organic,treatment,7,7.4,0,0
7698,influencer,treatment,2,20.4,0,0
8960,organic,treatment,5,1.0,0,0
17261,ctx_brand,treatment,1,25.1,0,0
10880,organic,control,4,16.8,0,0
23399,organic,control,7,7.1,0,0
24056,organic,treatment,4,17.9,0,0
15053,influencer,control,5,4.0,0,0
22323,cpa,treatment,5,3.3,0,1
31313,organic,treatment,6,2.8,0,1
25862,organic,control,3,18.9,1,0
21083,organic,treatment,7,3.9,0,0
11882,ctx_brand,control,8,9.1,0,0
4715,social,treatment,7,4.2,1,1
25945,organic,treatment,2,10.3,0,1
31082,organic,control,6,10.4,0,1
15121,organic,control,5,8.7,0,0
25363,organic,control,4,10.6,1,0
8827,organic,treatment,6,6.7,0,1
26842,ctx_brand,treatment,4,14.6,0,0
36570,organic,control,1,24.2,1,0
32696,organic,treatment,6,5.2,0,0
27997,organic,treatment,7,6.3,0,1
15952,ctx_category,control,2,23.4,0,0
1232,organic,control,6,5.2,0,1
20030,organic,control,2,17.6,0,0
26890,tv,control,12,6.7,0,1
15375,social,control,7,4.3,0,0
6636,organic,treatment,5,5.4,1,1
25671,organic,control,1,24.1,0,0
20903,ctx_category,treatment,7,7.3,0,0
25481,organic,treatment,2,20.2,1,0
2018,organic,control,6,5.2,0,0
20307,social,treatment,7,3.6,0,0
4391,organic,treatment,5,10.6,0,1
28316,organic,treatment,1,16.2,0,0
11326,ctx_category,treatment,5,4.0,0,1
10113,social,treatment,5,4.2,0,1
17831,ctx_brand,control,6,7.6,0,0
28535,social,treatment,8,8.7,0,0
7721,organic,treatment,5,4.0,0,0
17684,social,control,4,20.4,0,0
3835,tv,treatment,3,18.4,0,1
23325,organic,treatment,6,5.0,0,0
39510,cpa,control,3,17.4,0,0
29347,ctx_brand,control,7,5.0,0,1
18510,organic,treatment,7,6.6,0,1
16979,organic,control,1,26.9,0,0
411,organic,treatment,8,3.4,0,1
3975,ctx_category,treatment,6,9.4,0,1
36659,tv,control,7,1.0,0,1
12940,cpa,treatment,3,27.9,1,0
27477,organic,control,3,16.7,0,0
22068,influencer,control,4,12.0,1,0
31475,organic,control,3,24.4,0,0
36107,ctx_brand,control,5,3.3,0,0
10020,organic,control,7,5.3,1,0
17750,organic,control,8,5.8,0,1
36858,ctx_category,control,7,5.8,0,0
12225,organic,treatment,9,8.6,0,1
8676,ctx_category,control,6,1.1,0,0
24879,organic,control,3,16.6,0,0
12585,organic,treatment,2,16.0,0,0
19084,influencer,treatment,5,8.9,0,1
15645,organic,treatment,7,3.6,0,0
6583,influencer,control,2,21.2,1,0
27153,influencer,treatment,3,20.3,0,0
10352,ctx_category,treatment,3,15.8,0,0
32879,organic,control,7,7.7,0,1
9427,organic,treatment,7,3.9,0,0
7193,ctx_brand,control,5,9.4,0,1
21406,ctx_category,treatment,6,4.3,0,1
23672,organic,control,5,7.3,0,0
15009,organic,treatment,7,4.9,0,1
8352,organic,treatment,3,19.9,0,0
24144,tv,treatment,8,9.6,0,1
22937,organic,treatment,5,9.8,1,0
13859,social,treatment,3,15.3,0,0
17216,organic,control,7,3.8,1,0
14145,organic,control,7,4.4,0,1
19989,ctx_brand,control,1,24.8,0,0
15148,influencer,treatment,6,8.2,0,1
38319,organic,treatment,3,8.7,0,1
38764,organic,treatment,7,4.8,0,1
27114,organic,control,6,5.6,0,1
13329,ctx_brand,control,4,24.2,1,0
23489,ctx_category,treatment,1,22.1,0,0
4817,ctx_category,treatment,5,15.1,0,0
17937,organic,treatment,6,4.0,0,0
16715,ctx_brand,control,6,9.6,0,0
30454,ctx_category,control,2,28.7,0,0
9588,organic,control,1,16.6,0,0
3946,ctx_category,treatment,7,13.1,0,0
7101,organic,treatment,5,1.6,0,1
19506,cpa,control,1,22.9,0,0
37195,organic,control,4,16.1,0,0
23587,ctx_brand,treatment,6,1.9,0,0
34944,organic,control,6,9.0,0,1
509,organic,control,6,6.2,0,0
5119,influencer,control,6,7.1,0,0
22989,influencer,treatment,3,18.2,0,0
20480,organic,control,6,3.2,0,1
1092,ctx_category,control,8,7.2,0,1
17356,cpa,treatment,6,10.7,1,0
3562,ctx_brand,treatment,7,3.5,1,1
29772,organic,treatment,3,12.2,0,0
23938,organic,control,5,7.5,0,1
3981,cpa,treatment,5,15.6,0,0
8092,ctx_category,control,6,6.8,0,0
8734,ctx_brand,control,3,20.7,0,0
33508,organic,control,6,4.9,0,0
20945,ctx_brand,treatment,8,5.4,0,1
8951,influencer,treatment,5,7.4,0,0
38958,ctx_brand,treatment,4,11.9,0,1
65,social,control,3,13.0,1,0
21626,organic,control,2,24.6,0,0
17195,organic,treatment,3,17.3,0,0
16340,organic,control,6,14.7,0,1
13089,organic,treatment,5,5.2,0,1
12226,ctx_category,control,4,18.5,0,0
17123,ctx_category,treatment,6,2.4,0,1
2062,organic,control,6,10.2,0,0
35050,organic,control,3,14.9,0,1
4179,organic,treatment,7,8.4,1,1
27910,organic,treatment,5,6.1,0,1
8078,organic,treatment,6,5.0,1,1
22797,organic,control,5,6.6,0,0
34386,social,treatment,6,6.3,1,0
6275,tv,control,6,6.5,0,1
24032,ctx_category,control,5,4.2,0,1
14138,ctx_brand,treatment,1,20.5,0,0
24520,ctx_category,control,7,7.9,0,1
13312,organic,treatment,6,5.5,0,1
39852,ctx_category,treatment,7,5.1,0,1
28682,organic,control,6,9.7,0,1
35761,organic,control,6,4.5,0,0
20360,tv,control,2,22.3,0,0
36617,organic,control,4,23.0,0,0
25871,ctx_brand,control,3,15.3,0,0
21035,ctx_category,treatment,6,5.6,1,1
7441,organic,control,4,13.1,0,1
3414,influencer,control,6,2.1,0,1
28299,influencer,treatment,3,9.1,0,1
8659,organic,control,6,10.5,0,0
30715,organic,control,4,11.9,0,0
604,organic,treatment,6,5.6,0,1
37990,organic,treatment,2,22.9,0,0
17159,organic,treatment,6,10.8,0,1
10262,tv,control,5,13.4,0,0
26279,organic,treatment,7,6.6,0,1
12710,ctx_brand,treatment,9,4.9,0,0
17059,cpa,treatment,2,17.8,0,0
31780,ctx_brand,control,6,3.1,0,1
12626,organic,control,6,6.0,0,1
820,organic,control,7,2.3,0,0
1468,social,control,2,21.2,0,0
4553,cpa,treatment,9,8.4,0,0
203,organic,control,5,4.8,1,1
28813,ctx_category,treatment,6,5.8,1,1
1308,organic,treatment,1,18.7,0,0
29343,organic,control,7,4.1,0,0
37909,organic,treatment,1,22.8,1,0
26350,organic,control,5,16.7,0,0
31390,social,treatment,6,4.9,0,1
34184,organic,control,4,19.9,1,0
7942,organic,control,9,4.6,0,1
7202,social,treatment,1,22.2,0,0
9287,tv,treatment,3,13.2,0,0
27437,influencer,control,7,6.2,0,1
27083,ctx_brand,treatment,7,7.8,0,0
25456,organic,control,1,22.6,0,0
31049,ctx_category,treatment,8,2.5,0,0
34419,organic,treatment,5,21.4,0,0
37377,organic,treatment,6,15.3,0,1
6791,influencer,treatment,2,16.7,0,0
16109,organic,control,4,16.4,0,1
9439,organic,treatment,7,2.9,0,0
26308,ctx_category,treatment,7,8.2,0,1
19758,influencer,control,2,10.6,0,0
9980,organic,control,1,19.3,0,0
29967,organic,control,3,18.6,0,0
29791,organic,control,6,7.2,0,1
21415,ctx_category,treatment,4,19.4,0,0
2701,ctx_brand,treatment,2,13.7,1,1
12731,ctx_brand,treatment,3,20.9,0,0
28714,organic,treatment,3,22.0,0,0
25081,organic,treatment,5,13.5,0,0
20856,organic,control,4,21.2,1,1
21649,influencer,treatment,7,6.5,0,1
17423,organic,treatment,7,2.1,0,1
10290,social,treatment,7,9.6,0,1
35213,cpa,treatment,4,19.9,1,0
18853,organic,treatment,6,4.7,0,0
32144,influencer,control,6,5.6,0,1
492,organic,treatment,2,19.9,1,0
9048,cpa,control,5,1.6,1,0
28376,organic,control,5,20.9,0,0
18522,organic,control,4,24.1,0,0
1462,influencer,control,4,21.1,0,0
35710,organic,control,8,2.8,0,1
37489,ctx_category,control,7,1.0,0,1
24644,tv,treatment,3,18.4,0,0
23779,ctx_brand,treatment,1,24.4,0,0
35144,ctx_brand,control,3,21.9,1,0
25936,organic,treatment,1,23.1,1,0
17259,organic,treatment,6,7.1,0,0
36290,ctx_category,control,6,7.1,0,1
35680,organic,control,3,22.4,0,0
33660,ctx_brand,control,3,19.7,0,0
18978,ctx_brand,treatment,3,23.2,0,0
6385,influencer,treatment,5,6.2,0,0
19806,social,control,6,10.8,0,1
3682,organic,control,7,8.0,0,0
23492,social,treatment,5,6.2,0,1
28650,ctx_brand,treatment,6,3.8,1,0
24555,ctx_brand,treatment,8,7.2,0,1
38697,ctx_brand,treatment,5,2.8,1,0
14454,organic,treatment,7,15.7,0,1
10805,organic,treatment,5,8.4,1,0
4564,organic,control,4,14.5,0,1
19949,influencer,control,1,18.5,0,0
9647,organic,control,5,5.8,0,1
11063,organic,treatment,6,4.4,0,0
19840,organic,control,7,9.6,1,1
5231,ctx_brand,control,8,6.5,0,1
36337,organic,treatment,1,23.7,0,0
22623,organic,control,5,2.7,0,0
30120,ctx_brand,control,4,20.1,0,0
15977,organic,control,6,4.4,0,1
26219,influencer,treatment,3,13.6,0,0
23181,influencer,control,5,8.9,0,0
1909,organic,control,2,23.8,0,0
24928,ctx_category,treatment,6,5.3,0,0
22858,ctx_category,control,8,4.2,0,0
35615,cpa,control,6,10.3,1,0
39607,influencer,control,5,4.1,0,0
13233,tv,control,5,3.3,1,1
21215,social,treatment,5,3.3,0,1
38826,organic,control,7,12.0,0,1
28483,organic,control,3,14.8,0,0
13039,ctx_category,control,3,21.5,0,0
34074,cpa,treatment,7,3.0,1,0
18826,cpa,treatment,6,3.7,1,1
31373,organic,treatment,3,21.6,0,0
25141,organic,treatment,5,7.5,0,1
16903,social,treatment,6,6.7,0,1
38347,influencer,treatment,2,14.4,0,0
6270,organic,control,4,22.2,0,0
1559,organic,treatment,5,8.8,0,0
90,organic,control,8,5.1,0,1
6301,organic,treatment,4,24.5,1,0
29068,organic,treatment,5,7.4,0,0
22411,organic,treatment,11,4.7,0,1
30583,organic,control,3,9.3,0,0
34410,ctx_brand,treatment,7,6.9,0,1
15966,organic,control,5,20.1,0,0
24164,organic,control,3,24.8,0,0
39349,organic,control,3,10.5,0,0
24161,social,treatment,2,12.8,1,1
29379,social,treatment,5,13.6,0,0
32189,influencer,control,3,21.8,0,0
20566,organic,control,2,21.2,0,0
28641,organic,treatment,6,10.7,0,0
29677,organic,treatment,6,4.6,0,1
9960,ctx_category,treatment,2,14.8,1,1
4886,social,treatment,9,9.0,1,1
39970,organic,treatment,6,4.5,0,1
28997,cpa,treatment,6,1.0,0,0
19011,organic,treatment,5,1.3,0,1
24293,organic,treatment,5,3.1,0,1
4123,organic,treatment,7,2.1,0,1
24241,ctx_category,control,3,15.5,0,0
26991,ctx_category,control,1,19.4,0,0
8046,organic,control,2,14.5,0,0
26704,ctx_brand,treatment,6,14.0,0,0
4917,cpa,control,6,16.9,1,0
32935,social,control,3,21.2,0,0
32790,organic,control,6,8.0,0,1
30995,ctx_category,treatment,5,6.1,0,1
19302,cpa,control,7,10.0,0,1
4346,organic,control,2,17.1,0,0
38998,organic,treatment,2,19.2,0,0
38875,organic,treatment,2,19.0,0,0
28290,cpa,treatment,6,12.5,0,1
17456,ctx_brand,treatment,7,8.4,0,1
29025,ctx_category,control,7,1.5,0,0
8955,organic,control,5,9.5,1,1
39924,organic,treatment,6,4.7,0,1
38113,organic,control,4,22.7,0,0
1930,organic,control,9,7.3,0,0
33648,organic,treatment,5,5.6,0,0
942,organic,control,5,8.1,1,1
12547,organic,treatment,5,2.1,0,0
9023,social,control,6,8.4,0,1
29694,organic,treatment,6,5.0,0,1
11887,organic,control,6,6.7,1,1
2869,organic,treatment,6,2.6,0,1
8703,organic,treatment,7,9.5,0,0
36115,ctx_brand,control,6,9.9,0,0
14705,influencer,treatment,7,9.8,0,0
17100,ctx_brand,control,6,5.2,1,0
29405,cpa,treatment,5,12.3,1,0
22247,influencer,control,8,4.4,0,0
15193,social,control,5,8.6,0,0
20578,organic,treatment,6,6.8,0,0
21751,organic,control,5,3.6,0,0
18230,cpa,control,3,17.4,0,0
16782,cpa,control,7,8.1,0,1
32438,organic,control,4,12.6,0,0
6378,organic,control,2,18.5,0,0
13729,organic,control,6,8.9,0,1
24735,social,treatment,2,20.4,1,0
31658,organic,treatment,3,17.6,0,0
7897,organic,control,8,9.7,0,0
1195,ctx_category,treatment,8,4.3,0,1
35860,tv,control,10,4.6,0,1
21933,organic,treatment,4,14.3,0,0
13371,organic,control,6,7.7,0,0
19420,organic,control,5,6.2,0,0
2650,organic,treatment,8,3.0,0,1
6683,organic,treatment,6,7.7,0,1
35835,organic,treatment,6,7.3,0,0
30047,organic,treatment,6,7.7,0,1
39785,organic,treatment,3,17.5,1,0
11554,organic,treatment,3,14.4,0,0
5220,organic,treatment,1,19.5,1,0
19275,organic,treatment,6,3.5,0,0
29538,ctx_category,treatment,6,9.6,1,1
5132,organic,treatment,7,2.0,0,1
33971,cpa,control,7,4.9,0,0
36017,ctx_brand,treatment,6,7.9,0,1
30273,organic,control,2,7.5,0,0
7310,social,treatment,1,17.9,1,0
4480,ctx_brand,treatment,5,4.9,0,1
23041,ctx_category,treatment,5,5.3,1,0
31171,ctx_category,treatment,8,5.3,0,1
23954,ctx_brand,treatment,1,26.9,0,0
6357,organic,control,6,8.1,1,0
7684,ctx_brand,treatment,7,5.7,0,1
34160,organic,control,6,8.4,0,0
16343,organic,treatment,7,2.9,1,1
19624,ctx_brand,control,5,6.9,0,1
9291,organic,treatment,4,12.0,0,0
10351,ctx_category,treatment,4,10.1,0,1
4295,ctx_category,treatment,2,18.3,0,0
25925,cpa,treatment,5,8.0,1,0
5764,organic,control,6,3.5,0,0
10294,ctx_category,control,8,7.6,0,1
22698,organic,control,6,2.0,0,0
8847,organic,control,1,18.1,0,0
25254,ctx_category,control,5,6.9,0,1
18446,ctx_brand,treatment,7,4.0,1,0
17114,organic,treatment,2,18.6,0,0
31880,organic,treatment,5,5.8,0,1
18336,social,control,4,19.7,0,0
36371,organic,treatment,5,4.7,0,0
10648,ctx_category,control,1,18.8,0,0
20859,ctx_brand,treatment,8,6.0,0,0
14435,organic,control,6,8.0,0,1
10560,ctx_brand,control,9,4.0,0,0
29069,ctx_brand,treatment,7,15.9,0,1
24152,cpa,treatment,5,5.9,0,0
16839,ctx_category,control,7,9.5,0,0
39859,influencer,treatment,5,4.6,0,0
2658,organic,control,7,9.4,0,1
39575,cpa,treatment,6,7.5,0,0
19235,ctx_brand,treatment,3,17.9,0,1
14578,ctx_category,treatment,2,11.9,0,0
2474,social,control,6,2.6,1,1
18529,organic,treatment,8,7.4,0,1
18054,ctx_brand,control,6,6.8,0,1
39799,ctx_category,control,6,6.1,0,0
31123,social,treatment,9,3.4,0,1
12535,ctx_brand,treatment,6,1.0,0,1
2452,organic,treatment,2,22.8,0,0
34538,social,treatment,2,15.3,0,1
19233,social,treatment,7,7.8,0,1
22008,organic,control,8,4.7,0,0
33017,organic,treatment,4,22.2,0,0
18389,ctx_brand,control,1,24.6,0,0
25292,organic,treatment,1,25.4,0,0
35864,ctx_brand,control,6,2.0,0,1
6186,ctx_category,treatment,2,14.5,0,0
1678,ctx_brand,treatment,4,13.2,0,0
32052,ctx_brand,control,5,1.4,0,0
10019,influencer,control,2,8.1,1,0
19859,tv,treatment,5,4.7,1,1
2198,organic,control,5,15.5,0,0
24108,organic,control,6,8.4,0,1
38742,ctx_brand,control,6,8.4,0,1
17098,ctx_category,treatment,2,14.9,1,0
9270,organic,control,6,6.9,0,1
36208,ctx_category,control,5,7.3,0,1
3978,tv,treatment,9,7.0,0,0
34222,cpa,control,7,7.4,0,0
16524,organic,control,2,16.0,0,0
17585,organic,treatment,2,18.8,0,0
20085,ctx_brand,treatment,5,8.2,0,0
28231,influencer,control,6,6.5,0,0
21887,organic,treatment,10,5.2,0,0
19353,ctx_brand,treatment,1,17.5,0,0
33788,organic,treatment,5,5.3,0,1
17309,ctx_category,treatment,7,5.6,0,1
38130,organic,control,6,10.3,0,1
26720,ctx_brand,treatment,6,4.8,0,0
1726,organic,control,1,20.8,0,0
8977,organic,control,6,4.2,0,0
8017,ctx_brand,treatment,2,15.7,0,0
129,organic,treatment,9,4.5,1,1
36406,ctx_category,treatment,5,5.7,0,1
24356,ctx_brand,control,5,8.1,0,0
36614,social,control,5,20.6,0,0
10365,ctx_category,control,3,16.0,0,0
13424,social,treatment,2,16.7,0,0
16999,tv,control,8,3.7,0,1
1887,organic,control,6,5.8,0,1
16084,ctx_brand,control,7,11.1,0,1
10322,ctx_category,control,9,9.5,0,1
4305,ctx_brand,control,6,12.5,0,1
27010,ctx_brand,treatment,7,10.0,0,1
15706,organic,control,8,4.6,0,1
4429,organic,control,5,2.6,0,1
25074,organic,treatment,7,5.1,1,1
33267,organic,treatment,6,3.8,1,0
25663,social,treatment,3,14.9,1,1
13553,organic,control,3,19.7,0,0
21190,organic,treatment,5,7.9,0,1
12340,ctx_brand,treatment,6,9.4,0,1
33132,ctx_brand,treatment,6,6.4,0,1
6834,influencer,control,1,15.1,0,0
31157,organic,control,6,8.3,0,0
27943,organic,control,6,5.5,0,1
5820,influencer,control,6,7.3,0,0
6963,cpa,treatment,5,17.9,0,1
34297,organic,treatment,4,13.4,0,0
27088,organic,control,8,7.5,0,0
250,organic,control,5,4.3,0,0
5472,organic,treatment,6,3.4,1,0
39810,organic,control,5,12.1,0,1
4995,social,control,7,5.0,0,1
7636,organic,control,5,11.8,0,1
880,organic,treatment,2,20.6,0,0
14054,cpa,control,6,6.3,0,1
2122,ctx_brand,control,4,22.5,0,0
2145,influencer,treatment,9,6.7,0,1
28800,ctx_brand,treatment,6,7.1,0,1
9154,ctx_brand,treatment,3,14.8,0,1
12441,organic,treatment,9,6.2,0,1
826,social,control,7,1.0,0,1
31516,ctx_brand,treatment,6,10.0,0,1
27507,organic,treatment,2,10.7,0,1
32960,social,control,2,22.8,0,0
30042,organic,control,7,1.8,0,0
15718,organic,treatment,8,7.9,0,0
12163,influencer,control,7,2.1,0,1
31314,ctx_category,treatment,3,20.3,0,1
22910,organic,treatment,3,24.4,0,0
38908,organic,treatment,1,23.6,0,0
25501,ctx_category,treatment,7,2.6,0,1
16305,social,control,4,27.4,0,0
5323,ctx_brand,control,6,10.0,0,0
7864,ctx_category,treatment,6,9.5,0,0
3320,organic,treatment,6,5.1,0,1
25734,organic,control,2,18.6,0,0
12394,social,control,5,8.6,0,1
39977,organic,treatment,5,3.5,0,1
19981,organic,control,6,8.0,0,0
21919,ctx_brand,treatment,5,3.3,1,1
21676,ctx_brand,treatment,3,18.1,0,0
3056,social,control,6,10.0,1,1
20675,tv,control,1,17.1,0,0
11186,social,treatment,5,23.6,1,0
15413,organic,treatment,3,16.2,0,0
3652,ctx_category,control,7,2.0,1,1
2967,organic,control,8,8.9,0,1
26444,organic,treatment,2,21.1,0,0
35681,ctx_brand,control,8,3.5,0,0
25188,organic,treatment,6,3.9,0,1
10672,organic,treatment,2,16.9,0,0
29587,organic,treatment,2,14.5,0,0
20413,organic,control,4,17.3,0,0
1805,ctx_brand,control,9,6.0,0,0
26069,ctx_brand,treatment,5,7.7,0,1
32483,organic,treatment,6,1.8,0,0
24286,organic,treatment,6,4.7,1,0
26169,organic,treatment,6,1.8,0,0
7420,organic,control,2,23.6,0,0
37001,ctx_category,treatment,6,1.5,0,0
20954,ctx_brand,control,6,3.5,0,0
22750,ctx_brand,control,3,22.6,0,0
30638,organic,control,2,18.4,0,0
14465,ctx_brand,treatment,4,25.5,0,0
29396,organic,treatment,2,19.9,0,0
11169,organic,control,7,3.9,1,0
20162,organic,treatment,1,21.7,0,0
35905,ctx_brand,treatment,6,9.1,0,0
8424,ctx_brand,control,6,8.5,0,1
7558,organic,control,2,18.8,0,0
17273,organic,treatment,4,11.9,0,1
21445,tv,control,5,7.6,0,0
18243,social,control,1,20.9,0,0
7570,organic,control,7,3.8,0,1
1188,cpa,control,5,1.9,1,1
19656,organic,control,3,16.2,0,0
1058,organic,treatment,6,8.8,0,0
31687,organic,control,4,17.5,1,0
29692,organic,treatment,2,6.3,0,1
23713,social,control,5,10.4,1,1
6650,organic,treatment,3,10.6,0,0
8529,ctx_brand,control,5,7.1,0,1
37050,ctx_brand,control,7,6.8,0,0
619,cpa,control,9,3.2,0,1
19714,influencer,control,5,9.2,0,0
5076,cpa,treatment,3,24.1,0,1
28932,organic,treatment,2,26.9,0,1
1108,organic,control,8,5.0,0,1
32708,organic,control,8,4.6,0,1
10455,organic,control,3,24.3,0,0
23180,ctx_brand,treatment,6,10.8,0,1
38698,ctx_brand,treatment,2,24.9,0,0
13971,ctx_category,treatment,5,9.5,0,0
37393,organic,control,5,17.2,0,0
16202,ctx_category,treatment,7,9.6,0,0
15812,organic,treatment,6,2.7,0,0
20265,ctx_brand,treatment,7,5.9,0,0
11178,organic,control,5,14.1,0,0
16629,social,treatment,5,4.7,0,1
36548,organic,treatment,4,16.4,0,0
30413,organic,treatment,6,8.4,1,1
24973,ctx_brand,treatment,10,1.0,0,0
32945,tv,treatment,3,20.9,0,0
39583,organic,treatment,5,6.5,0,1
5342,ctx_brand,control,5,8.2,0,1
5830,social,control,7,3.0,1,0
24597,organic,control,5,15.2,0,0
33280,organic,control,7,9.2,0,1
10517,organic,treatment,6,2.0,0,1
22565,cpa,treatment,5,7.0,1,0
29778,influencer,control,6,12.9,0,0
31755,organic,control,5,4.0,0,1
13544,ctx_category,treatment,4,11.9,0,1
23006,social,control,6,4.5,0,1
22963,social,treatment,3,18.6,0,1
23626,ctx_brand,control,3,21.5,0,0
156,social,control,5,4.8,1,0
6412,ctx_brand,control,7,2.2,0,1
6667,organic,treatment,5,11.8,0,1
8916,cpa,treatment,6,7.7,0,0
26889,ctx_category,control,7,1.0,0,1
11235,influencer,control,6,11.3,0,1
722,ctx_category,control,6,8.4,0,0
15581,organic,control,8,4.7,0,0
24029,organic,treatment,5,7.6,0,1
35248,tv,control,2,15.4,0,0
11816,ctx_brand,treatment,3,19.1,0,0
9098,organic,treatment,6,7.5,0,1
19132,organic,treatment,6,6.8,1,0
6170,cpa,treatment,8,5.7,0,0
6457,tv,control,4,14.1,0,1
21958,ctx_brand,control,6,4.8,1,1
36925,organic,treatment,3,24.4,0,0
28740,organic,treatment,6,5.0,0,0
29191,organic,control,5,3.1,0,0
15300,organic,treatment,4,12.7,0,0
25881,social,treatment,7,6.8,1,0
38819,organic,control,3,14.0,0,0
17734,organic,control,6,8.2,0,0
38107,influencer,control,5,9.9,0,1
12437,tv,control,6,10.5,0,1
8281,ctx_brand,treatment,2,15.4,0,1
26503,organic,control,8,9.2,0,0
23803,organic,control,3,18.2,0,1
6215,ctx_category,treatment,8,3.5,0,0
3632,ctx_category,control,6,3.6,0,1
39227,cpa,treatment,2,22.8,0,0
21019,influencer,control,6,5.9,0,1
33408,organic,treatment,6,9.9,0,1
25521,ctx_brand,treatment,2,25.4,0,0
886,social,treatment,5,4.7,0,1
7131,influencer,treatment,7,7.2,0,1
8350,ctx_category,treatment,2,17.4,0,0
17880,organic,treatment,5,6.5,0,1
18110,ctx_category,treatment,5,18.1,1,0
27369,organic,treatment,7,8.1,0,1
16123,organic,control,3,14.3,0,0
13059,organic,control,7,2.5,0,1
672,ctx_category,control,6,9.1,1,1
15697,organic,control,6,7.0,0,1
20721,organic,control,9,1.0,0,0
32885,influencer,treatment,2,13.1,0,1
23878,organic,control,1,26.2,0,0
28710,ctx_category,treatment,6,3.9,0,1
32958,organic,control,7,5.6,0,0
39186,ctx_brand,treatment,3,20.1,0,0
25562,organic,control,6,7.8,0,1
8804,social,control,6,4.8,1,0
16589,ctx_brand,control,4,18.7,0,0
37161,organic,control,7,1.4,0,1
38681,ctx_category,control,5,9.3,0,1
34139,influencer,control,7,6.1,0,1
13375,organic,control,6,6.5,0,1
37636,ctx_category,control,4,23.1,1,0
37769,tv,control,2,14.9,1,0
32676,organic,treatment,1,22.8,0,0
28273,tv,control,6,2.6,0,1
26004,ctx_brand,treatment,6,5.0,0,1
19036,organic,control,7,1.2,0,1
16887,organic,control,5,5.3,0,1
18548,organic,control,5,3.3,1,0
3680,ctx_brand,control,5,14.5,0,0
15204,ctx_category,control,6,3.1,0,1
8291,ctx_category,treatment,7,8.6,0,1
21439,organic,control,4,16.9,0,0
10046,ctx_brand,treatment,9,9.9,0,0
16105,cpa,treatment,2,18.7,0,0
12105,organic,control,3,19.1,0,0
3363,organic,treatment,5,4.7,1,1
3748,influencer,treatment,7,3.7,0,1
5564,ctx_category,treatment,6,4.6,0,0
13105,influencer,treatment,2,13.6,0,1
36399,ctx_brand,treatment,2,11.2,0,0
18573,ctx_brand,control,2,15.4,0,0
34058,ctx_brand,treatment,7,1.0,0,0
11269,tv,treatment,9,2.6,0,1
19962,influencer,treatment,1,18.4,0,0
15434,influencer,treatment,6,6.5,0,1
38213,organic,treatment,7,1.5,0,0
19793,organic,treatment,7,4.9,0,1
30438,influencer,treatment,3,18.9,0,0
16336,ctx_category,control,6,8.9,1,1
21075,ctx_brand,control,4,19.6,0,0
30983,ctx_category,treatment,8,7.8,0,1
9703,ctx_category,treatment,5,4.2,1,1
38579,ctx_brand,treatment,3,23.0,0,0
36066,organic,treatment,3,15.5,0,1
13519,ctx_brand,control,6,10.1,0,1
13910,organic,control,6,2.0,0,1
1489,ctx_brand,control,9,2.1,0,1
15700,ctx_brand,control,5,7.9,0,1
8701,ctx_brand,control,6,3.4,0,0
5218,ctx_brand,treatment,1,23.1,0,0
13713,organic,treatment,7,8.3,0,1
32548,social,treatment,2,22.3,0,0
5588,organic,control,5,7.0,0,1
15783,cpa,treatment,6,9.5,0,0
14580,organic,control,7,3.8,0,0
16814,organic,treatment,8,4.8,0,0
6702,ctx_brand,control,7,6.3,1,0
19509,social,treatment,6,4.2,0,1
35059,ctx_category,treatment,1,19.5,1,0
1686,organic,control,7,5.3,0,0
32091,organic,treatment,2,10.5,0,1
3734,organic,control,6,8.6,0,1
471,ctx_brand,control,3,22.4,0,0
26434,organic,control,5,4.2,0,0
2293,cpa,treatment,7,8.5,0,1
18244,cpa,treatment,3,17.9,0,0
3242,organic,treatment,6,8.1,0,1
17659,organic,treatment,5,3.6,0,1
24852,ctx_category,treatment,7,9.2,0,0
10198,organic,control,4,21.3,1,0
26059,cpa,control,6,5.4,1,1
26635,ctx_brand,treatment,6,7.4,0,0
10229,ctx_category,treatment,5,9.4,0,1
13662,ctx_brand,treatment,7,13.9,0,1
20910,social,control,7,5.8,1,1
2699,social,treatment,7,5.2,0,0
39366,ctx_brand,control,3,10.9,0,0
11856,organic,control,2,20.6,0,0
11367,organic,treatment,1,20.8,0,0
32234,influencer,treatment,5,6.0,0,1
7810,cpa,control,5,3.5,0,0
15221,ctx_brand,control,5,9.7,0,1
8843,cpa,control,2,23.4,0,0
24408,ctx_brand,control,3,13.1,0,0
16827,organic,treatment,4,19.3,0,1
18371,ctx_category,treatment,5,4.5,0,1
37744,social,treatment,4,11.6,0,1
18463,organic,control,1,24.5,0,0
35817,tv,treatment,5,10.9,0,1
7089,ctx_brand,treatment,3,18.1,0,0
14474,ctx_brand,treatment,10,10.1,0,1
24090,organic,control,3,24.8,0,0
14965,ctx_brand,control,2,19.3,0,0
5678,organic,control,7,9.4,0,0
13361,ctx_category,treatment,5,7.8,0,1
35391,organic,treatment,6,5.8,0,0
26872,ctx_category,control,6,7.1,0,1
9874,cpa,treatment,5,5.1,0,1
25625,organic,treatment,7,5.6,0,0
18330,ctx_brand,control,6,11.9,0,1
19602,organic,treatment,3,21.3,0,1
26771,organic,treatment,4,12.0,0,0
32262,ctx_brand,control,2,22.8,1,0
35904,ctx_brand,treatment,5,15.6,0,0
29642,organic,treatment,6,3.8,0,1
25227,ctx_category,control,3,20.2,0,0
20398,organic,control,4,25.5,0,0
9141,organic,treatment,3,16.3,0,1
35598,social,treatment,8,5.0,0,0
7046,organic,control,4,19.1,0,0
4183,ctx_brand,control,3,19.2,0,0
39730,ctx_brand,treatment,6,2.0,0,1
13280,social,control,3,21.4,0,0
20932,ctx_category,control,7,3.4,0,0
34594,ctx_brand,treatment,3,16.0,1,0
15635,organic,control,4,23.5,0,0
32318,organic,control,8,4.6,0,1
16192,organic,treatment,6,5.1,0,0
14200,organic,control,6,7.6,0,0
13249,organic,treatment,1,24.2,0,0
9995,organic,treatment,7,6.1,0,0
5336,organic,control,4,13.8,0,0
1770,ctx_brand,control,2,25.1,0,0
4458,social,treatment,7,2.7,0,0
12464,social,treatment,7,17.2,0,1
4118,organic,control,2,22.6,0,0
2446,tv,control,5,1.6,1,0
8480,organic,treatment,7,5.6,1,0
4087,ctx_brand,control,1,18.6,0,0
12859,ctx_brand,treatment,7,2.2,0,0
33427,organic,treatment,3,17.0,0,0
2689,ctx_brand,control,7,7.6,0,0
5332,ctx_category,treatment,2,15.6,0,0
24078,organic,treatment,2,24.6,1,0
7203,ctx_category,treatment,8,3.3,0,0
5643,ctx_category,treatment,5,12.8,1,1
3998,organic,treatment,7,9.6,0,1
14760,social,treatment,6,1.6,0,0
12019,organic,control,5,4.7,0,0
28693,organic,control,6,6.3,0,1
7006,organic,control,2,24.0,0,0
19841,influencer,treatment,7,7.3,0,1
751,ctx_brand,control,6,2.4,0,1
34099,ctx_brand,control,2,18.8,0,0
9014,ctx_category,treatment,9,6.8,0,1
12299,organic,control,3,7.4,0,1
29515,influencer,control,5,17.8,0,0
29576,organic,control,5,4.5,0,0
34609,ctx_category,control,6,6.0,0,1
24233,organic,treatment,5,4.7,0,1
5249,organic,control,3,15.0,0,0
12919,ctx_category,treatment,6,17.2,1,0
31346,ctx_category,control,3,15.8,1,1
21446,ctx_brand,treatment,5,4.6,0,1
16790,organic,treatment,3,24.9,0,0
36141,ctx_brand,treatment,6,6.3,0,0
34374,social,treatment,6,6.6,0,0
21861,ctx_brand,treatment,7,6.5,0,0
20885,organic,treatment,6,4.3,0,1
178,organic,treatment,8,7.1,1,1
11468,tv,control,8,10.5,1,0
9595,ctx_category,control,2,20.3,0,0
26984,organic,treatment,7,9.6,0,1
25639,organic,control,9,4.0,0,0
27536,ctx_brand,treatment,8,7.5,1,1
23792,ctx_brand,control,4,17.7,0,0
6362,ctx_brand,treatment,8,1.0,0,1
16024,organic,control,8,9.1,0,1
2080,social,control,8,6.5,1,0
33197,ctx_category,control,3,23.0,1,0
17124,organic,treatment,9,10.4,0,0
29278,organic,control,5,13.5,0,1
3977,social,treatment,5,4.4,1,1
21121,organic,control,5,9.6,0,1
30519,organic,control,7,6.9,1,0
30379,organic,treatment,7,7.3,0,1
39988,social,control,4,17.5,1,0
13466,ctx_brand,treatment,8,3.9,0,0
37201,ctx_brand,control,3,18.6,0,0
4185,organic,treatment,7,4.2,0,0
16403,ctx_brand,control,6,6.3,0,0
4423,ctx_brand,control,7,7.2,0,0
953,organic,control,5,9.7,0,1
10486,organic,control,5,16.1,0,0
32239,cpa,treatment,5,5.0,1,0
25222,organic,treatment,2,20.2,0,0
32324,ctx_brand,control,10,4.5,0,0
32224,ctx_brand,control,6,6.2,0,0
35730,ctx_brand,control,5,9.4,0,0
29197,ctx_category,treatment,7,8.5,0,0
22336,social,treatment,4,14.2,1,0
10970,organic,treatment,6,5.9,0,1
31316,organic,treatment,5,12.5,0,1
26466,ctx_category,control,7,5.3,0,1
22945,cpa,treatment,6,3.7,0,0
34190,influencer,treatment,6,8.6,1,0
5269,ctx_brand,treatment,5,5.5,0,1
14601,organic,treatment,6,6.1,0,1
16534,organic,treatment,1,19.6,0,0
29551,organic,control,8,8.6,0,1
1598,organic,control,2,20.7,0,0
24255,social,treatment,6,8.2,0,1
20374,ctx_brand,treatment,9,5.5,1,0
33112,ctx_brand,treatment,1,17.5,0,0
21287,organic,treatment,6,13.8,1,1
19741,ctx_category,control,5,7.2,0,0
539,organic,treatment,1,24.7,0,0
13777,organic,control,5,13.2,0,1
16939,cpa,control,8,8.8,1,0
24898,ctx_category,treatment,2,19.8,0,0
12254,organic,control,7,4.0,0,0
28573,ctx_brand,control,6,1.0,0,0
19343,organic,treatment,5,9.2,1,1
9955,organic,treatment,4,14.0,0,1
3133,ctx_brand,treatment,7,4.7,0,1
7351,organic,treatment,7,5.6,1,1
40000,ctx_category,treatment,6,8.5,1,1
27432,ctx_category,treatment,8,3.4,0,1
3559,ctx_brand,treatment,6,6.0,0,1
11384,organic,control,9,3.1,0,0
9544,ctx_category,control,5,6.1,0,0
36852,organic,control,6,18.3,0,1
1978,cpa,treatment,7,14.3,0,0
22007,organic,treatment,5,8.1,0,0
14182,tv,treatment,4,22.7,0,0
35586,organic,treatment,2,20.8,0,0
1507,ctx_category,control,1,17.9,0,0
28490,organic,control,6,12.0,0,1
12671,influencer,control,8,9.2,0,1
30368,organic,control,5,8.6,0,0
32709,ctx_category,control,7,3.8,0,0
25026,organic,control,6,3.1,0,0
3613,social,treatment,6,6.6,0,1
20098,organic,treatment,5,17.9,0,0
9784,ctx_brand,treatment,5,6.1,0,0
3387,ctx_brand,control,3,24.2,0,0
8871,cpa,control,6,8.5,0,0
35033,cpa,control,7,1.0,0,0
13958,organic,treatment,5,7.1,0,0
23229,social,control,1,20.1,1,0
26367,organic,control,6,12.2,0,0
35355,ctx_category,treatment,7,1.3,0,0
25958,organic,control,7,2.1,0,0
29711,ctx_brand,control,7,6.9,0,1
23748,ctx_category,treatment,6,13.2,0,0
29003,ctx_category,control,2,6.0,0,0
11975,cpa,control,5,5.4,1,0
34932,organic,treatment,3,19.2,0,0
12233,organic,control,7,7.6,0,0
8555,ctx_category,control,6,3.9,0,0
12325,ctx_brand,control,1,19.1,0,1
39165,organic,treatment,5,8.2,0,0
33681,social,control,4,16.1,0,0
39072,ctx_brand,control,3,18.1,0,0
9210,organic,treatment,5,1.0,0,1
32748,organic,control,1,24.8,1,0
19854,ctx_brand,control,6,4.8,0,1
13885,influencer,control,4,24.2,0,0
4881,social,control,5,7.3,1,1
34320,organic,control,7,8.0,1,0
28651,cpa,control,5,8.1,0,1
3989,cpa,control,4,14.5,1,0
38194,tv,treatment,7,8.9,1,0
13285,ctx_brand,control,2,22.1,0,0
12699,ctx_category,treatment,5,6.0,1,0
39534,organic,control,6,7.5,0,1
18274,social,control,7,6.1,0,0
29570,organic,treatment,3,24.7,0,0
32053,ctx_category,treatment,2,19.6,1,0
36035,organic,control,5,8.0,1,1
18571,organic,treatment,2,20.5,0,0
8740,organic,treatment,5,19.3,0,0
6396,cpa,treatment,3,17.1,1,1
21961,organic,treatment,6,7.1,0,0
27157,organic,treatment,8,6.0,0,1
24214,organic,treatment,2,15.4,0,0
306,organic,treatment,2,20.9,0,0
22662,organic,control,7,10.3,0,1
7521,organic,treatment,5,14.6,0,0
3249,ctx_brand,treatment,1,21.6,0,0
10823,influencer,control,5,17.7,0,0
37961,organic,treatment,4,25.2,0,0
10209,organic,control,7,4.2,1,1
5167,organic,control,1,22.6,0,0
38816,organic,control,6,4.1,0,1
25297,influencer,treatment,3,20.4,0,0
34918,ctx_category,control,8,3.0,0,0
14991,organic,control,6,7.3,0,0
38801,ctx_category,control,5,11.8,0,0
14323,influencer,control,8,2.8,0,1
12863,organic,control,3,20.0,0,1
23891,ctx_category,treatment,5,6.5,1,1
5943,tv,treatment,5,6.4,0,1
18197,social,control,6,3.4,0,1
16819,organic,treatment,6,3.0,0,0
4491,ctx_category,treatment,3,19.6,0,0
22388,organic,treatment,2,21.7,0,0
7237,organic,control,3,11.2,1,0
9256,organic,treatment,2,22.8,0,0
18961,social,treatment,6,3.3,0,1
11346,organic,treatment,7,5.5,0,1
38467,influencer,control,2,11.4,0,0
7098,ctx_category,control,5,8.8,0,1
1287,social,treatment,8,5.0,0,1
22145,organic,control,5,12.3,0,1
38230,organic,treatment,8,8.0,0,0
37786,organic,control,5,6.0,0,1
21992,organic,treatment,6,4.6,0,1
15437,organic,control,8,4.6,0,1
14961,organic,treatment,7,21.8,0,0
11876,organic,control,4,18.4,0,0
23841,ctx_brand,treatment,5,3.4,0,1
16848,organic,control,6,1.0,1,0
27935,organic,treatment,2,16.1,0,0
36823,organic,control,8,8.4,0,0
23028,social,treatment,5,5.4,0,1
36485,ctx_category,control,6,4.2,0,1
20491,ctx_brand,treatment,4,10.1,1,0
21012,cpa,treatment,7,5.7,0,0
20423,social,control,1,19.4,0,0
7419,ctx_category,treatment,5,7.8,0,1
1682,influencer,treatment,2,20.0,0,0
30602,ctx_brand,control,10,6.0,0,0
10675,social,control,2,22.0,0,0
23075,ctx_category,control,2,17.8,1,0
29015,ctx_category,control,11,4.7,0,1
23679,ctx_category,treatment,4,24.4,0,0
38332,social,control,6,4.8,0,0
13699,organic,control,3,12.4,0,0
24137,ctx_brand,control,4,11.5,0,0
22113,organic,treatment,6,6.9,0,0
418,ctx_brand,control,9,2.6,0,1
32820,cpa,treatment,3,19.0,1,0
15333,organic,treatment,3,13.9,0,0
5000,organic,treatment,5,1.8,0,1
22402,organic,treatment,1,20.3,0,0
6052,organic,treatment,8,11.5,0,1
10513,influencer,control,6,3.0,0,0
23534,ctx_brand,control,5,8.0,1,0
8127,organic,control,9,4.9,0,1
740,ctx_category,treatment,1,22.7,0,0
27694,ctx_category,treatment,5,7.6,0,1
38712,ctx_brand,treatment,3,16.1,0,0
4637,organic,control,2,17.3,0,0
4232,ctx_category,control,5,10.9,1,0
8570,organic,treatment,2,11.1,0,1
19500,ctx_category,treatment,3,20.2,0,0
3585,organic,treatment,5,18.2,0,0
27649,ctx_brand,control,3,21.4,0,0
22957,ctx_category,treatment,3,20.1,0,0
4114,organic,treatment,5,8.4,0,0
11539,organic,treatment,8,1.0,0,0
39407,organic,control,9,2.0,0,1
5865,social,treatment,9,5.4,0,0
16626,ctx_brand,control,6,6.0,0,0
4247,ctx_category,treatment,7,9.6,0,0
4734,ctx_category,control,6,4.0,0,0
10746,organic,control,6,2.0,0,0
9883,organic,control,5,5.9,0,0
19549,influencer,control,6,4.6,0,1
14645,organic,control,2,23.9,0,0
17293,organic,treatment,5,14.1,0,0
32721,organic,control,2,13.5,0,0
2494,ctx_brand,treatment,2,17.6,0,0
37648,organic,treatment,7,4.8,0,1
27826,organic,control,5,21.5,0,0
33773,cpa,treatment,1,17.9,0,0
30035,organic,control,3,19.6,0,0
36449,organic,treatment,6,5.1,0,0
1471,organic,treatment,7,8.4,0,1
38112,organic,treatment,8,1.0,0,1
22330,organic,treatment,6,9.9,1,1
37901,social,control,3,12.3,1,0
38380,organic,control,5,2.5,0,1
21835,organic,treatment,5,3.8,0,0
20176,ctx_brand,control,3,18.8,0,0
5534,organic,treatment,5,1.0,1,0
20342,organic,control,3,27.6,0,0
30725,organic,control,2,14.9,1,0
21598,organic,control,5,6.9,0,1
28401,organic,treatment,7,3.2,0,1
27716,social,treatment,7,5.8,0,1
33420,social,treatment,4,13.4,0,0
1709,organic,control,1,17.7,0,0
4482,ctx_brand,treatment,5,10.2,0,1
25354,social,treatment,6,7.4,1,1
17245,organic,treatment,3,22.7,0,0
24127,tv,treatment,5,14.6,0,0
31643,organic,control,9,5.9,0,1
33337,ctx_brand,control,6,9.4,0,1
11964,ctx_brand,control,8,5.6,0,1
10256,social,treatment,6,3.7,0,1
23096,organic,treatment,4,26.0,0,0
7896,organic,treatment,6,5.5,0,1
23120,ctx_brand,control,6,7.6,0,1
12497,ctx_brand,treatment,3,12.7,1,1
27591,organic,control,2,17.8,0,1
13134,influencer,control,7,3.5,0,1
1167,social,control,7,5.8,0,0
37465,organic,control,5,9.6,0,0
13808,organic,control,2,23.6,0,0
37942,organic,treatment,3,17.8,0,0
38263,organic,control,6,4.5,0,1
12066,organic,treatment,6,3.6,0,0
6453,social,treatment,6,3.9,0,0
17017,organic,control,6,8.0,0,0
23606,organic,control,5,1.0,0,1
26826,ctx_category,treatment,2,12.2,0,0
22557,organic,treatment,7,3.4,0,1
24244,ctx_brand,treatment,5,8.0,0,0
4972,organic,treatment,2,12.6,0,0
16770,ctx_brand,control,6,9.5,0,1
12521,ctx_brand,treatment,5,3.2,0,1
4080,organic,control,6,8.6,0,1
20141,organic,control,4,13.0,0,0
13644,organic,control,6,6.5,0,0
13784,organic,control,6,5.1,0,1
20117,organic,treatment,7,4.2,0,0
416,ctx_brand,control,5,5.4,0,1
4921,cpa,control,7,13.9,1,0
32291,ctx_category,treatment,5,7.5,0,1
5408,ctx_brand,control,6,9.3,0,1
8568,social,control,1,15.5,0,0
25689,social,treatment,6,3.3,0,1
17258,organic,treatment,5,3.7,0,1
27472,influencer,treatment,7,1.6,0,0
2846,ctx_brand,treatment,3,20.5,0,1
878,ctx_category,control,6,7.9,0,1
19952,organic,control,6,3.4,0,0
9985,organic,control,5,5.5,0,0
13313,organic,treatment,2,26.5,0,0
5956,influencer,treatment,8,1.7,0,1
4374,ctx_category,treatment,5,11.4,1,1
23406,organic,treatment,6,9.3,0,1
39423,influencer,control,5,2.6,0,0
36539,organic,control,7,6.8,0,1
9693,organic,control,6,12.1,0,0
26993,ctx_brand,control,4,20.5,0,0
22230,ctx_category,treatment,7,2.9,0,0
23062,organic,control,7,2.6,0,1
33731,organic,control,6,6.0,0,0
9832,ctx_category,treatment,6,6.8,0,0
30479,organic,control,1,22.3,0,0
12576,influencer,control,1,24.0,0,0
34238,ctx_category,treatment,8,4.7,0,0
9069,social,treatment,7,3.0,0,0
2009,organic,treatment,6,10.1,0,0
2535,organic,treatment,7,5.1,0,0
19869,organic,control,2,18.8,1,0
8839,organic,treatment,4,19.2,1,0
35405,organic,control,5,18.6,0,0
33609,ctx_brand,control,2,22.1,0,0
25595,ctx_category,control,6,1.0,1,1
23864,organic,control,6,1.0,0,0
669,organic,treatment,9,3.3,0,1
28567,organic,control,3,18.6,0,0
17669,organic,treatment,5,2.5,0,0
15311,organic,control,7,10.4,0,1
35068,organic,treatment,8,4.8,0,0
33259,organic,treatment,2,23.6,0,0
7702,organic,treatment,7,7.7,0,0
19893,organic,treatment,8,9.5,0,0
11718,social,treatment,4,19.1,0,0
3473,organic,control,2,21.4,0,0
18677,organic,control,6,6.0,0,0
30858,organic,control,5,11.1,0,1
2827,ctx_category,treatment,5,7.1,0,1
24440,organic,control,6,8.5,0,0
7507,organic,treatment,6,6.4,0,1
30253,cpa,treatment,7,5.3,1,1
18979,organic,treatment,8,2.9,0,0
15887,ctx_brand,treatment,7,7.2,0,1
34435,organic,control,8,6.7,0,1
2571,organic,treatment,5,19.3,1,0
31629,ctx_category,control,1,23.0,0,0
31752,organic,treatment,2,19.4,0,0
14972,organic,treatment,8,7.1,1,0
4598,organic,treatment,6,6.7,0,1
24717,ctx_category,control,1,23.4,0,0
24538,organic,control,7,5.5,0,1
31233,organic,treatment,4,20.9,0,0
36210,influencer,control,2,13.5,0,0
13791,social,treatment,6,9.0,0,1
15241,organic,control,7,10.8,0,1
10102,ctx_category,treatment,8,6.1,1,0
31422,organic,treatment,1,24.5,0,0
35666,cpa,treatment,6,8.6,1,0
20137,cpa,control,5,9.3,0,1
29745,ctx_brand,treatment,6,5.4,1,1
30776,organic,control,3,11.0,0,0
12212,cpa,treatment,5,9.3,1,0
26973,organic,control,2,22.4,0,0
39479,ctx_brand,treatment,4,14.0,0,1
18520,organic,control,7,6.8,0,0
19976,organic,treatment,6,6.5,0,1
32850,ctx_brand,treatment,5,4.5,0,1
5171,ctx_brand,control,6,9.6,0,0
6877,organic,treatment,8,9.3,0,1
39703,organic,treatment,7,10.3,0,1
7532,organic,control,3,19.0,0,0
34994,organic,treatment,7,7.3,0,1
11049,organic,treatment,3,21.5,0,0
20930,cpa,control,4,10.3,0,0
36818,organic,control,4,11.6,0,0
19372,ctx_category,treatment,4,17.2,1,1
18071,organic,treatment,1,23.6,0,0
4615,ctx_category,control,2,17.2,0,0
27788,social,treatment,6,7.8,0,1
25608,organic,control,5,9.6,0,1
2543,ctx_brand,control,5,4.2,0,0
31492,organic,control,2,10.3,1,0
27996,organic,treatment,2,13.0,1,0
21652,organic,treatment,4,15.1,0,0
24945,organic,control,6,1.0,0,0
333,cpa,control,4,28.0,0,0
18881,ctx_category,control,5,12.7,0,1
19597,organic,control,6,1.0,0,1
32179,social,control,8,7.0,0,0
25095,ctx_brand,control,2,20.0,0,0
4760,organic,control,3,9.0,0,0
22898,ctx_category,treatment,4,14.7,0,1
22350,ctx_category,treatment,9,1.2,0,1
32399,organic,treatment,6,3.0,1,1
20997,organic,control,2,18.1,0,0
6787,organic,treatment,8,6.0,0,1
5388,organic,control,3,9.9,0,0
2579,ctx_category,treatment,5,8.1,0,1
27870,ctx_category,control,5,7.4,0,1
24971,organic,treatment,2,22.3,0,0
20424,ctx_category,treatment,2,15.7,0,0
25464,organic,control,2,21.2,0,0
30736,ctx_brand,treatment,3,22.5,0,0
17500,ctx_brand,treatment,6,5.6,0,1
21216,ctx_brand,treatment,8,6.7,0,1
27535,organic,control,6,8.9,0,0
17358,organic,control,9,1.0,0,0
17949,organic,treatment,6,6.4,0,1
10244,organic,treatment,2,23.4,0,0
20810,cpa,treatment,6,6.7,0,0
9076,ctx_brand,treatment,6,1.2,0,1
39983,organic,treatment,7,2.3,0,0
31062,organic,treatment,2,23.7,0,0
9762,organic,treatment,8,6.4,0,0
29839,cpa,control,6,7.9,0,0
32556,organic,control,6,2.1,0,0
7435,organic,treatment,5,22.2,0,1
19025,organic,treatment,1,22.8,1,0
37240,ctx_category,control,7,6.3,1,0
28026,organic,treatment,7,7.8,0,0
8024,ctx_category,control,6,5.2,0,1
6870,influencer,treatment,4,18.1,0,0
37313,ctx_category,control,6,8.0,0,1
26516,organic,treatment,5,5.6,0,1
36282,cpa,control,7,6.9,0,1
1580,organic,control,8,11.9,0,1
24793,cpa,control,2,16.0,0,0
37156,ctx_brand,control,7,4.1,0,1
4094,organic,treatment,8,10.2,0,0
32876,ctx_brand,control,9,7.1,0,1
31630,organic,treatment,3,15.4,0,1
443,ctx_category,control,8,3.1,0,1
21129,social,control,2,19.3,1,0
36785,organic,treatment,2,12.8,0,0
9446,ctx_brand,treatment,7,5.7,0,1
12711,ctx_category,control,5,9.5,0,0
5235,influencer,treatment,6,6.3,0,1
20088,cpa,treatment,3,24.1,1,0
27933,ctx_brand,control,4,22.2,0,0
16617,organic,treatment,5,2.7,0,0
35179,social,treatment,6,7.8,1,1
31974,social,control,6,5.1,1,0
28437,ctx_brand,control,5,6.3,0,0
28711,tv,control,1,19.0,1,0
20076,ctx_category,control,7,3.6,0,1
11891,ctx_category,treatment,6,13.8,0,1
25637,social,treatment,3,20.9,0,0
14156,organic,treatment,3,12.9,0,1
21536,cpa,treatment,4,11.3,0,0
6484,social,treatment,3,24.9,0,0
4677,ctx_brand,control,3,22.7,0,0
26639,ctx_brand,control,5,6.3,0,0
24598,organic,treatment,3,15.2,0,0
7240,organic,control,3,19.0,0,0
33541,ctx_category,treatment,3,18.0,0,0
16961,cpa,control,6,5.3,0,0
29266,ctx_brand,treatment,5,13.3,0,0
12501,ctx_brand,treatment,7,4.6,0,1
16437,organic,control,5,6.1,0,1
20393,organic,treatment,6,8.5,0,0
19691,social,treatment,6,4.4,0,1
30568,tv,control,7,9.7,0,0
21585,organic,control,5,9.3,0,0
9686,social,control,2,17.3,0,0
15903,ctx_brand,treatment,2,17.2,0,0
23396,ctx_brand,treatment,7,6.9,0,0
7757,cpa,control,8,1.7,1,1
25681,ctx_brand,control,7,4.1,0,0
29552,ctx_category,treatment,1,22.4,0,0
20335,influencer,control,5,10.2,0,0
14043,organic,treatment,7,10.7,0,0
1365,ctx_brand,treatment,7,5.3,0,1
39697,ctx_brand,treatment,7,16.0,0,0
2680,social,treatment,5,6.9,1,0
20329,organic,control,4,22.0,0,0
28973,social,treatment,6,4.3,1,0
36209,cpa,treatment,5,9.4,0,0
13205,tv,treatment,6,9.6,0,1
16842,ctx_brand,control,5,4.0,0,1
28427,ctx_brand,control,1,17.7,0,0
38215,organic,control,1,22.3,0,0
15122,ctx_brand,control,6,6.1,0,1
11691,ctx_brand,control,5,7.0,0,0
4214,ctx_brand,control,3,13.3,1,0
29476,organic,treatment,5,15.9,1,0
29856,ctx_brand,treatment,6,7.4,0,1
18549,social,control,6,2.5,0,0
22030,ctx_brand,treatment,7,1.0,0,1
25054,influencer,control,7,9.9,0,0
13834,influencer,control,6,6.3,0,0
19178,ctx_category,control,5,3.6,0,1
2014,social,control,3,24.2,0,0
1476,ctx_brand,control,6,6.5,0,0
23967,ctx_category,control,3,19.6,0,0
17276,organic,treatment,5,3.0,0,0
6399,ctx_category,treatment,2,21.8,0,0
33033,ctx_brand,treatment,8,2.6,0,1
2162,cpa,control,3,21.4,0,0
2337,tv,control,6,1.7,0,0
1883,ctx_brand,control,4,13.8,0,1
2939,organic,treatment,3,14.1,1,1
33995,ctx_category,treatment,4,12.6,0,0
2508,ctx_category,control,2,20.0,1,0
21725,organic,treatment,8,6.6,0,1
21540,ctx_brand,treatment,6,12.5,0,1
20728,cpa,treatment,5,11.2,0,0
33455,ctx_category,treatment,1,20.2,0,0
3360,organic,control,7,7.0,0,1
28754,ctx_brand,control,5,2.7,0,1
25348,organic,control,6,5.1,0,0
1705,organic,control,5,16.5,0,1
2763,organic,treatment,5,6.5,0,0
5625,organic,treatment,7,15.4,0,1
9916,ctx_category,treatment,2,21.4,0,0
26665,organic,treatment,5,20.0,0,0
35265,ctx_brand,treatment,6,6.8,0,0
5702,ctx_category,treatment,4,12.1,0,1
39021,organic,treatment,1,17.2,0,0
30922,organic,treatment,3,20.9,0,0
19604,organic,treatment,7,10.6,0,1
9655,ctx_brand,control,8,1.0,0,1
35119,organic,control,9,2.2,0,1
30872,ctx_category,control,4,17.2,1,0
5483,organic,treatment,5,7.2,0,1
26765,ctx_brand,treatment,5,6.1,0,1
4676,ctx_brand,control,3,18.5,0,1
21576,ctx_brand,control,3,16.6,0,1
29903,social,control,7,10.7,1,0
17639,organic,treatment,7,5.1,0,1
10161,organic,treatment,2,13.5,0,0
38701,ctx_brand,treatment,4,25.0,0,0
13474,tv,treatment,6,10.8,0,0
35390,ctx_brand,control,2,19.2,0,0
8780,organic,treatment,5,5.6,0,1
17511,organic,control,4,20.8,0,1
19421,ctx_category,control,3,18.4,0,0
9103,ctx_brand,control,4,21.8,1,0
14438,organic,control,6,9.4,0,0
6585,organic,treatment,5,10.7,0,0
27380,ctx_brand,treatment,10,6.3,0,0
1017,social,treatment,2,19.1,0,0
15621,ctx_brand,control,3,16.6,0,0
38235,ctx_brand,treatment,3,18.6,1,0
8609,organic,treatment,7,1.0,0,1
26232,organic,control,7,7.0,0,1
30793,organic,treatment,5,4.5,0,0
34539,ctx_category,treatment,7,7.4,0,1
27526,social,control,1,22.5,1,0
5798,ctx_category,treatment,1,18.7,0,0
39659,influencer,control,2,10.5,0,0
21447,social,control,7,4.0,1,1
15013,organic,control,7,6.8,1,0
21852,organic,treatment,4,24.1,0,0
15102,ctx_category,treatment,4,18.4,1,0
23192,organic,control,8,4.5,1,0
29994,ctx_category,control,3,18.0,0,1
32216,ctx_category,control,6,4.5,1,1
25262,organic,treatment,5,1.0,0,0
5699,organic,control,6,3.4,0,1
2677,ctx_category,control,6,10.5,0,1
4395,organic,treatment,6,1.0,0,0
31940,organic,control,8,7.1,0,1
8742,organic,control,6,7.7,0,0
34919,ctx_brand,treatment,4,22.0,0,0
31234,ctx_brand,control,7,6.8,0,1
17729,organic,treatment,6,3.1,0,0
9517,ctx_brand,control,7,4.4,0,0
20104,organic,treatment,6,7.4,0,0
22834,organic,treatment,8,7.9,0,0
34999,organic,control,7,1.6,1,1
15782,social,control,1,23.7,0,0
13805,organic,treatment,2,26.3,0,0
39347,social,treatment,6,5.9,0,1
26772,ctx_category,control,6,3.3,0,1
38837,ctx_brand,control,8,2.5,0,1
39343,organic,control,4,22.5,0,0
8608,organic,control,4,17.6,0,0
10967,influencer,treatment,6,2.6,0,0
34276,organic,treatment,6,11.6,1,0
38588,organic,treatment,3,21.7,0,0
23554,organic,treatment,8,6.2,0,1
34956,influencer,treatment,8,8.3,0,0
20238,organic,control,1,19.9,1,0
37358,organic,treatment,3,13.2,0,1
38916,organic,treatment,5,6.7,0,1
6089,social,control,6,5.1,0,1
774,ctx_brand,treatment,7,4.3,0,1
11044,ctx_brand,control,1,17.3,0,0
13602,social,treatment,6,9.1,0,1
8363,influencer,treatment,6,2.1,0,1
6370,organic,control,5,6.2,0,1
18959,tv,control,1,24.5,0,0
8873,social,treatment,6,10.0,0,1
39838,organic,treatment,5,3.0,0,1
19888,organic,treatment,6,3.3,0,0
24368,organic,control,8,11.2,0,1
6496,ctx_brand,treatment,7,1.0,0,1
18106,ctx_brand,control,3,20.3,0,0
33126,organic,control,3,11.2,1,0
6959,organic,treatment,6,7.4,0,1
31647,organic,treatment,5,6.9,0,1
3917,ctx_brand,control,2,11.4,0,0
28789,social,treatment,7,10.9,0,1
24489,organic,treatment,3,21.5,0,0
17510,organic,control,8,6.7,1,1
32533,organic,treatment,6,5.2,0,1
12953,organic,treatment,1,20.5,0,0
16576,social,treatment,3,5.4,0,1
22741,cpa,control,3,25.9,0,0
32404,ctx_brand,control,6,9.1,0,0
27483,ctx_brand,treatment,5,16.3,0,1
8601,social,treatment,7,7.4,0,1
12604,ctx_brand,treatment,6,9.8,0,0
22366,influencer,treatment,2,15.2,0,0
35944,influencer,treatment,6,23.5,0,0
16120,influencer,control,8,9.6,0,1
9207,social,treatment,3,22.7,1,0
2493,organic,control,1,23.2,1,0
13684,ctx_category,control,6,7.1,0,0
1415,organic,control,6,6.4,0,0
2783,ctx_category,control,3,20.6,0,0
2751,cpa,treatment,1,26.0,1,0
12487,organic,treatment,6,1.9,0,0
30540,ctx_brand,treatment,7,8.2,0,0
11418,organic,control,5,5.5,0,0
16669,ctx_category,control,6,6.6,0,1
21010,organic,control,4,12.3,0,0
21131,cpa,treatment,8,6.9,0,1
32170,ctx_category,control,6,4.9,0,0
10947,organic,treatment,4,12.9,0,0
30023,organic,control,5,20.2,0,0
10104,ctx_category,control,10,2.8,0,0
16531,ctx_brand,treatment,6,3.6,0,0
11969,ctx_category,control,5,2.5,0,0
32596,organic,treatment,3,19.9,0,0
10853,organic,control,5,15.8,0,0
4193,organic,treatment,8,3.9,0,1
38323,influencer,treatment,8,7.0,0,1
37809,tv,control,8,6.0,0,1
2956,influencer,control,1,25.8,0,0
32507,organic,treatment,1,20.7,0,0
26656,organic,treatment,5,6.8,0,1
34235,organic,treatment,7,4.5,0,1
16302,social,control,3,21.3,0,0
24987,organic,treatment,5,6.1,0,0
20417,ctx_brand,treatment,6,3.4,0,0
17143,ctx_brand,treatment,6,7.0,0,0
28010,organic,treatment,5,11.5,0,0
940,ctx_category,treatment,7,8.9,0,1
17557,organic,treatment,4,22.0,0,0
23469,cpa,treatment,3,13.7,1,1
29722,organic,control,6,10.3,0,1
23816,ctx_brand,treatment,3,14.5,0,1
29257,organic,control,8,1.0,0,1
7705,ctx_category,treatment,8,5.1,0,0
39461,ctx_category,control,6,7.1,0,1
35109,organic,control,5,14.8,0,1
13515,organic,control,1,20.3,0,0
5048,organic,control,4,21.9,0,0
16254,cpa,control,6,5.0,0,1
20963,organic,treatment,6,6.6,0,1
6788,organic,treatment,6,4.2,1,1
17029,ctx_brand,treatment,4,15.3,0,0
6582,tv,control,5,4.4,0,0
26962,organic,treatment,2,18.3,0,1
23055,organic,treatment,6,7.3,1,1
2483,organic,control,3,16.0,0,0
19472,organic,treatment,4,22.6,0,0
12601,ctx_brand,control,4,17.7,0,0
18692,ctx_brand,treatment,6,6.0,0,0
36741,ctx_category,treatment,8,1.7,1,1
29841,cpa,treatment,8,7.8,0,0
7174,organic,treatment,4,12.6,1,0
4317,tv,control,6,10.8,0,0
3127,ctx_brand,control,5,6.9,0,1
1668,organic,treatment,7,12.3,0,0
9473,ctx_category,treatment,4,14.0,0,1
35030,tv,control,3,15.0,1,0
28839,ctx_brand,treatment,2,12.6,0,1
20745,cpa,treatment,9,1.0,1,0
17084,cpa,control,3,20.6,0,1
17882,tv,control,6,5.8,0,1
27882,organic,treatment,3,14.8,0,0
21542,organic,control,6,7.7,0,1
1669,tv,treatment,3,14.7,0,1
33962,organic,control,9,4.8,0,1
13845,ctx_category,control,8,12.6,0,0
27779,organic,control,6,4.7,0,0
15659,influencer,control,5,4.9,0,1
12474,organic,treatment,5,13.7,0,1
8523,organic,treatment,5,9.9,0,1
34021,organic,control,2,18.4,0,0
1742,ctx_category,treatment,2,22.0,1,0
29765,organic,control,2,20.2,1,0
1971,organic,control,6,2.8,0,0
19516,ctx_brand,control,7,8.5,0,1
21578,organic,control,2,24.4,0,0
11959,ctx_brand,control,6,6.7,0,1
36784,organic,control,6,17.4,0,0
10975,organic,treatment,6,19.1,0,0
2933,organic,control,2,19.8,1,0
25849,cpa,control,3,21.2,1,0
30796,tv,control,6,1.3,0,0
36443,ctx_category,control,5,21.2,0,0
2458,organic,treatment,2,7.0,0,1
39742,cpa,treatment,7,4.0,0,1
19925,ctx_brand,treatment,4,14.2,1,0
4142,cpa,control,5,8.3,1,1
26,organic,control,8,5.3,0,0
22333,organic,control,6,5.6,1,0
4595,ctx_brand,control,11,9.6,0,0
8405,organic,control,6,3.9,0,1
26882,organic,control,5,10.8,0,1
15717,cpa,treatment,3,25.1,0,0
19203,influencer,treatment,3,16.6,0,0
57,ctx_category,treatment,6,11.0,0,1
10572,organic,treatment,8,3.8,0,1
10961,tv,treatment,5,1.0,0,1
9237,organic,treatment,5,9.2,0,1
14629,influencer,control,6,21.4,0,0
36697,organic,control,5,4.7,0,1
27399,social,control,1,16.3,0,0
22177,ctx_brand,treatment,7,4.1,0,0
14079,organic,control,8,4.2,0,1
32917,ctx_brand,control,5,6.2,1,1
2975,ctx_category,control,7,8.4,1,1
20151,ctx_category,control,3,24.7,1,0
30249,influencer,control,2,19.5,0,0
6487,organic,control,1,20.2,0,0
29095,organic,control,8,4.3,0,1
39259,tv,treatment,6,6.0,0,1
7220,ctx_brand,control,7,8.7,0,1
10420,organic,control,2,13.9,0,0
2581,organic,treatment,7,3.3,0,1
20883,ctx_brand,control,8,9.6,1,0
11366,ctx_brand,treatment,5,4.3,0,0
35590,influencer,treatment,2,27.0,0,0
22503,organic,control,7,2.1,0,0
9989,organic,treatment,3,13.7,0,1
2637,ctx_category,control,6,6.8,0,1
18289,organic,control,6,4.5,0,0
16947,ctx_brand,treatment,7,9.1,1,0
31364,ctx_category,control,5,5.2,1,1
12657,ctx_brand,treatment,7,5.7,0,0
13045,organic,treatment,6,7.9,0,1
27555,organic,treatment,6,10.3,0,0
11167,organic,control,2,26.6,0,0
36872,ctx_category,treatment,1,20.9,1,0
13290,ctx_category,control,7,6.6,1,1
36755,organic,treatment,1,18.6,0,0
18584,organic,treatment,8,12.7,0,1
31850,organic,control,6,7.7,0,1
2272,ctx_category,control,7,3.3,0,1
36490,ctx_category,treatment,6,6.7,1,1
9619,influencer,treatment,6,6.7,0,1
8799,ctx_brand,treatment,8,6.6,0,0
18392,organic,treatment,7,6.8,0,1
29607,ctx_brand,treatment,1,20.4,0,0
1631,ctx_brand,control,7,4.6,0,1
20732,ctx_brand,treatment,6,7.2,0,1
14421,organic,control,7,1.8,0,1
21603,organic,control,7,5.3,0,0
24862,influencer,treatment,6,3.4,0,0
10397,organic,treatment,7,12.7,0,1
2043,ctx_brand,control,2,19.6,0,0
3659,ctx_brand,control,5,6.7,0,1
34490,ctx_brand,treatment,2,16.7,0,1
31026,organic,control,7,9.9,0,1
7065,organic,treatment,6,5.6,1,1
1257,ctx_brand,treatment,7,8.1,0,0
23736,organic,control,7,1.4,0,1
4141,organic,control,8,13.1,0,0
29110,organic,treatment,6,6.8,0,1
1159,ctx_category,treatment,11,8.7,0,1
32946,organic,control,5,2.5,0,1
16871,influencer,treatment,3,14.4,1,1
170,organic,control,2,21.0,0,0
28669,ctx_brand,control,4,11.7,0,0
16968,ctx_brand,control,1,19.5,0,0
2890,organic,treatment,7,8.0,0,1
29002,organic,control,7,6.8,0,0
120,ctx_brand,control,6,3.4,0,1
13507,organic,control,2,12.4,0,0
17938,organic,control,8,3.3,0,0
14653,ctx_brand,treatment,2,17.2,0,0
17712,social,control,5,11.5,0,0
24604,organic,treatment,5,6.7,0,1
3753,ctx_category,control,5,12.8,0,0
37436,cpa,treatment,3,19.6,0,0
31245,organic,treatment,2,24.9,0,0
8050,organic,control,8,3.8,0,0
29032,ctx_brand,control,5,11.5,0,0
16378,organic,treatment,4,19.3,0,1
9991,ctx_brand,control,3,21.5,0,0
22270,organic,control,3,15.9,0,0
4215,organic,treatment,5,6.2,0,1
38431,organic,treatment,2,22.0,0,0
35829,organic,treatment,3,13.7,0,1
17476,influencer,control,10,14.8,1,0
33047,organic,control,8,4.9,0,1
20433,social,control,2,21.0,0,0
10660,organic,control,4,18.4,0,1
17560,ctx_category,treatment,6,10.7,0,0
9604,influencer,control,8,8.0,0,0
16957,ctx_brand,treatment,2,15.6,0,1
8970,ctx_category,control,4,16.2,0,0
17398,organic,control,2,18.3,0,0
39630,cpa,control,1,20.7,0,0
16878,organic,treatment,5,7.0,0,0
10097,ctx_brand,control,6,4.3,0,0
32470,organic,treatment,5,4.4,0,1
19041,ctx_category,treatment,5,3.2,1,1
1202,organic,treatment,5,4.3,0,0
34458,social,treatment,7,4.7,0,1
37041,organic,treatment,5,6.7,0,0
9071,organic,treatment,6,4.9,0,1
21411,organic,control,7,7.5,0,0
6888,organic,control,7,6.7,0,1
3517,organic,control,5,8.7,0,1
26166,organic,treatment,2,14.0,0,0
6512,organic,treatment,7,1.2,0,1
11548,tv,treatment,3,15.7,1,0
2977,organic,treatment,3,11.9,0,1
22174,organic,control,5,6.7,0,1
3436,organic,control,2,23.5,1,0
28399,organic,treatment,6,5.8,0,1
4747,organic,control,2,5.9,0,0
5282,organic,treatment,4,14.0,1,0
38457,organic,control,3,16.4,0,0
16427,organic,treatment,3,10.7,0,0
33146,influencer,treatment,5,19.5,0,0
4380,ctx_brand,control,7,4.6,0,1
12090,organic,treatment,6,9.1,0,1
36992,social,treatment,6,6.8,0,0
23026,tv,treatment,4,23.6,0,0
10428,ctx_category,control,4,13.6,0,0
2879,organic,control,4,14.3,0,0
23583,organic,control,5,11.8,0,1
14737,organic,control,6,4.8,0,0
28907,organic,treatment,6,15.2,0,0
20436,tv,treatment,7,1.0,1,1
846,organic,treatment,3,13.1,0,0
38725,ctx_brand,treatment,6,1.3,0,0
27577,ctx_category,control,4,14.3,0,0
36979,organic,treatment,7,12.8,0,1
20597,cpa,treatment,3,24.3,1,0
38056,organic,treatment,8,8.2,0,1
39879,social,control,3,22.2,0,0
7640,organic,treatment,5,2.9,0,1
20549,cpa,treatment,9,7.8,0,0
6223,organic,control,6,2.5,0,1
15841,organic,control,2,19.1,0,0
36531,organic,control,12,4.6,0,1
39503,ctx_category,treatment,3,15.2,0,0
22481,ctx_category,treatment,6,6.7,0,1
25923,cpa,treatment,2,27.3,1,0
21091,organic,control,2,21.8,0,0
5723,ctx_category,treatment,6,11.7,0,0
25833,ctx_category,control,6,6.1,0,1
2778,organic,control,6,7.8,0,0
16133,organic,control,3,19.8,0,0
12596,organic,control,3,16.6,0,0
24041,social,treatment,2,15.2,0,1
33056,ctx_brand,treatment,7,5.0,0,1
5024,ctx_brand,control,5,11.8,1,0
22004,organic,treatment,3,14.0,0,1
5844,ctx_category,control,2,21.4,0,0
24447,organic,treatment,6,5.4,0,1
20075,tv,treatment,3,23.0,0,0
14937,ctx_brand,control,7,4.4,0,1
17757,social,treatment,3,17.9,0,0
7567,organic,treatment,6,2.9,0,1
21057,cpa,treatment,7,9.4,0,1
36983,ctx_category,control,5,6.7,0,1
19097,ctx_brand,treatment,2,27.4,0,0
20310,organic,treatment,3,14.3,0,0
9096,cpa,treatment,6,7.8,0,1
13860,organic,control,1,21.5,0,0
25905,ctx_brand,control,7,7.9,0,1
26380,tv,control,3,8.7,0,1
30927,ctx_brand,control,6,6.6,0,0
13055,cpa,treatment,6,18.3,1,0
1434,organic,treatment,3,19.8,0,0
10574,organic,control,2,20.3,0,0
37045,ctx_brand,treatment,8,6.5,0,1
27596,social,control,6,3.8,1,0
22694,social,control,9,5.0,0,0
21629,ctx_category,control,3,19.6,1,0
32350,ctx_category,control,5,7.4,0,1
17265,ctx_brand,treatment,5,5.1,0,1
30671,ctx_category,treatment,2,22.1,1,0
6343,organic,control,6,8.3,0,0
16243,organic,control,4,17.2,0,0
38638,organic,control,3,15.2,1,1
29740,ctx_brand,treatment,6,8.7,0,1
25921,organic,treatment,5,4.5,1,0
34529,ctx_brand,control,6,7.0,0,1
14865,ctx_brand,control,5,10.2,0,1
20144,organic,treatment,3,21.5,0,0
8674,cpa,treatment,2,10.0,1,0
20934,organic,control,3,24.9,1,0
2597,organic,treatment,2,20.6,0,0
11009,organic,treatment,3,17.0,0,1
10528,ctx_brand,treatment,4,22.1,0,0
4896,influencer,treatment,2,16.2,0,0
20706,organic,control,5,14.6,0,0
32907,influencer,treatment,6,6.7,0,1
12337,organic,control,2,23.6,0,0
26205,organic,treatment,7,4.8,0,1
14889,ctx_category,control,7,3.8,1,0
728,social,treatment,2,18.8,0,0
37091,organic,treatment,2,18.4,1,0
29598,ctx_brand,treatment,6,6.8,0,1
32591,organic,control,1,20.3,0,0
10148,cpa,treatment,6,7.2,0,0
27289,ctx_brand,treatment,3,24.8,0,0
9264,organic,control,4,21.3,0,0
27966,organic,control,5,13.8,0,0
28172,organic,control,7,5.8,0,0
37971,ctx_brand,control,5,6.8,0,0
38900,ctx_category,control,2,13.1,0,0
10850,organic,control,7,5.5,0,0
15286,organic,treatment,6,5.6,0,1
29982,cpa,control,1,14.6,0,0
29073,influencer,treatment,2,18.2,0,0
12007,ctx_brand,control,3,25.6,0,0
19871,influencer,treatment,8,1.0,0,0
3780,ctx_category,control,8,10.2,1,1
21358,organic,treatment,5,3.2,0,0
38865,organic,treatment,6,2.6,0,1
29626,tv,control,5,2.1,1,0
12417,social,control,6,4.1,0,1
2076,organic,control,7,8.1,0,1
18366,organic,treatment,7,5.0,0,1
5426,ctx_category,control,8,10.5,1,0
30248,influencer,treatment,1,22.6,0,0
2683,organic,control,5,8.1,0,1
12201,organic,treatment,2,13.5,0,1
10861,organic,treatment,2,14.7,0,0
37426,ctx_category,control,6,1.6,1,1
19918,organic,treatment,8,3.9,0,0
35675,ctx_brand,control,7,6.2,0,0
13543,organic,treatment,8,8.8,1,1
32166,influencer,control,5,3.6,0,1
29932,ctx_brand,control,6,13.7,0,1
5219,social,treatment,6,2.2,0,1
37867,organic,treatment,1,22.7,0,0
26207,cpa,treatment,4,23.2,1,0
4469,ctx_brand,control,4,13.6,0,0
27149,organic,control,6,5.8,1,1
37894,influencer,control,5,9.5,0,1
119,ctx_brand,treatment,8,9.5,1,1
4245,organic,treatment,7,2.4,0,1
336,social,treatment,6,4.9,0,1
36139,organic,treatment,3,13.8,0,0
12972,organic,control,8,5.3,0,1
7526,social,treatment,2,17.5,0,0
7964,ctx_category,treatment,7,7.0,0,1
7178,organic,control,4,10.8,0,0
7543,ctx_brand,control,4,16.0,0,0
34586,tv,treatment,7,5.9,1,1
37401,organic,treatment,8,6.8,1,0
27440,organic,treatment,7,7.3,0,0
12670,organic,treatment,6,7.5,0,1
5559,ctx_category,treatment,7,8.6,0,0
19382,cpa,control,8,7.5,0,1
30036,organic,control,2,16.2,1,0
16698,organic,control,4,21.0,0,0
5078,organic,treatment,2,25.3,0,0
14121,ctx_category,control,6,7.6,1,0
38972,organic,control,4,11.8,0,0
23187,ctx_brand,control,2,19.5,0,0
8933,ctx_brand,treatment,6,10.0,0,1
35275,influencer,treatment,9,7.9,0,1
13369,ctx_brand,control,1,24.4,0,0
33755,organic,control,5,8.0,0,0
353,ctx_category,control,5,10.4,0,1
3107,organic,treatment,1,18.4,0,0
33533,influencer,treatment,1,25.6,0,0
17925,organic,control,3,18.2,0,0
20777,organic,control,7,6.1,0,0
13786,organic,control,6,10.0,0,1
28503,organic,treatment,5,3.4,1,1
20663,organic,control,3,24.3,0,0
28052,organic,control,7,1.0,0,1
8377,organic,control,7,4.4,1,0
12379,ctx_brand,treatment,6,1.9,1,1
16445,social,control,5,4.9,0,0
3993,ctx_brand,treatment,2,23.3,0,0
34183,ctx_category,control,5,3.5,0,0
19719,ctx_category,control,5,5.3,0,0
2870,organic,control,7,17.9,1,1
30484,ctx_category,treatment,2,21.4,0,0
15721,social,control,6,5.9,0,0
8535,organic,treatment,4,23.4,1,0
16055,ctx_category,treatment,7,5.9,0,1
31884,social,control,6,8.7,0,0
17719,organic,control,1,16.8,0,0
5391,ctx_brand,treatment,9,6.9,0,1
18168,organic,control,7,5.7,0,0
24539,organic,control,7,6.4,0,0
38852,ctx_brand,treatment,1,18.4,0,0
14635,ctx_category,control,6,4.2,0,1
21396,ctx_category,control,1,13.5,1,0
33981,ctx_brand,treatment,4,23.4,0,0
12122,organic,control,5,17.1,1,0
31877,organic,control,6,8.6,0,0
25428,organic,control,3,10.2,0,0
39755,ctx_category,control,1,22.0,0,0
2394,organic,treatment,6,2.9,0,0
21030,organic,control,6,6.6,0,0
27984,organic,control,2,19.5,0,0
5979,cpa,treatment,7,6.8,0,1
15324,ctx_brand,control,5,3.3,0,1
12247,ctx_brand,control,5,1.0,0,0
1694,ctx_category,treatment,4,23.4,0,0
23174,organic,control,9,13.3,0,1
26666,tv,treatment,9,2.3,0,0
37845,cpa,control,6,3.2,0,0
24888,organic,control,7,6.7,0,1
27461,ctx_category,control,8,2.7,1,0
8710,organic,treatment,6,7.0,0,1
39855,ctx_brand,control,10,14.7,0,0
12235,organic,treatment,6,2.8,0,0
37319,ctx_brand,control,5,4.1,0,0
28039,tv,treatment,6,4.7,0,1
39129,organic,treatment,6,12.1,0,0
32651,tv,treatment,5,6.7,0,0
27009,organic,control,2,15.7,1,0
20613,organic,treatment,4,13.7,1,0
20093,organic,treatment,9,5.2,0,1
39798,organic,treatment,5,6.7,0,0
24883,influencer,control,6,5.9,0,1
33123,ctx_category,control,5,2.3,0,0
21245,ctx_category,treatment,2,12.1,0,0
6856,organic,treatment,5,1.0,0,0
12432,ctx_brand,treatment,7,1.4,1,1
5409,cpa,treatment,8,6.4,0,1
9051,tv,control,6,8.6,0,0
439,organic,control,8,4.9,0,1
15098,social,treatment,5,2.9,0,0
2715,social,treatment,8,6.4,0,1
32690,ctx_brand,treatment,3,19.6,0,0
1480,organic,control,7,5.1,0,1
11323,ctx_brand,treatment,6,1.4,0,1
15833,organic,treatment,7,8.2,0,1
18723,organic,treatment,3,18.0,0,0
717,ctx_brand,treatment,6,4.5,0,0
11432,ctx_brand,control,3,15.7,0,0
34166,ctx_category,treatment,6,8.9,1,0
31631,ctx_category,control,9,7.0,0,1
8311,influencer,control,7,6.8,0,0
16002,cpa,treatment,5,11.8,1,0
19842,organic,control,2,22.6,0,0
18057,organic,treatment,3,17.4,0,0
26825,organic,treatment,2,21.1,0,0
11653,organic,control,8,1.0,0,1
26386,organic,control,5,6.8,0,1
10225,organic,control,2,11.1,1,0
629,ctx_brand,control,6,7.4,0,1
35286,ctx_brand,control,5,23.6,0,0
12274,ctx_category,treatment,6,11.4,0,0
1526,organic,control,9,7.5,0,0
10316,organic,control,7,3.1,0,1
16263,ctx_brand,treatment,7,7.2,0,1
14990,cpa,treatment,1,22.7,1,0
19819,ctx_brand,control,4,9.2,1,0
33783,organic,control,6,6.1,0,1
35461,organic,treatment,8,4.9,0,1
30841,social,control,3,16.9,0,0
9768,cpa,control,7,1.0,0,0
3443,organic,control,5,10.9,1,0
15197,organic,treatment,5,6.5,1,0
14679,cpa,control,2,20.7,0,0
20036,organic,control,5,11.3,0,0
12277,organic,treatment,6,5.7,1,1
26607,ctx_brand,control,7,6.7,0,1
16035,social,treatment,6,7.2,0,0
36651,ctx_brand,control,7,4.1,0,0
4158,influencer,treatment,7,4.5,0,1
1293,organic,treatment,2,19.0,0,1
18134,influencer,control,3,17.7,0,0
36552,organic,control,3,12.8,0,1
21293,cpa,treatment,6,3.8,1,0
17131,organic,treatment,5,4.8,0,1
21003,ctx_category,control,1,16.4,1,0
31367,organic,control,2,20.0,0,0
31188,ctx_brand,control,8,6.8,0,0
34493,organic,control,3,16.7,0,0
25234,social,treatment,2,18.2,1,0
1227,organic,treatment,6,9.2,0,0
9403,influencer,treatment,7,4.0,0,1
17696,ctx_brand,control,2,15.7,0,0
6402,organic,treatment,3,19.7,0,0
39609,ctx_category,control,7,8.6,0,0
10866,ctx_brand,control,2,20.5,0,0
6618,ctx_category,treatment,1,24.6,0,0
34114,organic,treatment,7,2.6,0,0
15380,social,control,3,21.6,0,0
24276,social,control,6,8.3,0,0
14897,organic,control,1,22.4,0,0
33113,cpa,control,6,6.2,1,0
395,ctx_brand,control,1,26.3,0,0
34090,social,treatment,7,2.6,0,1
24331,cpa,treatment,7,6.8,1,0
29486,ctx_category,control,2,21.6,0,0
29714,ctx_category,treatment,5,2.8,0,1
34137,organic,control,2,23.2,0,0
33379,organic,control,2,17.3,1,0
11072,organic,control,5,16.3,0,0
36099,cpa,control,6,5.3,0,0
1555,ctx_brand,control,3,14.1,0,0
3944,ctx_brand,control,6,4.2,0,0
9324,influencer,treatment,6,9.9,1,1
335,ctx_category,control,7,12.4,0,0
36009,organic,treatment,3,10.5,0,1
24826,organic,control,5,3.9,0,1
29755,organic,control,8,2.0,0,1
36372,ctx_brand,treatment,6,7.6,0,1
12065,tv,control,6,8.8,0,1
391,ctx_brand,control,5,8.3,0,0
15143,ctx_category,control,8,3.8,0,0
15175,social,treatment,4,11.0,0,1
35808,cpa,treatment,4,21.7,0,0
555,organic,control,1,21.7,1,0
21113,organic,control,9,9.5,0,1
33251,ctx_brand,treatment,2,23.8,0,0
18473,ctx_category,treatment,5,7.5,1,0
21722,organic,control,3,18.2,0,0
7076,organic,treatment,2,7.9,1,1
18415,organic,control,7,5.1,0,0
13973,organic,treatment,9,7.8,0,1
27136,cpa,treatment,4,22.2,0,0
20203,organic,control,6,7.4,0,0
36748,ctx_category,treatment,7,8.0,0,1
2551,ctx_brand,treatment,6,5.8,0,0
17888,organic,control,6,4.3,0,0
25615,ctx_brand,treatment,2,24.4,0,0
2199,organic,treatment,6,3.4,0,0
19783,ctx_category,control,5,11.7,0,0
20600,organic,control,3,16.3,0,0
32513,organic,control,8,9.9,0,0
6318,ctx_category,control,6,6.8,0,1
7590,ctx_category,treatment,4,11.6,1,0
14082,ctx_category,treatment,7,7.7,1,1
21821,organic,treatment,6,6.2,0,1
17240,organic,treatment,3,18.5,0,0
19666,organic,treatment,7,4.5,0,1
9401,organic,treatment,6,8.3,0,0
34460,organic,control,7,8.6,0,1
6092,ctx_category,treatment,1,24.0,0,0
3584,ctx_category,treatment,4,21.3,0,0
6681,ctx_brand,control,8,1.8,0,1
26776,influencer,treatment,5,20.2,0,0
37678,organic,treatment,6,8.3,0,1
34848,organic,treatment,1,22.8,1,0
12305,organic,control,9,1.0,0,0
36754,ctx_brand,control,1,23.8,0,0
6486,organic,treatment,1,20.0,0,0
2710,ctx_brand,control,6,7.4,0,0
33955,ctx_brand,control,8,5.5,0,1
8305,influencer,treatment,3,12.2,1,0
28965,organic,control,3,10.9,0,1
3345,influencer,treatment,2,6.9,0,0
10068,ctx_brand,treatment,7,9.7,0,1
32892,organic,treatment,5,7.5,0,1
18877,ctx_brand,control,5,1.0,0,1
29149,ctx_brand,control,6,5.1,0,0
957,organic,control,6,3.8,0,1
8466,ctx_category,treatment,8,6.1,0,1
35601,social,control,5,3.1,1,1
3581,organic,treatment,6,9.2,0,1
966,organic,control,5,7.9,0,0
7826,organic,treatment,7,3.1,0,1
32491,ctx_category,treatment,3,12.8,0,0
19876,organic,treatment,3,23.5,0,0
26564,cpa,control,5,6.1,1,1
35649,ctx_brand,treatment,7,1.0,0,0
2894,cpa,treatment,6,2.7,1,1
9910,ctx_category,control,6,7.6,0,0
25636,social,control,2,10.3,0,0
18164,tv,treatment,4,20.5,0,0
39610,cpa,control,2,26.3,0,0
13979,ctx_brand,treatment,6,7.1,0,0
27815,tv,control,5,5.8,0,0
15317,social,control,6,1.7,0,0
33051,organic,treatment,6,10.6,0,1
584,organic,treatment,8,3.6,0,1
34938,organic,control,4,18.6,0,0
18625,organic,control,3,12.1,0,0
38858,ctx_category,treatment,3,16.4,0,0
34639,ctx_category,treatment,6,3.6,0,0
23333,organic,control,2,19.8,0,0
28751,organic,control,7,7.8,0,1
6151,organic,control,8,10.3,0,0
8880,organic,treatment,5,10.4,1,0
27493,influencer,treatment,5,4.7,0,1
33442,influencer,treatment,8,5.5,0,1
22711,organic,treatment,5,5.5,0,1
17455,organic,control,6,5.4,0,1
1402,organic,treatment,6,1.6,0,0
16197,ctx_category,treatment,3,24.0,1,1
28635,ctx_category,control,7,2.8,0,0
36592,organic,treatment,3,24.3,0,1
1138,ctx_category,treatment,5,5.4,1,1
31639,organic,treatment,5,9.1,1,0
4242,social,control,2,18.1,0,0
29265,ctx_category,control,6,2.4,0,0
14591,ctx_brand,treatment,4,15.5,0,1
35379,organic,control,6,7.4,0,1
25951,ctx_category,control,4,17.6,1,0
19560,organic,control,1,16.3,0,0
22396,organic,treatment,10,3.6,0,0
22634,ctx_brand,control,1,20.6,0,0
34392,social,treatment,6,5.8,0,0
35721,ctx_brand,treatment,5,5.3,0,1
12221,organic,control,6,8.6,0,1
13628,cpa,control,7,5.8,1,0
9319,ctx_brand,control,6,4.1,0,1
793,influencer,treatment,3,22.8,0,0
12945,ctx_brand,control,5,4.2,1,0
31767,organic,treatment,6,3.8,0,0
39007,cpa,treatment,1,22.1,1,0
8537,organic,treatment,2,18.4,0,0
5554,ctx_category,control,5,8.4,0,0
14164,social,treatment,1,20.1,1,0
22034,cpa,treatment,3,19.7,0,1
21341,organic,treatment,1,13.9,0,0
22128,ctx_category,treatment,6,9.4,0,0
38921,organic,treatment,7,6.7,0,1
7979,organic,treatment,5,24.0,0,0
12736,ctx_category,treatment,7,11.2,1,1
31416,organic,control,5,15.9,0,0
36819,ctx_brand,treatment,5,2.5,0,0
7905,organic,control,3,12.3,0,1
27636,organic,control,5,14.2,0,0
19932,organic,treatment,7,7.2,0,1
9962,ctx_category,control,7,3.2,1,0
13782,ctx_category,control,6,7.9,0,0
30684,organic,control,6,4.4,0,1
7102,social,treatment,2,18.6,0,0
19538,organic,control,3,8.8,0,0
33628,ctx_brand,treatment,7,1.0,0,1
20128,organic,treatment,6,6.1,0,1
1790,organic,control,6,8.6,0,1
39616,ctx_category,control,4,13.2,0,0
22124,ctx_brand,treatment,3,15.3,0,0
7411,organic,control,6,19.3,0,0
22581,organic,treatment,2,19.6,1,0
27532,cpa,treatment,3,20.6,0,0
36991,ctx_category,control,2,17.6,0,1
16759,ctx_category,treatment,6,8.7,0,1
21143,cpa,control,2,15.7,0,1
10786,tv,control,7,13.4,0,0
36421,ctx_category,control,8,5.6,1,0
15736,ctx_category,treatment,3,20.3,0,0
519,cpa,treatment,4,22.3,1,0
9876,organic,treatment,4,13.2,0,0
2424,organic,treatment,7,4.9,0,0
3349,ctx_category,control,3,14.7,0,1
24873,tv,treatment,2,12.3,1,0
15273,ctx_brand,control,2,18.9,0,0
38168,ctx_brand,treatment,3,23.1,0,0
3768,organic,treatment,8,11.8,0,1
1553,social,control,3,21.4,0,0
232,cpa,control,2,16.4,1,1
23608,social,treatment,3,19.5,0,0
4042,organic,treatment,7,5.8,0,1
11109,ctx_category,control,3,20.1,0,0
10216,ctx_category,control,2,21.0,0,0
3421,ctx_category,control,1,21.6,0,0
7306,organic,control,6,12.4,1,0
34716,ctx_category,control,6,1.0,0,1
12147,organic,control,1,23.4,0,0
23742,organic,control,6,7.1,0,0
3094,ctx_brand,control,6,6.6,0,0
19044,influencer,control,6,13.8,0,0
8422,cpa,control,1,14.2,0,0
14537,social,treatment,4,11.9,1,1
37437,organic,treatment,7,7.2,0,0
13743,ctx_brand,control,5,8.7,0,1
33664,influencer,treatment,1,18.0,1,0
12308,organic,treatment,5,4.9,0,0
38311,ctx_category,control,5,3.2,0,0
4054,organic,control,3,13.6,0,0
12189,social,control,6,9.8,0,0
22277,influencer,treatment,7,1.1,0,1
4033,influencer,control,7,2.8,0,0
22418,ctx_category,treatment,6,11.0,0,1
4827,organic,treatment,7,9.4,1,1
3313,cpa,control,5,2.7,0,0
7219,organic,control,1,23.8,0,0
2594,ctx_brand,treatment,4,14.1,0,0
35128,cpa,treatment,8,2.7,0,1
16126,ctx_category,control,2,10.8,0,0
27814,organic,treatment,5,2.3,0,1
19080,organic,treatment,8,3.3,1,0
34247,cpa,control,6,7.7,0,0
8594,ctx_category,treatment,4,20.7,0,0
6164,organic,treatment,3,15.3,0,1
13128,ctx_brand,treatment,6,2.0,0,1
18742,ctx_category,control,7,5.1,0,1
6867,ctx_brand,control,3,22.7,0,0
38031,cpa,treatment,2,21.3,1,0
10525,organic,control,6,9.5,1,0
24379,organic,control,1,21.6,0,0
24762,ctx_category,treatment,7,4.2,0,0
23173,influencer,control,6,5.1,0,1
38774,organic,control,6,3.5,0,1
31037,ctx_category,treatment,3,9.0,0,0
10125,organic,control,8,13.1,1,1
23725,organic,treatment,4,19.0,0,0
13140,organic,control,5,5.5,0,0
23951,organic,treatment,7,7.0,0,0
17009,organic,treatment,4,12.0,0,0
24089,ctx_brand,control,2,14.6,0,0
27808,organic,treatment,7,4.6,0,1
11197,organic,control,6,8.8,0,0
27339,organic,control,5,4.5,0,0
31052,organic,treatment,5,5.8,0,1
25056,organic,control,4,11.9,0,0
13075,organic,treatment,5,13.8,0,1
18659,ctx_category,treatment,8,8.9,0,0
17280,organic,treatment,9,4.5,0,1
25161,organic,treatment,5,1.7,0,0
2440,cpa,treatment,5,1.7,0,1
32249,organic,control,7,10.3,0,0
7130,ctx_category,treatment,6,6.9,0,1
1866,organic,treatment,5,9.8,0,1
23905,organic,treatment,3,21.2,0,0
3741,tv,treatment,6,1.0,0,0
7756,organic,treatment,9,5.8,0,1
4725,organic,control,8,14.0,0,1
24579,ctx_brand,control,5,7.0,0,0
25655,ctx_brand,control,7,4.9,0,0
39631,tv,treatment,7,7.8,0,0
35781,social,control,5,14.0,1,0
14742,ctx_brand,treatment,4,17.2,1,0
34336,cpa,treatment,8,6.8,1,0
24819,influencer,control,5,20.1,0,0
17192,ctx_brand,control,6,6.8,0,1
17670,organic,treatment,7,5.5,0,0
29980,organic,treatment,4,27.7,0,0
11481,ctx_brand,treatment,7,4.5,1,1
22132,organic,treatment,3,21.6,0,0
4536,organic,control,6,5.1,0,1
34094,organic,control,3,14.2,1,0
22119,ctx_brand,control,6,6.2,0,0
4515,influencer,control,4,13.9,0,0
22489,tv,treatment,3,17.4,0,0
5571,ctx_brand,control,3,22.7,0,0
2132,influencer,treatment,4,17.4,0,0
21424,ctx_brand,control,5,13.4,0,0
4744,organic,control,8,5.8,0,1
20874,organic,treatment,8,6.5,0,1
32900,ctx_category,control,2,16.4,0,0
37120,organic,control,5,6.6,0,1
2603,organic,control,3,21.1,0,0
36632,ctx_brand,control,8,5.1,0,0
27621,organic,control,5,7.1,0,1
35207,organic,control,2,26.0,0,0
3872,ctx_category,control,8,4.0,0,1
9972,organic,treatment,4,18.8,1,0
7935,organic,treatment,6,7.1,0,1
2676,ctx_brand,treatment,10,7.6,0,0
33644,organic,treatment,9,9.6,0,1
11764,organic,control,6,7.2,0,1
38730,cpa,control,7,7.4,0,0
38300,cpa,treatment,6,1.0,1,1
35433,ctx_category,treatment,8,12.1,0,1
33833,ctx_brand,control,7,1.6,1,0
19286,ctx_category,control,5,17.0,0,0
4862,cpa,treatment,4,20.4,1,1
24729,organic,treatment,9,8.0,1,0
19022,organic,control,8,2.7,0,0
37375,social,treatment,7,10.6,0,0
39322,social,control,5,15.1,0,0
39645,ctx_category,treatment,2,9.2,0,1
22786,organic,control,6,6.8,0,0
30904,organic,control,2,24.7,0,0
10545,organic,treatment,3,21.6,0,0
39445,organic,control,5,4.8,0,1
13820,organic,control,8,2.2,0,1
23844,ctx_brand,control,2,15.1,0,0
31339,ctx_brand,control,8,6.0,0,0
10073,ctx_category,treatment,6,6.4,0,0
37693,organic,treatment,7,4.5,0,1
30323,ctx_brand,treatment,8,5.3,1,1
23146,ctx_category,control,6,12.9,0,1
11344,ctx_brand,control,1,17.5,0,0
27569,organic,control,8,5.3,0,0
33595,ctx_category,treatment,3,22.0,0,0
14690,organic,control,6,4.2,0,1
33864,organic,treatment,4,12.6,0,0
20505,ctx_category,control,8,6.9,0,1
38877,organic,control,6,4.4,0,0
11979,organic,treatment,7,10.7,0,1
31379,ctx_brand,treatment,1,18.5,0,0
22645,ctx_brand,treatment,5,3.7,0,1
10885,ctx_brand,control,2,20.0,0,0
15212,organic,treatment,3,14.7,0,0
6292,organic,control,8,20.2,0,0
3850,ctx_brand,treatment,3,11.1,0,1
20412,organic,treatment,5,6.2,0,0
35659,ctx_brand,control,3,11.4,0,1
15010,organic,treatment,7,5.6,0,1
38827,organic,control,7,5.5,0,0
28859,social,treatment,6,4.8,0,1
20133,ctx_category,control,6,6.1,0,1
23363,organic,treatment,8,9.0,0,1
33744,ctx_brand,treatment,7,1.0,0,1
3726,organic,treatment,7,3.2,0,0
38082,ctx_brand,treatment,5,10.0,0,1
19336,organic,treatment,6,2.5,0,1
29125,organic,control,8,2.1,0,1
33543,organic,treatment,2,22.1,1,0
10587,social,treatment,2,11.6,0,0
35855,organic,treatment,7,6.9,0,1
28141,ctx_category,control,2,24.7,1,0
21591,cpa,treatment,5,1.2,0,1
676,cpa,control,6,5.2,0,0
19497,ctx_category,control,4,19.2,1,0
7268,influencer,control,3,22.3,0,0
17544,tv,control,8,4.8,0,0
9290,organic,treatment,1,21.8,0,0
26679,organic,treatment,4,23.2,0,0
25964,ctx_brand,control,6,11.7,0,1
31470,organic,treatment,3,22.9,0,0
36352,ctx_category,control,3,14.5,0,1
27581,organic,control,8,1.7,0,0
33066,organic,control,2,7.6,0,0
22357,ctx_brand,treatment,7,5.5,0,1
22496,organic,control,5,4.3,1,1
580,ctx_category,treatment,5,16.8,0,0
18893,organic,control,7,7.8,0,1
15229,organic,control,8,1.1,0,1
33102,organic,control,7,6.8,0,0
15970,ctx_brand,control,4,15.3,0,0
5213,organic,treatment,6,4.5,0,0
12289,ctx_category,treatment,2,15.9,0,0
17926,ctx_brand,control,3,10.3,0,0
24051,ctx_brand,treatment,7,9.0,0,1
7854,ctx_brand,treatment,6,1.7,0,1
28814,influencer,control,8,8.1,0,0
25519,organic,control,3,19.2,0,0
7572,organic,control,6,5.5,0,1
26474,organic,treatment,7,2.9,0,1
28892,organic,control,7,5.2,0,0
89,organic,control,7,6.0,0,0
1117,ctx_brand,control,6,8.5,0,1
13399,organic,treatment,5,3.0,0,1
6474,influencer,control,4,20.6,0,0
13269,organic,control,6,7.1,0,1
22427,cpa,treatment,4,21.7,0,0
24435,ctx_category,control,6,2.5,0,1
23632,ctx_category,control,8,5.1,0,1
20430,ctx_category,control,5,13.8,0,0
1341,organic,treatment,3,19.6,0,0
10888,organic,treatment,6,1.0,0,1
7379,ctx_brand,control,2,20.1,0,0
31579,ctx_category,control,7,10.7,1,1
11906,organic,treatment,8,10.0,0,0
29225,organic,control,2,22.3,0,0
4257,cpa,treatment,2,16.0,0,1
1861,social,treatment,7,9.6,0,0
9620,organic,treatment,5,8.9,0,1
17420,influencer,control,5,22.1,0,0
8359,organic,treatment,2,16.8,0,0
35578,social,control,5,7.0,0,1
2906,organic,control,2,19.3,1,0
31808,organic,treatment,5,8.7,0,1
9479,ctx_brand,treatment,5,23.0,0,0
24251,ctx_category,treatment,4,14.5,0,0
20941,social,treatment,2,25.2,0,0
10693,social,control,7,9.3,0,1
38055,cpa,control,6,8.2,0,0
36896,ctx_category,control,6,4.1,0,0
5716,ctx_category,treatment,7,1.1,1,1
31310,ctx_brand,treatment,8,9.7,0,1
19448,cpa,treatment,6,7.7,1,1
8498,organic,control,4,17.2,0,0
15747,ctx_category,treatment,10,14.1,0,0
30729,organic,control,9,3.4,0,1
7084,organic,control,7,5.7,0,1
10891,organic,control,7,1.2,0,1
9999,ctx_category,control,5,19.7,0,0
10283,ctx_brand,treatment,8,9.7,0,0
34707,ctx_brand,treatment,7,2.3,0,1
34972,ctx_brand,control,3,16.7,0,0
31813,ctx_category,treatment,5,3.0,0,0
33976,organic,treatment,5,5.0,0,1
7903,ctx_category,control,4,18.2,1,0
37805,organic,treatment,7,8.2,0,0
30381,ctx_brand,control,2,18.9,0,0
31187,ctx_category,treatment,9,3.8,0,0
4778,cpa,treatment,3,15.2,0,0
18430,ctx_brand,control,1,17.7,1,1
7297,social,control,2,16.2,0,1
32752,ctx_category,treatment,8,1.8,0,0
2311,organic,treatment,3,21.3,0,0
3746,organic,treatment,7,1.0,0,1
85,organic,treatment,7,8.8,0,0
10962,ctx_brand,control,6,4.3,1,0
2379,organic,treatment,7,5.6,0,1
15394,organic,control,10,6.7,0,0
21571,organic,control,3,20.5,1,0
18328,ctx_brand,control,6,7.3,1,0
14734,organic,control,6,4.7,0,0
33310,ctx_brand,control,5,9.9,0,1
13610,influencer,control,6,10.3,0,0
15607,ctx_category,control,1,22.3,0,0
16088,social,treatment,8,6.3,0,1
14528,organic,control,6,12.4,1,0
596,ctx_category,treatment,5,16.6,0,1
28488,ctx_category,treatment,5,1.5,0,1
9534,organic,treatment,7,6.7,0,1
37264,organic,treatment,1,19.2,0,0
26873,ctx_brand,control,6,7.0,0,0
2129,organic,treatment,3,21.8,0,0
8146,influencer,control,5,24.5,1,0
15182,tv,treatment,6,5.3,0,1
5695,organic,treatment,5,12.5,0,0
6390,organic,treatment,4,15.6,0,1
36086,ctx_category,control,6,3.8,0,1
532,organic,control,2,11.6,0,1
21970,influencer,control,2,19.6,0,0
10547,influencer,control,9,8.4,0,1
33542,organic,control,7,6.5,0,0
14027,ctx_category,control,1,20.0,0,0
8584,ctx_brand,control,5,5.8,0,1
15390,influencer,control,5,12.9,0,0
28234,organic,treatment,5,7.7,0,1
24140,social,control,3,18.7,0,0
25909,organic,treatment,2,19.1,0,0
13343,social,treatment,7,3.9,1,1
34581,ctx_category,control,7,5.9,1,1
8031,organic,control,4,21.9,0,0
20418,influencer,treatment,5,5.6,0,0
25844,cpa,treatment,1,21.9,0,0
19613,organic,control,6,11.3,0,1
11482,organic,treatment,3,16.5,0,0
8652,ctx_category,control,6,4.8,1,0
24424,ctx_category,control,2,23.1,0,0
14957,ctx_brand,control,3,18.9,0,0
34167,organic,control,6,8.5,0,0
38393,ctx_brand,treatment,4,18.2,0,0
8587,organic,control,1,23.5,0,0
12627,organic,treatment,1,12.9,1,0
10777,organic,control,6,8.6,0,0
13501,social,treatment,5,4.7,0,0
38150,organic,treatment,5,1.6,1,1
3339,social,control,4,11.2,0,0
39826,organic,control,2,14.4,0,0
37550,organic,treatment,2,23.3,1,0
12678,organic,control,4,22.8,0,0
9706,influencer,treatment,5,2.9,0,1
25008,organic,control,7,6.4,0,1
38074,organic,control,5,14.5,0,0
22238,organic,treatment,3,18.4,0,0
1070,organic,control,6,5.3,0,1
38041,cpa,treatment,4,22.8,1,1
32064,ctx_brand,control,7,1.0,0,0
28062,cpa,treatment,2,21.4,0,0
3350,organic,control,7,3.0,0,0
22191,organic,treatment,5,7.1,0,1
36269,organic,control,6,9.2,0,0
6509,ctx_brand,treatment,2,25.3,0,0
12996,organic,control,6,8.4,0,0
32959,organic,treatment,2,25.1,0,0
32756,ctx_brand,control,8,4.8,0,0
13358,organic,control,2,19.1,0,1
19244,ctx_brand,treatment,6,8.2,0,1
34437,organic,control,4,12.7,0,0
37012,cpa,control,8,5.0,0,0
34313,organic,treatment,4,25.0,0,0
36808,influencer,control,1,20.7,0,0
20510,cpa,control,1,30.3,0,0
29789,ctx_category,control,3,12.5,0,0
549,social,control,6,6.6,1,0
39626,influencer,treatment,4,20.7,0,0
11875,social,control,3,15.8,0,0
17082,organic,control,9,7.6,0,1
8683,organic,control,5,13.2,0,1
12013,ctx_brand,treatment,2,18.9,0,0
996,cpa,control,8,6.1,1,0
2155,ctx_brand,control,8,2.9,0,1
1738,influencer,treatment,5,9.8,0,1
37583,ctx_category,treatment,6,9.5,0,0
39680,ctx_category,treatment,6,9.0,0,1
21264,tv,control,7,6.8,0,1
15115,organic,control,2,21.2,0,0
1662,organic,control,6,9.2,0,1
16391,ctx_category,control,7,1.0,1,1
14728,ctx_brand,control,5,9.9,0,0
18475,organic,treatment,2,16.7,1,0
14750,organic,treatment,5,1.6,0,1
33856,organic,control,2,20.8,0,0
29547,ctx_category,treatment,3,22.4,0,0
9243,organic,control,3,13.2,0,0
746,organic,control,7,7.8,0,0
17802,influencer,control,5,5.4,0,1
6233,organic,treatment,6,6.6,0,1
14585,ctx_brand,treatment,6,4.1,0,0
7549,organic,control,7,8.1,1,0
24008,cpa,control,3,8.1,1,0
38477,organic,control,9,5.5,0,1
28216,organic,control,2,20.2,0,0
2601,ctx_category,control,7,5.0,0,1
36746,organic,control,5,1.2,0,0
18317,ctx_category,treatment,6,7.4,0,1
11912,organic,control,1,13.9,0,0
38004,organic,control,2,23.5,1,1
1622,ctx_brand,control,7,8.9,0,0
15002,organic,control,5,1.9,0,0
21132,organic,treatment,4,14.2,0,1
19658,organic,control,5,24.6,0,0
26636,influencer,control,5,8.7,0,1
21594,ctx_brand,treatment,2,19.5,0,0
11991,organic,control,2,12.4,0,0
32251,organic,treatment,7,8.3,0,1
23228,organic,treatment,4,17.0,0,0
35142,ctx_brand,treatment,2,12.4,0,0
14342,cpa,control,6,7.1,0,0
7127,organic,control,6,6.0,0,1
3371,organic,control,1,17.6,0,0
8876,ctx_category,control,2,13.3,0,0
29340,ctx_brand,control,7,8.0,0,1
13441,organic,control,6,11.0,0,0
22598,influencer,control,4,15.2,0,0
18857,social,treatment,7,7.4,0,0
39570,ctx_category,control,5,4.5,0,0
26628,tv,control,10,3.9,0,0
35565,ctx_category,treatment,7,3.8,0,1
12733,ctx_brand,treatment,2,21.1,0,0
26266,ctx_category,treatment,5,6.7,0,0
32693,influencer,control,3,16.5,0,0
34326,ctx_brand,treatment,7,6.9,1,0
36836,social,control,4,19.6,0,0
27155,cpa,control,1,23.1,0,0
20007,ctx_brand,treatment,6,2.1,0,1
9905,organic,treatment,5,8.9,0,1
4427,organic,control,3,11.6,0,0
32503,ctx_brand,treatment,2,19.3,1,0
1690,organic,control,2,18.3,0,0
9022,ctx_category,control,8,1.0,1,0
4603,ctx_category,control,7,7.4,1,0
25051,organic,treatment,5,2.6,0,1
4808,influencer,treatment,7,10.9,0,1
20486,tv,treatment,6,7.7,0,1
21323,social,control,7,7.6,1,1
18593,ctx_brand,control,7,6.5,0,0
9430,organic,treatment,2,21.2,0,0
14906,organic,control,1,18.3,0,0
10231,ctx_brand,treatment,3,12.0,0,0
25482,ctx_category,treatment,5,3.7,0,1
34584,ctx_brand,treatment,2,18.4,0,0
18117,ctx_category,control,8,5.6,0,1
33840,ctx_category,treatment,7,9.9,0,1
8379,organic,treatment,2,7.7,0,0
990,ctx_category,treatment,5,8.3,1,0
5761,ctx_category,treatment,6,11.5,0,0
4460,ctx_brand,control,3,23.7,0,0
28240,ctx_brand,control,8,1.3,0,0
8651,ctx_brand,treatment,3,15.0,0,0
29799,cpa,control,6,4.6,0,1
25666,influencer,control,6,6.9,0,0
5371,organic,control,7,1.0,1,1
15926,ctx_brand,treatment,5,3.7,0,0
7661,ctx_category,treatment,6,1.9,1,1
15612,social,control,6,7.5,0,1
26193,organic,control,5,5.7,0,1
17400,ctx_category,control,1,24.1,0,0
5365,influencer,treatment,7,8.1,0,1
9882,organic,control,6,5.2,0,1
5630,organic,control,3,18.6,0,0
22425,organic,treatment,6,2.9,0,0
9144,influencer,treatment,5,7.8,0,0
21845,organic,control,2,23.2,0,0
15497,organic,control,5,6.7,0,1
32182,ctx_category,treatment,6,6.3,0,1
11645,social,control,9,13.1,0,0
20473,social,treatment,2,21.4,0,0
19009,ctx_brand,control,8,2.4,0,0
26407,organic,treatment,2,20.0,0,0
39267,organic,control,1,17.8,0,0
16919,organic,treatment,7,2.9,0,0
14046,organic,treatment,6,6.7,0,1
8675,organic,control,7,5.9,0,0
37366,ctx_category,control,5,9.4,0,1
1621,organic,control,7,4.1,0,0
26002,organic,treatment,4,18.7,0,0
26705,organic,control,6,9.9,0,1
17317,organic,treatment,3,22.0,0,0
27368,organic,control,1,22.4,0,0
27884,organic,control,7,7.7,0,0
10835,ctx_brand,treatment,1,22.1,0,0
26463,organic,treatment,8,10.4,0,0
27633,social,control,6,3.7,0,1
7005,cpa,control,1,20.6,1,1
16506,ctx_brand,control,6,7.8,0,1
33497,organic,control,4,11.5,0,0
28959,ctx_category,control,7,8.9,0,0
12282,organic,treatment,5,5.9,0,0
16565,organic,control,5,25.0,1,0
3884,ctx_category,treatment,5,9.2,0,0
33055,social,treatment,7,1.0,0,1
27271,organic,treatment,7,8.7,0,1
3708,ctx_brand,treatment,5,8.4,0,1
7493,organic,treatment,7,8.4,0,0
3906,ctx_brand,treatment,1,21.7,0,0
18508,ctx_category,control,7,5.2,0,1
26530,organic,control,6,5.6,0,1
9741,organic,treatment,6,5.7,0,0
24890,organic,control,3,19.0,0,1
30044,cpa,treatment,2,19.9,0,0
27819,organic,control,6,3.9,0,0
31588,influencer,control,7,8.4,0,0
33814,ctx_category,treatment,3,8.7,0,1
34027,ctx_category,treatment,7,1.6,0,0
30412,organic,control,7,1.1,0,1
21357,ctx_brand,control,7,6.4,0,1
34830,ctx_category,control,7,2.0,0,1
12262,organic,control,3,24.9,0,0
14143,organic,control,8,4.1,1,1
13613,ctx_brand,treatment,5,10.0,1,0
17136,organic,treatment,6,2.6,0,0
16307,influencer,treatment,6,8.3,0,0
16255,organic,treatment,6,12.2,0,1
35431,social,treatment,6,6.7,0,0
30652,organic,treatment,5,6.6,0,0
24287,ctx_brand,treatment,6,1.0,0,0
29376,ctx_brand,control,2,21.3,0,0
7326,influencer,treatment,3,23.4,1,0
27370,organic,control,8,6.0,0,0
32829,organic,treatment,2,23.4,0,0
38179,ctx_category,treatment,2,28.9,1,0
6521,social,treatment,5,9.6,0,0
28291,ctx_category,treatment,4,14.1,1,0
17871,ctx_brand,control,6,5.4,1,1
24768,organic,control,9,7.7,0,1
35376,organic,treatment,3,13.1,0,0
10070,organic,control,4,22.9,0,0
11471,ctx_category,treatment,2,14.9,0,0
10026,organic,treatment,7,6.0,1,1
20103,organic,control,3,19.3,0,0
5722,ctx_brand,treatment,2,24.7,0,0
29426,organic,treatment,2,22.5,0,1
7135,ctx_brand,control,1,18.2,0,0
3984,organic,control,7,12.5,0,0
6558,ctx_brand,treatment,8,7.7,0,0
14501,ctx_category,control,8,10.7,1,1
5275,organic,control,8,4.2,0,1
8366,organic,control,6,4.2,0,1
39359,organic,treatment,2,18.6,0,0
26526,ctx_brand,treatment,8,4.5,0,1
12354,tv,control,3,17.8,0,0
35825,tv,control,4,12.7,0,0
30553,cpa,treatment,9,12.7,1,0
29424,social,treatment,1,23.2,0,0
9032,cpa,treatment,1,18.1,1,0
3175,organic,control,1,23.6,0,0
8719,organic,control,6,5.8,0,0
22452,influencer,treatment,6,1.0,0,1
38510,ctx_category,treatment,6,4.6,0,1
4416,ctx_category,control,3,26.2,0,0
18335,ctx_brand,control,4,21.7,0,0
12182,ctx_category,control,4,21.6,0,0
37493,ctx_brand,treatment,5,7.2,0,0
13788,organic,control,5,4.9,0,0
4156,organic,control,8,9.5,0,1
27033,cpa,control,6,4.6,1,1
2191,organic,control,8,1.6,0,0
18210,ctx_brand,treatment,8,1.0,0,1
30839,organic,treatment,5,7.8,0,1
15503,ctx_category,control,9,4.5,0,1
11785,ctx_category,control,3,26.0,0,0
12607,organic,treatment,3,19.4,0,0
545,social,treatment,5,4.3,0,0
34826,organic,control,1,26.9,0,0
32605,social,control,7,5.2,0,0
37864,ctx_category,control,4,15.5,0,1
37947,ctx_category,control,5,8.3,1,1
20277,organic,treatment,3,20.0,0,1
37279,influencer,control,7,7.7,0,0
8731,ctx_brand,control,5,5.8,0,0
15928,organic,treatment,5,5.5,0,0
17642,organic,treatment,8,7.1,0,1
18076,organic,treatment,1,18.8,0,0
8802,organic,control,7,3.6,0,1
4325,organic,treatment,3,14.2,0,0
31009,influencer,control,9,1.7,0,1
9978,cpa,treatment,3,23.2,1,0
33439,ctx_brand,control,8,2.1,0,1
6806,tv,treatment,8,1.9,0,1
8586,organic,treatment,5,1.0,0,0
10269,organic,treatment,5,7.9,0,0
29770,organic,treatment,5,6.8,0,1
18224,social,control,2,22.3,1,0
32113,organic,treatment,6,4.8,0,1
20622,ctx_brand,control,9,5.7,0,1
34226,organic,treatment,3,22.7,0,0
22076,organic,control,7,6.7,0,1
18032,cpa,treatment,6,1.8,0,1
38939,ctx_brand,treatment,6,1.0,0,1
11709,organic,treatment,8,5.3,0,0
13677,organic,control,6,7.7,0,0
21282,cpa,control,5,3.0,0,0
8279,organic,treatment,8,7.2,0,0
12458,organic,control,2,19.8,0,0
30377,social,control,2,22.2,0,0
27475,organic,control,6,2.9,1,0
34305,organic,treatment,3,21.6,0,0
39206,organic,control,4,20.9,0,0
22391,ctx_brand,control,7,12.0,0,1
15716,ctx_brand,control,8,6.1,0,0
29375,cpa,treatment,6,2.0,1,1
25696,ctx_brand,treatment,6,8.5,0,1
36801,ctx_brand,treatment,3,23.2,0,0
30473,organic,control,1,19.8,0,0
17157,influencer,control,6,4.5,0,0
25312,cpa,treatment,1,19.4,1,0
25961,ctx_brand,control,1,23.6,0,0
30447,ctx_brand,treatment,2,23.7,0,0
26758,ctx_category,control,5,9.0,1,1
17095,ctx_category,treatment,7,8.1,0,0
24419,organic,treatment,8,8.6,0,0
29896,tv,control,6,4.5,0,1
23893,organic,control,7,3.8,1,1
35617,cpa,control,6,22.4,1,0
26076,organic,control,7,6.9,0,0
32096,ctx_brand,treatment,1,20.7,0,0
27089,organic,control,1,21.5,0,0
33198,organic,control,6,6.4,0,1
30426,organic,control,4,14.0,0,1
25044,organic,control,8,5.8,0,1
9799,cpa,treatment,5,3.5,0,0
10033,organic,control,5,10.6,1,1
748,ctx_category,control,3,20.5,0,0
32733,social,control,2,20.2,0,0
14701,ctx_brand,control,3,25.4,0,0
1172,ctx_category,treatment,2,21.2,0,0
24541,organic,control,3,19.9,0,0
30029,ctx_brand,treatment,4,14.3,0,1
26583,influencer,control,2,11.9,0,0
5396,ctx_category,control,4,20.8,0,0
8465,ctx_brand,control,8,4.1,1,1
13301,ctx_brand,treatment,4,12.7,0,0
6124,influencer,treatment,2,18.3,0,0
20284,ctx_category,treatment,2,30.2,0,0
16549,cpa,treatment,2,20.9,1,0
10223,social,control,8,7.2,0,1
13682,organic,treatment,2,23.4,0,0
35548,ctx_category,control,1,24.0,0,0
3904,organic,treatment,6,8.2,0,0
5883,organic,treatment,6,5.2,0,1
19325,organic,control,8,9.0,0,0
34210,ctx_brand,control,5,7.0,0,1
24042,organic,treatment,4,19.5,0,1
35149,influencer,treatment,9,7.6,0,0
21783,organic,control,1,19.9,0,0
33700,ctx_category,control,2,20.2,0,0
18306,influencer,treatment,1,23.9,0,0
4337,organic,control,4,16.6,0,0
39780,influencer,control,7,7.7,0,1
35369,ctx_brand,control,10,5.4,0,1
12558,ctx_category,control,6,1.9,0,1
16,ctx_category,treatment,6,7.7,0,1
32063,ctx_category,treatment,5,5.8,0,1
12880,organic,control,7,13.3,0,0
21485,organic,treatment,7,5.2,0,1
35250,influencer,control,5,10.9,0,0
35670,organic,control,2,24.8,1,0
35537,organic,control,5,5.4,0,1
9101,organic,treatment,6,7.2,0,0
22537,ctx_category,treatment,2,15.2,0,1
38375,ctx_category,treatment,5,5.2,0,1
19662,ctx_brand,treatment,2,10.2,0,0
16224,organic,treatment,3,14.6,1,1
22020,ctx_brand,treatment,2,15.0,0,0
18783,influencer,treatment,5,9.6,0,1
7133,influencer,control,2,19.8,1,0
13992,ctx_category,control,2,22.6,1,0
3777,ctx_brand,control,4,21.5,0,0
15060,social,treatment,6,8.2,0,1
13722,organic,treatment,7,2.7,0,0
2344,organic,treatment,7,5.0,0,0
25090,tv,control,6,9.1,0,1
20753,ctx_category,control,1,15.7,0,0
17076,ctx_brand,control,5,3.1,1,1
22063,organic,treatment,1,23.1,0,0
7613,organic,control,3,24.9,0,0
37124,ctx_category,treatment,6,4.5,0,1
12081,ctx_category,treatment,1,26.9,1,0
14839,cpa,treatment,3,18.6,1,0
20425,organic,control,6,20.1,0,0
26568,influencer,control,6,5.4,0,0
1599,organic,control,5,3.5,0,0
35219,organic,treatment,2,21.3,0,0
22133,organic,control,1,21.9,0,0
34824,organic,treatment,7,6.0,0,1
22779,influencer,treatment,3,15.3,1,0
22666,ctx_brand,treatment,6,6.3,0,1
7581,organic,control,3,15.7,0,1
4999,organic,control,6,8.8,0,1
24011,social,control,5,6.1,0,0
19262,organic,treatment,5,5.7,0,1
10829,ctx_brand,control,4,23.4,0,0
28624,organic,control,6,3.8,0,1
5066,tv,treatment,7,3.9,0,0
17835,ctx_brand,control,4,18.5,0,0
33130,ctx_brand,treatment,5,6.5,0,1
20092,organic,treatment,1,22.0,0,0
27003,organic,control,7,5.2,0,0
27330,organic,treatment,8,8.2,0,0
18504,organic,treatment,8,8.1,0,0
30060,cpa,control,2,18.7,0,0
5376,ctx_brand,treatment,8,4.8,0,1
15658,organic,control,5,19.1,0,0
5414,social,control,7,1.9,0,0
20396,organic,control,8,3.4,0,1
10319,organic,treatment,6,5.0,0,1
11089,ctx_category,control,6,4.4,0,1
14984,ctx_brand,control,4,13.2,0,0
16567,organic,treatment,1,19.2,1,1
19161,cpa,control,5,12.0,1,1
10898,ctx_brand,treatment,6,2.2,0,0
32222,social,control,6,7.7,0,1
13606,ctx_category,treatment,7,7.0,0,1
37027,organic,treatment,4,20.2,0,0
872,cpa,control,2,20.0,0,0
30974,ctx_category,control,2,15.5,0,0
37303,ctx_brand,treatment,1,21.9,0,0
39430,organic,control,7,1.0,1,0
15350,influencer,treatment,7,7.7,1,0
4916,organic,control,7,7.8,0,0
39732,ctx_category,treatment,4,14.6,0,0
38351,organic,treatment,6,10.2,0,1
7795,ctx_brand,control,10,5.9,0,0
13763,organic,treatment,1,18.2,0,0
2397,organic,treatment,11,2.7,0,0
9343,ctx_brand,treatment,2,9.7,0,1
16742,ctx_brand,treatment,7,6.0,0,1
16101,organic,treatment,7,2.6,0,0
23936,organic,treatment,7,7.2,0,1
5982,ctx_brand,treatment,8,4.1,0,1
17626,organic,control,6,1.3,0,0
28411,ctx_category,control,5,17.5,0,0
30579,social,treatment,9,12.5,0,0
15567,social,treatment,7,7.2,1,0
28566,organic,treatment,5,8.3,0,1
27062,organic,control,5,6.7,0,1
10862,cpa,treatment,6,5.6,1,1
7399,organic,control,6,1.4,0,0
29887,cpa,control,5,13.7,0,0
36628,influencer,control,4,10.3,0,0
8321,tv,control,5,1.0,1,1
1593,ctx_category,control,2,23.6,0,0
17064,cpa,control,6,10.6,1,1
21735,organic,control,5,25.0,0,0
17016,organic,treatment,1,23.1,0,0
36200,ctx_category,control,6,7.1,0,0
35210,influencer,control,5,1.4,0,0
3692,organic,treatment,1,22.8,0,0
1392,ctx_brand,treatment,3,11.3,0,1
32653,influencer,control,10,4.6,0,1
19348,ctx_category,control,6,1.5,1,0
18964,tv,control,2,23.7,0,0
4451,cpa,control,7,3.9,0,0
25224,ctx_brand,treatment,5,10.5,0,1
21634,organic,treatment,8,7.2,0,0
23063,organic,control,5,1.6,0,0
37365,social,treatment,6,7.1,0,1
4026,organic,control,6,6.2,1,1
17083,organic,treatment,4,16.8,0,1
17015,cpa,treatment,2,16.1,0,0
32722,organic,control,7,5.4,0,1
10403,ctx_category,treatment,8,7.3,0,0
28856,organic,treatment,3,14.2,0,0
1835,organic,treatment,3,15.8,0,0
16200,ctx_brand,treatment,7,8.2,1,0
7879,social,control,3,25.2,1,0
36904,ctx_category,treatment,6,8.0,0,0
30386,organic,treatment,5,6.1,0,0
17207,ctx_brand,control,5,8.3,1,0
34652,ctx_brand,treatment,4,25.0,0,0
14615,ctx_category,treatment,5,9.8,0,1
19690,organic,control,7,3.0,0,0
30756,organic,treatment,7,1.6,0,1
3717,ctx_brand,control,4,14.8,0,0
34323,organic,control,7,7.5,0,0
18351,organic,treatment,7,5.7,1,0
37474,ctx_category,control,6,6.2,1,1
2324,ctx_category,treatment,7,3.7,0,0
29998,ctx_brand,control,8,5.5,1,1
13914,tv,control,5,9.4,0,0
34692,ctx_category,treatment,7,10.5,0,1
30629,social,treatment,5,20.5,1,0
18441,organic,treatment,5,6.0,0,1
5936,cpa,treatment,3,17.7,0,0
20685,organic,treatment,7,10.5,0,0
35756,influencer,control,8,10.8,0,0
8532,ctx_brand,control,6,6.0,0,1
25037,social,treatment,3,14.5,0,0
2631,organic,control,3,12.6,0,0
11493,ctx_brand,treatment,7,5.9,0,1
37411,ctx_category,control,6,2.2,0,1
10469,ctx_category,treatment,3,19.7,0,0
19066,ctx_brand,control,7,4.7,0,1
12242,ctx_brand,treatment,5,1.0,0,1
12869,social,control,1,19.3,0,0
23420,cpa,treatment,6,7.1,1,1
28698,influencer,control,6,4.3,0,1
14838,social,control,2,23.9,1,0
21116,organic,control,5,7.1,0,1
30247,organic,treatment,5,10.3,0,0
37191,organic,treatment,4,23.7,0,0
34703,organic,control,6,6.6,0,1
16653,social,control,2,18.1,0,0
14521,cpa,treatment,6,11.1,0,1
705,ctx_category,control,7,8.0,0,1
31423,tv,treatment,6,3.5,0,1
36881,influencer,treatment,3,23.0,0,0
35932,influencer,treatment,5,6.6,0,1
4289,organic,treatment,6,6.9,0,1
6625,cpa,treatment,6,4.6,0,1
9637,organic,treatment,3,13.1,0,0
30733,organic,control,5,5.9,0,1
6652,organic,control,6,5.7,0,1
5853,organic,treatment,3,20.7,0,0
4550,social,treatment,6,7.0,0,0
36271,tv,control,5,13.3,1,0
28067,social,treatment,3,15.2,0,0
11392,influencer,treatment,5,24.6,0,0
16310,organic,control,1,19.2,1,0
12978,ctx_category,control,2,13.2,0,0
13667,influencer,control,5,12.2,0,1
20033,organic,treatment,3,23.5,0,0
26156,tv,control,3,14.1,1,0
28081,cpa,control,3,23.8,1,0
26807,ctx_brand,control,3,21.0,1,0
31272,social,treatment,2,22.5,0,0
1643,organic,control,6,2.4,0,0
15823,organic,control,6,1.0,0,1
2453,organic,control,5,5.5,0,0
5360,ctx_brand,treatment,7,1.7,0,0
25285,cpa,treatment,7,5.7,1,1
20027,ctx_brand,treatment,6,2.3,0,0
27402,organic,control,4,9.1,0,0
4184,organic,treatment,7,8.5,0,1
21850,ctx_brand,treatment,6,6.7,0,1
34447,ctx_category,control,8,9.0,0,0
27408,ctx_brand,control,4,22.7,0,0
1735,organic,treatment,2,22.3,0,0
33242,cpa,control,4,13.6,0,0
34970,organic,control,7,5.5,0,0
16194,ctx_category,treatment,6,6.7,1,1
29462,ctx_brand,treatment,7,3.4,0,0
30802,ctx_brand,treatment,7,5.2,0,0
26959,ctx_category,control,6,3.7,0,1
14273,ctx_brand,control,2,19.6,0,0
39713,organic,treatment,1,18.3,0,0
28090,ctx_category,control,2,18.3,0,0
16218,influencer,control,1,20.3,0,1
3577,ctx_brand,control,6,4.4,1,1
21202,cpa,treatment,7,8.4,0,1
13258,ctx_brand,treatment,7,3.8,0,0
32962,organic,treatment,3,8.3,0,1
5459,organic,treatment,3,16.4,0,0
973,organic,control,5,5.3,0,1
1226,ctx_category,control,2,27.7,1,1
37525,cpa,treatment,8,8.5,1,0
15515,organic,treatment,3,21.7,0,0
228,influencer,treatment,7,1.0,0,0
39882,organic,treatment,8,4.3,0,1
13425,social,treatment,1,16.2,0,0
26009,ctx_brand,treatment,5,6.7,0,1
35686,ctx_category,treatment,7,9.9,0,1
6281,ctx_brand,treatment,1,19.5,1,0
29556,ctx_brand,treatment,5,4.4,0,1
19524,organic,control,9,3.9,0,0
10105,organic,control,1,21.6,0,0
8284,ctx_brand,treatment,3,19.3,0,0
10002,ctx_brand,control,7,4.2,1,0
10143,ctx_category,control,2,13.0,0,0
13863,influencer,control,7,5.7,0,1
16807,organic,treatment,6,4.7,0,0
33797,social,control,5,3.5,0,1
30390,organic,control,6,4.5,0,1
31696,organic,control,7,4.3,0,0
27046,organic,control,3,17.0,0,0
18296,ctx_brand,treatment,5,16.7,0,0
27234,organic,treatment,5,5.3,0,1
32079,organic,control,6,7.5,0,1
13587,cpa,control,3,18.9,0,0
1292,cpa,control,7,3.7,0,1
36093,organic,treatment,3,16.9,0,0
37847,social,control,2,11.4,1,0
15781,ctx_category,treatment,5,8.4,1,0
8817,ctx_category,control,5,5.7,1,1
30151,ctx_category,treatment,3,12.6,0,0
1663,cpa,treatment,7,6.8,0,0
16398,ctx_brand,treatment,3,13.8,0,0
16345,ctx_category,treatment,2,17.9,0,0
27538,cpa,control,7,9.0,0,0
24181,ctx_category,control,7,4.0,0,1
9881,organic,treatment,8,6.4,0,1
4608,cpa,treatment,7,7.8,0,1
36773,organic,treatment,3,17.0,0,0
19992,ctx_category,control,1,19.9,0,0
34812,organic,control,2,14.6,0,0
7679,social,control,2,19.1,1,0
24048,tv,control,7,5.1,0,1
36369,ctx_category,control,6,3.6,1,1
36278,organic,control,6,10.3,0,0
9921,ctx_brand,control,4,19.3,0,0
9261,organic,treatment,8,8.1,0,1
11544,cpa,treatment,6,8.4,0,1
27880,ctx_category,control,4,14.2,0,0
19153,ctx_brand,treatment,2,23.3,0,0
23085,organic,control,5,9.7,0,0
37335,ctx_category,control,6,9.7,0,0
10089,cpa,control,5,4.7,0,1
34645,organic,treatment,5,6.8,1,0
27625,social,treatment,3,20.6,0,0
17698,organic,control,1,15.9,0,0
18775,ctx_category,control,6,12.8,1,1
37359,ctx_category,control,3,14.9,0,0
29147,organic,treatment,4,12.8,0,0
28519,organic,treatment,5,8.8,0,0
19469,cpa,treatment,2,18.5,1,0
13100,influencer,treatment,5,5.0,0,1
14979,organic,control,2,16.0,0,0
11858,ctx_brand,control,5,11.0,0,1
14792,ctx_brand,control,4,13.5,0,0
19096,organic,control,4,23.8,0,0
15135,influencer,control,2,25.1,0,0
24591,social,treatment,5,5.5,0,1
10329,organic,control,5,7.6,0,1
6508,organic,treatment,5,20.8,0,0
12946,organic,control,7,7.4,0,0
20868,organic,control,1,15.6,0,0
2726,ctx_brand,control,10,11.8,0,1
18323,tv,treatment,1,20.3,1,0
14688,ctx_brand,treatment,6,2.2,0,1
11132,social,control,5,5.8,0,1
28077,social,treatment,6,8.7,0,1
30721,ctx_category,treatment,4,13.3,0,0
22713,ctx_category,treatment,3,15.1,0,0
15934,social,treatment,6,6.8,0,1
39176,ctx_category,treatment,5,5.8,1,0
20381,ctx_category,control,6,5.6,1,0
8218,organic,treatment,3,15.9,0,0
30844,organic,treatment,6,7.9,0,0
6986,ctx_brand,control,3,12.5,0,0
35696,organic,control,2,12.6,0,0
23723,ctx_category,control,5,12.2,0,0
25135,organic,treatment,5,4.1,0,1
26732,organic,treatment,4,12.3,0,0
13818,ctx_category,control,8,5.7,0,0
26586,organic,control,3,10.8,1,0
28793,organic,treatment,6,2.5,0,0
36743,ctx_category,treatment,3,21.3,0,0
15484,organic,treatment,7,3.2,0,0
36513,organic,control,6,2.8,0,1
39891,ctx_brand,treatment,5,1.9,0,1
6235,cpa,treatment,6,7.2,1,0
9197,organic,control,7,3.0,0,0
38525,organic,control,2,24.7,0,0
32731,ctx_brand,control,3,22.1,0,0
13314,organic,treatment,5,3.2,0,0
25998,organic,treatment,5,2.1,0,1
4739,social,treatment,5,8.8,0,1
38589,cpa,control,2,13.6,0,0
34568,ctx_brand,treatment,3,11.5,0,1
1727,ctx_category,treatment,2,21.2,0,0
24751,organic,control,6,10.9,1,0
34521,ctx_category,control,5,1.7,0,0
25709,ctx_category,control,5,7.7,0,0
38046,ctx_category,treatment,11,9.0,1,0
8136,ctx_brand,control,2,20.4,0,1
19346,ctx_brand,control,2,11.4,0,0
31548,ctx_brand,treatment,4,16.8,0,1
10410,social,treatment,6,9.4,0,0
34125,influencer,treatment,6,6.0,0,0
21678,organic,control,5,2.8,0,1
39434,ctx_category,treatment,6,12.4,0,0
33972,organic,treatment,6,6.7,0,0
12459,social,treatment,6,6.2,1,1
34265,cpa,treatment,2,20.1,0,1
25003,organic,control,5,5.5,0,1
31953,ctx_category,control,5,3.2,0,0
14700,organic,treatment,2,20.8,0,1
6468,cpa,treatment,8,9.2,0,1
26737,ctx_brand,treatment,4,10.7,0,0
5782,cpa,control,2,21.2,0,0
26093,ctx_brand,treatment,5,15.6,0,1
30498,ctx_category,control,6,9.2,1,1
4473,ctx_category,control,7,5.7,0,0
36586,cpa,control,6,7.1,0,0
2703,social,control,8,10.9,0,0
538,ctx_category,treatment,3,15.2,0,1
12591,organic,treatment,2,11.3,0,0
5306,social,treatment,6,1.9,1,0
11578,organic,control,8,11.1,0,0
10238,ctx_category,control,5,5.7,0,1
25497,ctx_brand,treatment,7,11.3,0,0
154,ctx_category,treatment,6,6.8,0,0
14115,ctx_brand,treatment,3,9.9,0,0
7707,ctx_category,control,6,3.7,1,0
20746,ctx_category,control,6,1.0,1,0
22920,organic,treatment,2,20.9,0,0
25514,organic,treatment,5,2.3,0,1
10759,organic,control,3,20.3,0,0
18295,organic,control,4,21.0,0,0
39549,ctx_category,control,4,17.4,1,0
35108,organic,control,6,3.5,0,0
11815,influencer,control,6,7.0,0,1
12785,ctx_brand,control,2,27.7,0,0
21716,organic,control,5,3.8,0,1
27406,organic,control,7,5.9,0,0
23387,organic,treatment,5,1.0,0,1
7020,ctx_brand,treatment,1,24.9,0,0
29364,organic,treatment,6,10.5,0,1
1236,ctx_category,treatment,7,10.4,0,1
4831,ctx_brand,control,7,2.8,0,1
32108,ctx_brand,treatment,6,9.6,1,1
28120,organic,control,2,23.5,0,0
16962,organic,control,2,15.4,1,0
15139,social,treatment,5,5.5,0,1
9652,ctx_category,control,9,6.3,0,0
3969,organic,control,7,9.6,0,1
17989,organic,control,1,20.6,0,0
39468,organic,control,6,5.7,0,1
755,organic,control,5,8.2,0,1
19081,organic,treatment,2,22.8,0,0
9940,organic,control,3,19.5,0,0
34393,ctx_brand,control,1,13.5,0,0
24760,ctx_brand,treatment,8,4.4,0,1
33561,ctx_brand,treatment,6,5.9,1,1
26320,organic,treatment,4,13.8,0,1
30548,social,treatment,5,9.2,0,1
39255,organic,control,7,4.5,0,1
8156,organic,treatment,6,3.0,0,1
32547,ctx_category,control,6,8.7,1,0
26497,cpa,control,2,22.3,1,0
3157,ctx_category,treatment,2,14.4,0,0
20907,ctx_category,control,1,20.3,0,0
27940,organic,control,2,23.0,0,0
17266,influencer,treatment,6,9.4,0,1
30849,ctx_category,treatment,9,1.5,0,1
25139,ctx_brand,control,8,2.5,0,0
14509,ctx_category,treatment,7,4.7,0,1
1602,organic,control,7,10.6,0,1
1608,cpa,control,6,2.9,0,0
20733,organic,control,3,13.0,0,1
29281,ctx_brand,control,8,5.3,0,1
38234,organic,control,2,21.9,0,0
806,organic,treatment,5,19.0,0,1
28278,organic,treatment,5,5.3,0,0
15507,social,control,8,8.1,0,1
35047,ctx_category,treatment,3,12.2,0,1
36319,ctx_category,control,8,6.2,1,0
27646,organic,treatment,2,19.6,0,0
20095,social,treatment,4,23.0,0,0
1173,social,control,6,6.5,0,1
15422,social,control,5,9.0,1,0
13009,organic,treatment,5,13.3,0,0
4578,ctx_category,treatment,5,6.2,0,1
24050,organic,treatment,2,13.4,1,0
33729,ctx_brand,control,3,21.8,0,0
6567,ctx_brand,control,6,7.0,0,1
2354,ctx_category,treatment,7,2.9,0,0
35493,organic,treatment,6,10.1,1,1
1040,organic,treatment,5,15.0,0,1
16932,social,treatment,7,6.6,0,1
5889,ctx_brand,treatment,6,13.1,0,0
5071,organic,control,3,13.1,0,0
22554,ctx_category,treatment,2,19.8,0,0
11655,organic,control,6,12.1,0,1
3948,ctx_category,control,7,11.6,1,0
17481,social,control,5,4.6,1,0
7369,ctx_brand,treatment,8,2.9,0,0
24616,ctx_category,treatment,6,9.4,0,1
16803,ctx_brand,control,7,9.3,0,0
36645,organic,treatment,5,3.7,0,1
38734,organic,treatment,8,3.1,0,0
32499,organic,control,6,1.8,0,0
9134,organic,control,6,5.0,1,1
13809,organic,control,8,1.4,0,0
7592,cpa,treatment,8,5.0,1,0
6869,ctx_category,control,7,12.5,0,1
17915,organic,treatment,7,9.5,1,1
6263,organic,control,4,16.4,0,0
38486,organic,control,5,2.4,0,1
30250,ctx_category,treatment,5,3.5,0,1
20485,organic,treatment,7,3.2,0,0
12519,organic,control,2,21.4,0,0
37066,organic,control,5,4.9,0,0
38010,cpa,control,7,4.5,0,1
34706,ctx_category,control,3,17.7,1,0
12901,organic,treatment,7,3.0,0,0
12592,ctx_brand,treatment,6,11.8,0,1
23329,organic,treatment,9,5.8,0,1
25246,organic,control,8,5.9,0,1
38737,ctx_brand,control,2,18.0,0,0
6708,ctx_category,treatment,2,28.3,0,0
33787,ctx_brand,control,2,15.5,0,1
16030,organic,control,5,2.7,0,1
12715,organic,treatment,7,6.0,1,1
34987,organic,control,2,24.9,0,0
3511,ctx_brand,treatment,3,21.2,0,0
26506,social,treatment,3,22.1,0,0
29805,organic,control,4,15.4,1,0
17683,organic,treatment,5,4.0,0,1
7604,ctx_category,treatment,7,7.0,1,1
26764,cpa,treatment,6,5.6,0,0
39809,organic,control,6,5.2,0,0
36244,ctx_category,control,8,5.1,0,1
33425,organic,treatment,4,14.4,0,0
32488,organic,treatment,5,9.4,0,1
6138,cpa,control,1,25.8,1,0
27948,organic,control,4,15.5,0,0
22981,organic,control,3,20.6,0,0
1606,ctx_category,control,3,20.4,0,0
6473,organic,treatment,7,2.7,0,1
13640,organic,treatment,2,21.4,1,0
34121,ctx_brand,control,4,14.5,0,0
30668,organic,control,6,5.1,0,1
8166,organic,treatment,3,16.5,0,1
12296,influencer,treatment,2,19.4,0,0
4987,organic,control,3,21.9,0,0
34709,influencer,treatment,3,23.2,0,0
19922,ctx_brand,treatment,2,11.7,0,1
35151,organic,control,4,15.7,0,0
1716,influencer,control,8,6.3,0,0
8671,influencer,control,8,5.1,0,1
26942,organic,control,5,5.7,0,1
29417,influencer,treatment,7,5.6,0,0
30929,organic,control,4,13.0,0,0
30040,social,control,3,13.5,1,0
25341,social,treatment,6,8.5,0,1
12108,organic,treatment,7,6.3,0,1
23767,organic,treatment,5,5.5,0,1
21854,ctx_category,treatment,7,9.8,1,1
12502,social,treatment,7,8.5,0,0
37526,social,control,8,13.9,0,0
19216,ctx_category,treatment,3,12.1,0,0
34721,organic,treatment,6,2.1,0,1
24536,ctx_brand,treatment,4,14.2,1,1
20497,organic,treatment,3,14.4,0,0
24303,organic,treatment,2,18.0,0,0
16426,organic,treatment,3,22.4,0,0
8016,influencer,control,2,12.7,1,0
1510,organic,control,2,27.6,0,0
7505,ctx_brand,treatment,4,16.6,0,0
27503,tv,treatment,7,4.3,0,1
33286,ctx_brand,treatment,6,2.7,0,1
11107,ctx_brand,control,9,1.5,0,1
24698,organic,control,6,7.5,0,0
27825,organic,control,2,14.9,0,0
559,organic,treatment,5,23.0,0,0
17951,ctx_category,treatment,7,9.8,0,1
28524,organic,treatment,7,1.0,0,1
909,ctx_brand,control,5,7.6,0,1
10312,organic,treatment,3,10.4,1,0
30148,organic,control,6,5.8,0,1
16281,social,treatment,8,10.8,1,1
30820,ctx_brand,control,6,8.3,0,1
28852,social,control,8,2.4,0,0
38948,organic,treatment,5,18.6,0,0
28692,ctx_brand,control,7,7.3,0,1
7352,organic,control,6,9.0,0,0
32131,organic,control,2,11.2,0,0
7616,social,treatment,9,5.0,0,0
10716,ctx_category,control,7,1.0,0,0
38122,ctx_brand,treatment,3,20.7,0,0
3636,organic,control,2,24.5,0,0
27580,ctx_category,control,5,4.6,1,0
34463,organic,control,5,2.6,0,1
28809,organic,treatment,7,8.0,0,1
24889,ctx_category,control,6,9.3,0,0
7329,cpa,control,1,20.4,1,0
31266,ctx_brand,control,1,28.8,0,0
650,organic,treatment,6,7.6,0,1
31906,organic,control,8,11.4,0,1
10711,influencer,treatment,6,5.3,0,1
39488,ctx_category,treatment,7,8.7,0,1
32378,organic,control,3,13.1,0,0
3631,ctx_category,treatment,2,20.2,0,0
4670,organic,control,6,7.4,0,0
22153,ctx_category,control,8,3.9,1,1
19858,social,control,2,16.4,0,1
13151,ctx_brand,treatment,6,1.3,0,0
3695,tv,control,7,5.5,0,0
34173,organic,control,6,7.6,0,1
14281,organic,control,7,7.7,1,1
11648,tv,treatment,2,13.6,0,0
34655,ctx_brand,treatment,5,4.1,0,1
8771,ctx_category,control,2,13.8,0,0
22776,organic,control,2,22.8,0,0
30428,ctx_brand,treatment,3,14.0,0,1
22882,organic,control,7,4.5,0,1
35842,ctx_category,control,2,17.4,0,0
37407,organic,treatment,1,22.8,0,0
8273,ctx_brand,control,9,7.7,0,1
15427,social,control,2,15.8,0,0
3594,ctx_category,control,2,8.6,0,1
17431,ctx_brand,control,8,10.4,0,1
37327,ctx_brand,control,5,6.9,0,1
1843,ctx_brand,control,6,1.5,0,1
35408,organic,control,7,9.2,0,0
21837,ctx_brand,control,7,8.3,0,1
31887,ctx_brand,treatment,5,6.8,0,0
39518,social,control,8,4.1,0,0
38942,organic,control,1,16.9,0,0
32566,organic,treatment,3,19.6,0,0
11316,cpa,control,8,7.6,1,0
34502,ctx_category,control,6,6.7,0,0
30804,ctx_category,control,8,8.2,0,0
16140,ctx_category,control,2,27.0,1,0
28927,organic,treatment,2,21.7,0,0
32145,organic,treatment,7,7.0,0,1
15464,organic,treatment,3,16.9,0,0
9930,organic,control,3,25.4,0,0
29279,organic,control,5,4.8,0,1
32832,social,control,8,5.4,0,1
13211,ctx_brand,control,7,10.0,0,0
8893,cpa,treatment,5,10.3,1,0
25368,organic,treatment,6,2.8,0,1
29874,ctx_category,treatment,5,1.0,1,1
20877,organic,control,6,4.3,0,0
16286,ctx_category,treatment,7,2.6,0,1
1204,organic,treatment,2,11.4,1,0
22615,organic,treatment,3,12.2,0,1
21523,ctx_category,treatment,5,17.1,0,1
39474,ctx_brand,treatment,5,7.0,0,1
36505,organic,treatment,3,23.0,0,0
24034,organic,treatment,7,9.7,0,1
2557,organic,treatment,2,22.4,0,0
1391,organic,treatment,7,5.2,0,1
22339,ctx_brand,control,5,4.5,0,1
320,organic,treatment,6,3.4,1,0
35966,organic,treatment,3,21.7,0,0
22540,social,treatment,6,9.4,0,0
25176,cpa,treatment,8,7.5,0,0
16259,organic,treatment,8,4.8,0,0
9599,social,treatment,5,14.2,0,0
28840,ctx_brand,control,5,10.4,0,0
8388,ctx_brand,control,5,9.5,0,0
25408,organic,treatment,2,15.1,0,0
25454,organic,treatment,7,3.3,1,1
6840,ctx_category,control,7,9.0,0,1
37868,ctx_category,control,4,13.7,1,0
4895,organic,control,1,18.6,0,0
11292,ctx_brand,treatment,7,4.1,0,1
31525,cpa,control,2,21.7,1,0
26023,organic,control,5,6.3,0,1
34268,organic,treatment,4,21.2,0,0
11543,ctx_brand,treatment,2,23.5,0,0
29406,ctx_category,treatment,6,11.2,0,1
16740,organic,control,5,9.0,0,0
18108,ctx_category,control,2,14.0,0,0
9060,organic,control,6,6.9,0,1
5037,ctx_category,control,4,22.4,1,0
19740,organic,treatment,2,18.5,1,1
24872,organic,treatment,9,2.6,0,0
1456,ctx_brand,treatment,5,6.6,0,0
26221,organic,treatment,5,11.9,0,0
39973,organic,treatment,7,4.4,0,1
20831,organic,control,3,17.3,0,0
34657,ctx_brand,treatment,6,1.0,0,1
14271,ctx_brand,control,5,7.8,0,1
24587,cpa,treatment,3,19.4,1,0
20808,ctx_category,treatment,6,4.9,1,0
24405,ctx_category,treatment,5,9.4,0,1
9805,ctx_brand,control,2,21.9,0,0
5966,organic,treatment,2,19.2,0,0
32395,ctx_category,control,6,6.2,0,1
24770,organic,control,8,6.5,0,0
31994,organic,control,6,7.4,0,0
19705,ctx_brand,treatment,2,13.8,0,0
27500,organic,control,6,7.4,0,1
32286,organic,treatment,6,8.5,0,0
14770,ctx_brand,treatment,8,4.2,0,1
28462,social,treatment,5,7.1,1,1
10440,ctx_category,treatment,5,1.0,0,1
786,ctx_brand,treatment,9,8.8,0,1
2711,ctx_brand,control,8,9.2,0,0
35357,tv,control,6,12.2,1,1
27587,organic,treatment,7,6.0,0,0
39463,ctx_category,control,9,6.2,0,1
22555,ctx_brand,control,6,3.8,0,1
3611,cpa,treatment,6,5.6,0,0
32887,ctx_brand,treatment,9,5.6,0,1
12936,organic,treatment,10,7.2,0,1
28855,cpa,treatment,6,7.0,0,1
22265,ctx_category,treatment,5,5.4,1,1
27346,ctx_brand,control,1,23.7,0,0
39681,organic,treatment,5,12.9,0,0
36475,organic,control,5,10.0,0,0
17068,ctx_brand,treatment,1,17.7,0,0
25803,organic,treatment,6,5.6,0,1
23831,organic,control,6,6.9,0,1
29843,ctx_category,treatment,1,21.0,0,0
33254,ctx_brand,treatment,6,11.6,0,0
4000,organic,treatment,6,5.3,0,1
29456,ctx_category,treatment,2,27.0,0,0
37318,ctx_category,treatment,1,25.3,0,0
6381,tv,treatment,7,2.7,0,1
18255,organic,treatment,7,7.4,0,1
9911,social,treatment,7,5.2,1,1
2789,organic,treatment,6,7.5,0,0
3693,organic,control,8,6.9,0,0
25852,ctx_category,treatment,2,22.7,0,0
11651,ctx_category,control,2,13.2,1,0
22583,social,treatment,5,1.0,0,1
30720,social,treatment,4,14.0,0,0
11427,organic,treatment,2,18.1,0,0
6803,organic,control,1,21.8,0,0
15673,ctx_brand,control,5,3.9,0,0
21938,organic,control,3,23.0,0,0
22134,ctx_brand,treatment,4,16.5,0,0
23138,cpa,treatment,6,8.2,0,1
32002,organic,treatment,7,7.0,0,0
37248,organic,control,8,4.0,0,0
24606,organic,control,2,23.8,0,0
4082,organic,control,6,8.3,0,0
26223,organic,treatment,2,18.8,1,0
25920,social,control,6,5.2,0,0
20793,ctx_category,treatment,7,6.2,1,0
1361,social,treatment,6,4.3,0,1
13903,organic,control,3,13.1,0,0
1769,ctx_brand,control,2,19.6,0,0
15326,social,control,3,12.6,1,0
21309,organic,control,7,1.0,0,1
26341,organic,treatment,6,2.1,0,1
34750,influencer,treatment,6,11.2,0,1
1393,ctx_brand,control,5,19.1,0,0
35009,ctx_brand,treatment,11,6.2,1,0
36182,organic,treatment,4,22.7,0,0
29295,ctx_brand,treatment,5,15.1,1,0
17676,ctx_brand,treatment,7,7.8,0,1
13976,organic,control,5,26.2,0,0
17359,organic,treatment,1,19.9,0,0
35939,tv,treatment,7,8.7,0,0
22372,organic,control,7,5.2,0,0
38613,cpa,treatment,6,9.1,0,1
24185,organic,treatment,6,4.2,0,0
7924,ctx_brand,control,7,6.4,0,1
21930,ctx_category,control,6,12.4,0,1
16167,organic,treatment,4,17.7,0,0
4048,ctx_category,treatment,5,4.5,1,1
38164,cpa,treatment,7,7.3,1,1
8491,organic,control,4,19.1,0,0
21437,organic,control,1,23.5,0,0
27467,organic,treatment,6,3.1,0,1
32153,social,treatment,1,17.9,1,0
36761,social,control,3,27.1,0,0
10453,cpa,control,9,8.1,1,1
32971,organic,control,2,24.9,0,0
32311,organic,treatment,6,6.4,0,0
1945,organic,control,5,24.2,0,0
7324,organic,control,3,17.5,0,0
7368,cpa,treatment,6,9.4,1,0
7863,organic,treatment,7,9.8,0,1
38674,organic,control,9,4.0,0,1
7524,tv,treatment,3,25.5,0,0
17967,ctx_category,treatment,6,4.4,0,1
32592,organic,treatment,2,18.9,0,0
8558,organic,treatment,5,21.7,0,0
26155,influencer,control,3,22.5,0,0
34234,organic,treatment,5,1.0,0,1
72,ctx_brand,control,2,24.6,0,0
1724,cpa,treatment,7,7.0,1,0
14022,ctx_brand,control,2,23.4,0,0
6513,organic,control,5,5.5,1,1
3924,organic,treatment,6,6.8,0,1
8879,ctx_category,control,2,16.9,0,1
4654,social,treatment,4,14.0,0,0
32364,organic,control,2,15.8,0,1
38709,ctx_category,control,5,9.2,0,0
20187,organic,treatment,4,23.0,1,1
20809,organic,control,3,23.6,0,0
16672,ctx_category,control,5,5.6,0,1
38338,cpa,treatment,6,5.9,1,0
8105,organic,treatment,6,6.7,0,1
37217,ctx_brand,control,3,19.2,0,0
18387,social,treatment,7,7.4,0,1
10695,ctx_brand,control,3,15.7,0,0
3578,ctx_brand,treatment,6,2.0,0,0
26231,organic,treatment,3,18.3,0,0
12911,cpa,control,2,24.3,1,0
32903,social,control,8,8.8,0,0
34092,organic,control,2,21.3,0,0
24215,ctx_category,treatment,6,8.6,1,0
5616,organic,control,5,9.7,1,1
9766,organic,control,2,21.8,0,0
26128,ctx_category,treatment,6,1.0,0,1
36158,organic,control,7,3.8,0,0
38077,organic,treatment,7,8.0,0,1
39141,organic,treatment,4,23.4,0,0
5760,ctx_brand,treatment,6,8.1,0,0
25962,ctx_brand,treatment,3,22.1,0,0
6177,ctx_category,treatment,3,11.8,0,1
39960,organic,control,4,18.3,0,0
11946,ctx_brand,treatment,3,13.4,0,1
13243,organic,treatment,2,18.6,0,0
5016,cpa,treatment,7,6.8,0,0
2854,ctx_category,control,1,22.3,0,0
27782,ctx_category,treatment,8,5.8,0,1
6348,ctx_brand,treatment,6,4.1,0,0
37725,cpa,treatment,5,2.7,0,1
32783,organic,control,9,8.0,0,0
5384,organic,treatment,3,19.1,1,1
9083,organic,treatment,4,27.0,0,0
18151,organic,control,5,5.3,0,0
39693,influencer,control,5,7.5,0,1
35624,ctx_brand,treatment,6,7.7,0,0
34127,organic,control,6,4.4,0,1
21505,social,control,2,19.1,0,0
25034,organic,treatment,3,17.0,0,0
29851,organic,treatment,2,13.7,0,1
6528,organic,control,3,17.7,0,0
2358,cpa,control,4,13.3,0,0
11188,social,control,4,15.4,0,0
34459,ctx_brand,treatment,8,6.8,0,0
1885,organic,treatment,7,3.9,0,0
18291,tv,control,10,5.2,0,1
10094,ctx_category,control,8,6.6,0,0
21779,influencer,treatment,2,19.3,0,0
28896,ctx_brand,control,5,7.4,0,1
30497,organic,control,7,8.4,1,1
9118,organic,control,10,7.1,0,0
36623,organic,treatment,6,10.9,0,1
37249,organic,treatment,8,10.4,0,1
3623,organic,treatment,5,2.1,0,1
32076,organic,treatment,1,20.7,0,0
16457,cpa,control,3,22.9,0,0
17515,ctx_brand,treatment,7,10.4,0,1
2240,organic,control,7,8.4,0,1
5383,organic,treatment,6,11.6,0,0
28251,organic,control,6,9.8,0,1
27806,organic,treatment,5,2.0,0,0
9085,organic,treatment,6,3.5,0,1
32658,organic,treatment,6,6.7,0,1
15852,tv,treatment,7,10.1,0,1
33990,organic,treatment,6,5.2,0,1
15753,organic,control,2,22.3,0,0
23550,ctx_category,control,6,7.9,0,0
30912,ctx_brand,treatment,7,7.4,0,0
23793,influencer,control,5,19.2,0,0
17120,organic,control,5,7.9,1,1
24665,ctx_brand,treatment,3,24.4,0,0
19183,organic,control,6,10.7,1,1
14662,ctx_brand,treatment,5,9.0,0,0
8026,influencer,treatment,4,23.7,0,0
778,influencer,control,4,25.4,0,0
6102,influencer,control,3,20.7,0,0
8415,organic,treatment,6,1.0,0,1
468,ctx_brand,treatment,6,5.6,0,1
18423,organic,treatment,4,16.9,0,0
26624,influencer,treatment,5,13.2,0,1
22644,organic,treatment,2,21.3,0,0
23559,organic,control,7,3.5,0,0
1230,organic,treatment,6,22.8,0,0
32784,organic,control,7,10.5,0,1
2408,ctx_category,treatment,1,18.9,0,0
8928,ctx_brand,treatment,7,4.2,0,0
8020,ctx_brand,control,10,7.5,0,1
38169,ctx_brand,treatment,2,21.6,0,0
26143,organic,control,10,3.2,0,1
25399,ctx_brand,treatment,2,19.9,1,0
30928,influencer,control,8,9.2,0,0
20917,organic,treatment,7,3.0,0,1
12082,ctx_brand,treatment,1,23.6,0,0
7030,organic,treatment,9,5.2,0,0
25158,ctx_category,control,6,7.1,0,1
22699,organic,control,5,10.1,0,1
30444,social,control,3,22.2,0,0
10671,influencer,control,6,6.0,0,1
13088,cpa,treatment,7,2.8,1,1
17846,social,control,2,20.2,0,0
26600,social,treatment,6,5.3,0,0
20815,organic,control,5,19.1,1,0
2940,ctx_brand,treatment,10,3.4,1,0
7573,organic,treatment,4,16.0,0,1
23029,influencer,control,5,9.0,0,1
38523,ctx_category,control,6,21.8,0,0
29567,ctx_brand,control,6,2.2,0,1
13643,ctx_category,control,3,17.3,0,0
37101,organic,control,3,13.4,0,0
3485,organic,treatment,6,7.0,0,1
4911,organic,treatment,3,6.9,0,0
16840,cpa,treatment,8,7.8,1,1
5069,organic,treatment,3,19.0,0,0
5050,ctx_category,control,7,7.6,0,0
37118,ctx_category,treatment,5,8.0,1,1
38861,ctx_brand,treatment,6,8.1,0,1
9395,organic,treatment,4,11.3,0,1
31130,organic,treatment,4,20.4,0,0
37203,organic,treatment,7,3.5,1,1
37594,organic,control,7,23.0,0,0
15486,ctx_brand,treatment,6,1.6,0,0
9716,organic,treatment,3,17.1,0,0
16561,organic,control,6,4.7,1,0
39618,organic,control,7,3.2,0,0
35708,social,treatment,6,1.8,1,1
15150,organic,treatment,6,11.2,0,0
26767,social,treatment,1,20.7,0,0
22405,organic,control,5,2.9,1,1
26798,tv,control,7,5.4,0,0
10840,ctx_category,treatment,7,21.6,1,0
4625,ctx_category,treatment,7,6.2,0,1
27404,ctx_category,control,3,20.0,0,0
15233,organic,treatment,3,21.2,1,0
17419,organic,treatment,5,5.8,0,1
22667,tv,treatment,1,19.1,0,0
15292,organic,treatment,6,8.5,0,1
1637,organic,treatment,8,9.7,0,1
9232,organic,treatment,5,4.3,0,0
39892,ctx_brand,control,2,7.2,0,0
29240,ctx_brand,treatment,8,9.8,0,1
26690,social,control,3,22.5,0,0
10140,ctx_brand,treatment,7,4.5,0,0
39031,organic,treatment,5,4.0,1,1
19298,organic,treatment,5,5.3,0,1
5343,ctx_category,control,7,10.5,0,0
163,ctx_brand,control,5,3.4,0,1
28782,organic,control,6,15.3,0,0
24935,influencer,treatment,7,2.6,0,1
29757,organic,treatment,7,10.2,0,1
21655,organic,treatment,4,23.7,0,0
15788,influencer,control,3,20.2,0,0
23114,ctx_category,control,5,4.1,0,0
22915,ctx_category,treatment,2,9.6,0,0
21672,influencer,treatment,2,14.1,0,0
19600,organic,treatment,2,21.2,0,0
1584,cpa,treatment,7,6.9,0,0
20239,organic,treatment,2,19.2,0,0
2569,organic,control,5,5.4,0,0
9249,ctx_category,treatment,6,4.2,0,0
5364,cpa,control,2,15.9,0,0
30446,social,control,7,6.1,1,0
36365,organic,treatment,6,7.4,0,1
33010,ctx_category,treatment,5,12.9,0,1
29345,ctx_category,control,7,6.7,0,1
35298,ctx_category,treatment,8,4.9,0,1
26183,ctx_category,treatment,7,10.1,0,0
19007,ctx_category,control,7,4.2,0,1
11291,ctx_brand,control,5,5.2,1,0
12302,organic,control,7,6.6,0,1
33019,influencer,control,3,22.5,0,0
28636,organic,treatment,2,11.4,0,1
10384,cpa,treatment,5,7.5,0,1
38796,ctx_brand,control,3,22.5,0,0
2230,cpa,treatment,6,11.2,0,1
25409,ctx_brand,control,7,3.5,0,1
5470,influencer,control,1,15.4,0,0
14505,influencer,treatment,6,4.9,0,0
23751,organic,control,5,18.7,0,0
29591,social,control,3,14.4,0,0
5523,organic,treatment,1,24.4,0,0
34833,ctx_category,control,2,18.4,0,0
35380,ctx_brand,control,5,6.1,0,1
29631,organic,treatment,5,17.2,0,1
32630,organic,control,10,8.7,0,0
16525,ctx_category,control,5,9.7,1,0
11730,cpa,treatment,1,20.8,0,0
36263,organic,control,5,2.0,0,1
9617,organic,treatment,5,1.0,0,1
5969,organic,control,8,11.8,0,0
34739,organic,control,6,7.2,0,1
37130,organic,treatment,6,6.5,0,1
32343,organic,treatment,4,15.1,0,0
22718,organic,control,4,17.6,0,0
14932,organic,control,2,13.4,0,0
20844,organic,treatment,6,3.9,0,1
35014,organic,control,3,6.6,0,1
424,organic,control,6,5.3,0,0
33260,ctx_brand,treatment,5,8.4,0,0
738,cpa,control,2,17.6,1,0
33683,ctx_brand,control,3,16.2,0,0
6429,ctx_brand,treatment,6,6.4,0,1
4991,cpa,control,3,21.0,0,0
17608,organic,control,4,15.4,0,0
36615,ctx_category,treatment,7,1.0,0,1
3281,social,control,3,15.8,0,0
29484,organic,treatment,7,8.4,1,0
27315,ctx_category,control,6,2.3,0,1
11371,organic,control,8,3.1,1,0
11426,ctx_category,treatment,7,1.1,0,0
19904,ctx_brand,control,7,5.2,0,1
36161,tv,treatment,5,5.2,0,1
27365,ctx_category,control,5,6.6,0,1
2685,organic,control,6,6.6,0,0
21112,organic,control,6,7.7,0,1
34678,cpa,control,5,1.5,1,1
39913,ctx_brand,control,9,4.8,1,1
37682,organic,control,5,5.1,0,0
23735,organic,treatment,5,7.6,1,1
6108,organic,treatment,7,11.9,0,1
21595,organic,control,4,14.0,0,0
20490,organic,treatment,6,6.8,0,0
16469,organic,control,7,6.1,0,0
32248,social,treatment,8,4.5,0,1
4149,ctx_brand,treatment,6,3.7,0,1
25105,organic,treatment,6,16.0,0,1
34720,organic,control,4,12.6,0,0
39437,cpa,control,6,8.6,0,0
27411,organic,control,5,10.2,0,1
8625,ctx_category,treatment,6,8.3,1,1
6463,ctx_brand,control,5,17.6,0,0
26028,ctx_category,treatment,8,7.3,0,0
18462,organic,control,7,2.3,1,0
7883,organic,control,1,19.1,0,0
16959,ctx_brand,control,6,14.8,0,0
5796,organic,treatment,2,14.5,0,0
17300,organic,treatment,6,27.8,0,0
6553,organic,control,7,8.6,0,0
34142,ctx_brand,control,6,4.0,0,1
2499,organic,treatment,5,3.0,0,0
12058,organic,control,6,9.9,0,1
18566,organic,control,6,1.0,0,1
16149,influencer,control,6,8.0,1,1
14387,ctx_brand,treatment,9,7.5,0,0
11124,influencer,treatment,5,7.1,0,0
17433,cpa,treatment,7,8.6,0,1
6614,social,control,6,5.9,0,1
6499,ctx_brand,treatment,2,23.5,0,0
7845,ctx_category,treatment,3,7.1,0,1
30917,social,control,1,23.3,1,0
5767,organic,control,7,4.9,1,0
27517,organic,treatment,6,1.2,0,1
4837,organic,control,6,8.1,0,1
11352,organic,control,1,22.3,0,0
31733,social,treatment,7,6.5,1,1
7277,organic,treatment,6,5.1,1,0
14811,influencer,control,7,9.5,0,1
10358,organic,treatment,3,22.5,0,0
23259,organic,control,3,12.5,0,0
10600,organic,treatment,3,14.3,0,1
35956,organic,control,2,15.8,0,0
26373,organic,control,7,3.1,1,1
9869,social,control,8,5.4,1,0
5151,ctx_brand,treatment,6,1.0,0,0
10707,organic,treatment,2,12.7,0,1
34470,organic,treatment,6,3.8,0,1
5770,ctx_category,control,7,9.2,0,0
16859,organic,treatment,7,4.1,0,1
23011,organic,treatment,4,19.1,0,0
12038,organic,treatment,2,19.4,0,0
38665,ctx_brand,control,5,12.2,1,0
7728,tv,control,6,9.4,0,1
24601,ctx_category,control,3,25.7,0,0
1273,organic,treatment,10,4.6,0,1
18576,influencer,control,3,19.6,0,0
24947,ctx_brand,control,1,21.2,0,0
1478,organic,control,7,6.8,0,1
39945,organic,treatment,3,26.3,0,0
19820,ctx_brand,control,5,2.7,1,0
2269,social,treatment,7,1.0,0,1
5441,ctx_category,treatment,8,10.2,0,0
3937,ctx_category,control,7,1.0,0,0
35526,organic,control,6,4.3,1,1
33487,ctx_category,control,6,21.6,0,0
5431,organic,control,5,5.0,1,0
11014,ctx_category,treatment,6,6.9,0,1
6694,social,control,8,11.1,0,0
37294,organic,control,3,14.1,0,1
32916,ctx_category,treatment,1,25.2,0,0
21266,organic,treatment,4,20.0,0,0
1545,organic,control,3,14.4,0,0
21659,organic,treatment,4,17.2,0,0
27981,ctx_brand,control,1,16.6,0,0
6166,ctx_brand,treatment,5,14.4,0,1
22778,social,treatment,2,19.3,1,0
36217,organic,control,2,24.3,1,0
27335,tv,treatment,2,14.9,0,0
9929,organic,treatment,3,9.8,0,1
36234,organic,control,2,16.0,0,0
37371,organic,control,8,6.5,0,0
34047,ctx_brand,treatment,4,20.7,0,0
546,ctx_brand,treatment,6,6.8,1,1
16794,organic,treatment,6,7.1,0,1
1351,organic,treatment,7,3.2,0,0
19775,organic,treatment,7,8.8,1,0
1208,cpa,control,2,13.8,1,0
30826,organic,control,7,11.2,0,1
8270,organic,treatment,6,9.8,0,1
15278,organic,control,6,5.9,0,0
5186,organic,treatment,2,21.9,0,0
9853,ctx_brand,control,5,7.6,0,0
16415,organic,treatment,3,17.8,0,0
688,organic,treatment,6,12.6,1,1
20842,ctx_brand,control,2,13.8,0,0
10118,organic,treatment,6,9.6,0,1
32637,ctx_category,treatment,9,9.9,0,1
8766,organic,control,5,29.8,0,0
7383,ctx_brand,treatment,7,3.6,0,1
15675,organic,control,2,20.6,0,0
27192,organic,treatment,6,4.5,0,1
31085,influencer,treatment,1,17.1,0,0
9383,ctx_category,treatment,10,5.0,0,1
33346,organic,control,5,15.2,1,0
19608,social,control,5,3.8,0,0
6458,ctx_brand,treatment,1,27.0,0,0
16748,organic,control,5,6.6,0,1
29126,tv,control,5,5.5,0,0
24582,organic,treatment,4,16.3,0,1
13238,ctx_brand,control,6,6.6,0,0
2661,ctx_brand,control,8,7.0,0,1
31395,ctx_category,control,6,1.0,0,1
28213,ctx_category,treatment,5,8.0,0,0
10334,organic,treatment,6,7.2,0,1
22212,organic,treatment,3,18.2,0,0
33647,organic,treatment,8,9.1,0,0
8165,cpa,treatment,3,16.1,1,0
37890,tv,control,4,20.0,1,0
20779,ctx_brand,control,3,10.5,0,0
9409,organic,treatment,5,6.0,0,1
11189,social,control,10,8.2,0,0
30402,ctx_brand,treatment,9,7.1,1,0
32342,organic,control,3,19.0,0,0
23753,ctx_brand,treatment,3,22.9,0,0
27353,ctx_category,control,6,9.7,1,0
39822,social,control,3,13.7,1,0
29333,ctx_category,control,2,17.6,0,0
39402,ctx_brand,control,6,8.0,0,0
26616,ctx_category,control,6,7.6,0,1
36460,cpa,treatment,6,5.9,0,0
20717,social,treatment,9,10.4,1,1
2772,organic,treatment,2,21.8,0,0
1169,ctx_category,treatment,1,22.0,0,0
37778,organic,treatment,3,23.5,0,0
9974,social,control,3,19.2,0,0
30765,ctx_brand,treatment,9,3.3,0,1
862,ctx_brand,treatment,5,6.3,0,1
8495,cpa,treatment,3,11.8,0,1
34298,social,control,3,16.7,0,0
8054,social,control,3,21.5,0,0
26844,cpa,control,6,5.5,0,0
8201,ctx_category,control,4,14.9,0,1
14810,organic,control,8,3.8,0,1
17870,influencer,control,6,1.0,0,0
17493,organic,control,4,25.9,0,0
37787,ctx_category,treatment,3,13.5,0,1
32339,cpa,treatment,6,5.9,0,0
31663,organic,treatment,7,5.1,0,1
16650,organic,treatment,5,2.2,0,0
5700,organic,control,8,9.2,0,1
4900,cpa,control,9,5.6,0,1
2721,ctx_brand,control,3,21.0,0,0
4890,organic,control,3,23.8,0,0
23100,cpa,treatment,3,13.1,1,0
39962,ctx_brand,treatment,7,7.4,0,1
34149,organic,control,8,7.2,0,0
34189,ctx_category,treatment,6,6.9,0,1
7146,ctx_brand,control,3,21.1,0,0
34507,cpa,control,6,3.5,0,0
23000,organic,control,3,18.3,0,0
32965,cpa,control,6,4.7,0,0
9366,organic,treatment,5,10.7,1,1
32028,ctx_brand,treatment,3,20.8,0,0
39617,ctx_brand,treatment,8,8.4,0,1
23524,ctx_brand,control,11,6.7,0,1
21734,ctx_brand,treatment,3,20.3,0,0
16572,ctx_brand,control,7,2.3,0,1
11154,ctx_brand,treatment,2,18.6,0,0
1095,ctx_brand,control,8,5.0,0,1
6828,ctx_category,treatment,8,3.2,0,1
29305,social,control,5,6.4,1,1
10822,ctx_category,control,7,7.7,0,0
28029,organic,control,7,7.9,0,0
21935,ctx_brand,control,3,18.3,0,0
11902,ctx_category,treatment,6,3.2,0,0
33590,ctx_brand,control,1,21.2,0,0
13645,ctx_brand,treatment,6,4.6,0,0
3980,ctx_category,treatment,7,3.0,1,1
30961,organic,control,6,1.0,0,0
13741,cpa,treatment,6,9.2,1,1
31597,social,treatment,6,6.0,0,0
17299,ctx_category,control,6,8.7,0,0
26629,ctx_category,control,6,8.9,0,0
30990,organic,control,2,11.9,0,0
26659,ctx_category,treatment,5,5.4,0,1
5042,organic,treatment,5,4.2,1,0
39265,cpa,control,6,6.2,0,0
7748,organic,treatment,6,4.2,0,0
10624,organic,control,2,12.2,0,0
25869,organic,control,6,6.2,1,0
39979,influencer,treatment,6,2.8,0,0
285,organic,treatment,6,9.1,0,1
5598,social,control,5,15.4,0,0
30552,organic,treatment,8,8.4,0,1
32440,social,control,6,4.2,0,1
25949,organic,treatment,3,19.4,0,0
3035,tv,treatment,4,13.1,1,1
16588,ctx_brand,treatment,4,17.9,0,0
10254,ctx_brand,treatment,6,2.4,0,0
15340,organic,treatment,5,3.1,0,1
1788,ctx_brand,control,8,5.1,0,1
2695,organic,treatment,6,5.8,1,1
21683,ctx_category,control,8,7.9,0,0
13367,organic,treatment,6,6.6,0,1
23134,organic,control,6,7.9,1,0
31360,social,control,5,1.0,0,1
2395,cpa,control,7,4.1,1,1
21760,organic,treatment,7,3.5,0,0
36511,ctx_brand,treatment,2,17.8,0,0
27844,influencer,treatment,4,11.0,0,0
21547,ctx_brand,treatment,6,5.6,0,1
12964,organic,control,6,3.8,0,0
26037,organic,treatment,5,8.7,0,1
26228,social,control,7,6.9,1,0
10330,organic,control,5,4.5,0,1
16342,organic,treatment,2,20.3,0,0
20447,organic,control,6,8.2,0,1
25789,ctx_brand,control,6,3.7,0,0
39198,ctx_category,treatment,2,21.1,0,0
19773,social,treatment,2,16.7,1,0
18939,cpa,treatment,2,18.3,0,0
15860,ctx_category,treatment,5,5.6,0,1
18592,organic,treatment,2,19.4,0,0
17027,organic,treatment,2,15.0,0,0
8809,cpa,treatment,7,9.1,0,0
39090,influencer,control,3,23.7,0,0
15192,organic,control,3,20.0,0,0
14075,cpa,control,1,24.3,0,0
24661,social,control,6,2.0,0,0
2841,influencer,control,2,14.8,0,1
17878,organic,treatment,3,21.7,0,0
18970,social,control,5,4.4,0,1
86,organic,control,6,8.7,0,1
28335,ctx_category,treatment,6,7.8,0,1
18203,cpa,control,5,16.8,0,0
11551,organic,treatment,6,7.5,0,1
7763,ctx_category,treatment,7,2.1,0,1
37957,organic,treatment,1,18.3,0,0
30478,organic,treatment,5,2.8,0,1
14563,organic,control,6,2.8,0,1
28252,ctx_brand,control,5,22.3,0,0
10954,organic,treatment,7,9.1,1,1
12690,ctx_brand,control,6,5.4,0,1
11448,influencer,treatment,7,5.3,1,1
21767,ctx_brand,control,6,9.9,0,1
26337,organic,treatment,5,18.2,1,1
31347,organic,control,3,20.3,0,0
12006,ctx_category,control,7,12.2,0,1
15705,organic,control,6,7.7,1,1
8840,organic,treatment,7,5.6,0,1
25623,ctx_category,treatment,6,10.2,0,0
2439,cpa,treatment,2,20.8,0,0
38020,ctx_category,treatment,10,9.8,0,0
6762,tv,treatment,9,7.5,0,1
37774,organic,control,8,9.5,0,0
31243,organic,control,5,10.7,0,0
18189,social,treatment,5,11.6,0,1
39153,organic,control,6,5.5,0,0
29099,organic,treatment,8,4.6,0,1
35942,organic,control,7,3.3,0,0
31336,ctx_category,control,7,9.8,0,1
22074,influencer,treatment,6,8.9,0,1
18476,ctx_category,control,9,3.1,1,1
29180,ctx_category,treatment,8,6.1,0,1
39146,social,treatment,6,10.0,0,1
24794,influencer,control,6,5.1,0,1
36937,organic,control,2,21.5,0,0
32237,ctx_category,treatment,5,9.3,0,1
23578,organic,treatment,3,18.7,0,0
28658,cpa,treatment,5,7.9,0,1
26092,organic,control,3,22.3,0,0
29942,social,treatment,6,1.3,0,1
37751,organic,control,8,7.3,0,1
3400,influencer,treatment,8,4.7,0,1
37144,organic,control,3,12.3,0,0
19520,organic,control,5,4.7,0,1
36884,organic,control,5,10.8,1,0
7473,social,control,10,8.5,0,0
3509,organic,treatment,2,12.8,0,0
20299,ctx_category,treatment,6,5.1,0,0
7465,organic,treatment,5,7.1,0,0
7350,ctx_category,control,2,16.2,0,0
29161,organic,treatment,10,6.6,0,1
5338,organic,treatment,1,20.0,0,0
5790,social,treatment,5,6.3,1,1
18814,cpa,treatment,6,5.9,0,1
17653,organic,treatment,3,11.3,0,1
23370,ctx_category,control,5,4.1,1,0
16087,organic,control,3,12.2,0,0
35228,organic,treatment,8,7.7,0,1
23030,ctx_brand,treatment,2,21.9,0,0
10982,organic,control,5,17.0,0,0
23915,cpa,treatment,6,3.4,1,0
895,ctx_brand,treatment,7,3.6,0,1
25672,organic,control,10,7.1,0,1
3903,cpa,control,8,17.7,1,0
4032,cpa,treatment,8,1.0,1,1
22147,organic,control,5,4.0,0,1
9625,organic,treatment,6,6.8,0,1
19970,ctx_brand,treatment,6,6.7,0,0
37004,organic,treatment,1,19.9,0,0
21276,organic,treatment,3,23.2,0,0
18465,influencer,control,2,26.5,0,0
18870,social,control,2,21.1,0,0
32032,organic,treatment,7,6.0,0,0
33998,organic,treatment,7,2.0,0,1
5065,ctx_category,control,7,2.2,0,0
27545,organic,control,1,20.5,0,0
24924,organic,control,8,8.1,0,0
34112,organic,treatment,6,4.9,1,0
18785,ctx_category,treatment,5,9.2,0,1
36133,organic,control,1,24.0,0,0
23991,organic,treatment,5,6.5,0,1
13345,social,control,7,4.7,0,0
10388,organic,treatment,6,9.5,0,1
38062,organic,treatment,3,18.0,1,0
9360,organic,treatment,6,11.2,0,0
28267,organic,control,6,6.5,0,0
34845,organic,control,5,4.1,0,0
27291,ctx_brand,control,2,18.9,0,0
4224,ctx_category,control,6,8.2,0,1
18523,organic,control,4,23.2,0,0
943,organic,treatment,5,6.9,0,1
30422,organic,control,1,15.4,0,0
7608,organic,control,8,9.9,0,0
36140,organic,treatment,8,1.0,0,1
28366,ctx_category,treatment,2,16.4,0,0
36308,ctx_brand,control,7,4.4,0,0
24264,organic,treatment,8,8.1,0,1
4590,organic,treatment,7,9.5,0,0
37131,ctx_brand,treatment,7,6.6,0,1
21631,ctx_brand,control,5,8.6,0,0
11087,organic,control,6,8.4,0,0
17740,social,treatment,5,8.7,1,0
12570,influencer,control,6,5.0,0,0
26313,ctx_brand,treatment,8,6.8,0,1
27363,ctx_category,control,5,4.3,0,1
16385,ctx_brand,treatment,6,1.0,0,1
36735,organic,control,6,3.7,0,0
26613,organic,control,5,10.0,0,1
14481,organic,treatment,6,10.3,0,1
1073,ctx_category,treatment,6,5.2,1,0
14973,influencer,treatment,6,5.9,1,0
799,ctx_category,treatment,5,8.6,1,0
1519,organic,treatment,4,17.4,0,0
16536,organic,control,6,3.1,1,0
33714,influencer,control,1,18.1,0,0
12882,ctx_category,treatment,5,6.7,1,0
15626,organic,treatment,5,5.4,1,0
35754,organic,control,3,18.1,0,0
23253,ctx_brand,control,8,8.8,0,0
10062,organic,control,10,2.4,0,0
30330,social,control,5,5.3,0,1
11522,ctx_category,control,5,7.9,0,0
17104,influencer,control,6,4.6,1,0
18633,organic,treatment,2,12.2,0,0
22351,ctx_category,control,6,8.6,0,1
8123,social,treatment,8,2.1,0,0
13850,ctx_brand,control,7,5.8,0,1
31762,ctx_brand,treatment,8,4.0,0,1
19384,ctx_category,control,8,1.4,0,0
29727,ctx_brand,control,5,9.8,0,0
4483,organic,treatment,7,5.8,0,1
11026,organic,control,8,1.0,0,0
11643,organic,control,6,2.3,0,1
15751,organic,control,8,5.9,0,1
38368,organic,treatment,6,3.3,0,1
22248,social,control,6,6.1,1,1
17109,ctx_category,control,4,17.9,0,0
39092,organic,treatment,2,16.3,0,0
22029,organic,treatment,5,3.1,0,1
9283,organic,treatment,6,17.0,0,0
35785,social,control,6,8.8,0,1
23617,organic,control,2,19.6,0,0
33857,ctx_brand,control,6,2.9,0,0
5603,organic,control,6,8.1,1,0
32210,ctx_brand,control,7,4.8,0,0
38743,organic,treatment,6,12.7,0,1
21697,ctx_brand,treatment,6,6.8,0,1
14235,ctx_brand,treatment,3,20.2,0,0
4051,organic,control,5,19.6,0,0
1389,ctx_brand,treatment,8,8.7,0,0
9470,influencer,treatment,9,2.7,0,1
14317,ctx_category,treatment,1,20.8,0,0
22930,social,treatment,3,9.4,0,1
32861,organic,control,6,5.6,0,1
17472,ctx_brand,control,5,8.6,1,1
13817,organic,control,4,19.5,0,0
27667,organic,treatment,3,25.2,0,0
13670,organic,control,3,24.4,0,0
24783,ctx_category,control,4,18.1,0,0
3029,organic,control,6,4.7,0,0
2593,ctx_brand,treatment,7,1.0,0,0
26837,ctx_category,control,6,8.6,0,1
26542,ctx_brand,treatment,7,10.5,0,0
26611,cpa,control,6,1.0,0,0
5185,influencer,treatment,7,8.8,1,1
37630,ctx_brand,treatment,6,6.1,0,0
33819,cpa,treatment,5,3.1,1,1
11357,influencer,treatment,6,5.2,0,0
15965,organic,treatment,4,17.9,0,0
12811,social,control,3,21.4,0,0
22860,ctx_category,treatment,4,18.8,1,1
901,cpa,treatment,6,18.6,1,0
25100,organic,treatment,7,6.0,0,0
13085,organic,control,4,25.3,0,0
36589,ctx_brand,treatment,6,9.9,0,1
9289,organic,treatment,6,1.1,0,0
7365,ctx_category,control,3,28.3,0,0
39203,organic,control,1,21.9,0,0
13633,tv,control,11,5.1,0,0
30191,organic,treatment,6,7.3,0,1
8507,ctx_brand,control,5,12.5,1,0
38197,ctx_brand,treatment,8,3.1,0,1
33717,cpa,treatment,5,3.2,0,1
29226,organic,treatment,5,4.2,0,1
33974,ctx_brand,control,1,19.1,0,0
37230,organic,treatment,4,12.3,0,0
21719,organic,treatment,2,13.1,0,1
11614,ctx_brand,treatment,10,5.8,0,1
31976,organic,treatment,1,18.5,0,0
21869,organic,control,5,10.4,0,1
11676,tv,control,4,18.7,1,0
3497,ctx_category,treatment,5,4.3,0,0
6074,tv,control,2,18.4,0,0
32301,organic,control,2,20.0,1,0
18670,organic,control,7,1.0,0,0
25848,organic,control,1,22.5,0,0
34911,ctx_brand,treatment,9,6.1,0,1
26640,ctx_brand,control,6,9.6,0,1
28171,organic,control,6,10.9,0,1
16395,organic,treatment,6,4.7,0,0
23166,ctx_brand,control,2,23.3,0,0
8264,ctx_category,control,7,7.8,0,0
27224,organic,control,8,3.0,0,1
12771,ctx_brand,treatment,7,4.0,0,0
21915,organic,treatment,5,5.0,0,0
11038,ctx_brand,control,3,17.3,0,0
5176,ctx_category,treatment,2,27.8,0,0
38280,cpa,treatment,2,23.0,0,0
25024,ctx_category,control,4,27.0,0,0
20544,ctx_brand,control,1,20.5,0,0
31179,organic,control,5,7.0,1,1
215,ctx_category,treatment,4,8.1,0,0
19762,ctx_brand,treatment,6,7.7,1,1
23340,organic,control,3,26.0,0,0
39416,organic,control,2,18.9,0,0
20500,organic,treatment,7,2.8,0,1
21573,ctx_category,control,10,7.5,0,1
19072,ctx_brand,control,6,3.9,0,0
7782,cpa,treatment,8,8.9,0,0
12903,organic,control,7,5.5,0,1
25805,social,treatment,6,4.6,0,1
39022,ctx_brand,treatment,2,23.2,0,0
12071,influencer,treatment,5,5.0,1,1
15480,ctx_category,treatment,1,22.2,0,0
8848,social,control,6,1.0,1,0
25386,ctx_category,treatment,4,15.4,0,1
15457,ctx_brand,control,8,8.9,0,0
32578,ctx_category,control,7,4.2,0,0
8553,organic,treatment,6,6.1,0,0
31573,organic,treatment,6,8.6,0,0
6798,ctx_category,control,6,7.2,0,0
26856,ctx_category,control,6,9.3,0,0
21163,influencer,control,5,23.0,0,0
8524,organic,control,7,3.8,0,1
15463,influencer,control,2,18.7,0,1
26049,organic,treatment,7,7.3,0,0
36039,ctx_brand,control,4,20.1,0,0
11910,ctx_brand,treatment,4,16.8,0,1
131,organic,treatment,4,15.7,0,0
21499,ctx_brand,control,6,5.5,1,1
3083,organic,treatment,2,17.1,0,0
24220,organic,control,3,17.7,0,0
23625,organic,control,6,7.9,0,0
8235,ctx_brand,control,6,3.2,0,0
6541,organic,control,3,28.1,0,0
17577,ctx_brand,treatment,5,3.6,0,0
30408,ctx_category,control,7,4.7,0,0
33789,organic,treatment,6,6.3,1,0
34228,organic,treatment,3,13.7,0,1
14074,organic,treatment,7,2.8,0,1
30113,ctx_category,control,8,5.0,0,1
11151,organic,control,2,12.3,0,0
22552,ctx_category,treatment,2,24.6,0,0
19533,cpa,treatment,6,9.1,1,0
11930,influencer,treatment,6,2.8,0,0
14960,organic,treatment,6,21.9,0,0
7855,organic,control,4,21.3,1,0
25540,social,treatment,4,10.4,0,0
6672,ctx_brand,control,5,7.2,0,1
18082,ctx_brand,treatment,7,3.0,0,1
25302,tv,control,7,4.9,0,0
13264,social,treatment,8,3.7,0,1
785,ctx_brand,treatment,5,3.9,0,1
7617,organic,treatment,6,9.1,0,1
25997,organic,control,6,8.7,0,0
19490,ctx_brand,treatment,7,3.2,0,0
5423,tv,control,5,4.0,0,1
16018,organic,control,3,18.7,0,0
381,ctx_category,control,6,4.5,0,1
8712,organic,treatment,3,10.0,0,1
6259,cpa,control,6,12.3,0,1
36971,ctx_brand,control,6,8.6,0,1
11787,tv,treatment,5,24.8,0,0
25296,organic,treatment,1,23.6,1,0
12755,ctx_brand,control,5,9.9,0,1
2829,organic,treatment,3,7.1,0,1
24486,cpa,control,2,20.1,1,0
26668,ctx_category,treatment,6,1.0,0,1
9893,influencer,control,3,20.6,0,0
36917,tv,control,1,18.8,0,0
15519,organic,control,5,3.6,0,1
7510,organic,treatment,2,14.4,0,0
1736,organic,treatment,6,9.5,0,0
11798,cpa,control,6,14.7,1,0
12967,ctx_category,treatment,6,4.6,0,1
1508,organic,control,3,13.1,0,0
21575,ctx_category,control,2,18.8,1,0
11029,ctx_brand,treatment,6,7.0,0,1
16787,ctx_category,control,2,17.4,0,0
32126,organic,treatment,9,7.1,0,0
22841,organic,control,9,4.9,0,1
8423,tv,control,3,18.5,0,0
38562,organic,control,3,18.7,0,0
26536,organic,treatment,9,4.1,0,1
7739,ctx_category,treatment,3,24.1,0,0
32915,organic,treatment,3,25.2,0,0
36387,organic,treatment,7,5.0,0,0
36063,social,control,1,22.5,1,0
36011,ctx_brand,treatment,3,22.8,0,0
6676,ctx_brand,treatment,2,22.5,0,0
18095,organic,control,6,2.8,1,0
12030,cpa,treatment,1,19.6,0,0
21344,organic,control,4,14.5,0,0
8367,organic,treatment,7,8.4,0,1
6422,ctx_brand,treatment,6,1.0,0,0
37382,organic,treatment,7,3.7,0,1
28812,organic,control,6,12.2,0,0
31453,social,treatment,1,18.9,0,0
25466,tv,treatment,6,8.5,0,0
25706,tv,treatment,5,2.3,0,1
11744,organic,treatment,4,12.3,0,0
29304,ctx_brand,treatment,6,8.2,0,0
37795,cpa,treatment,4,20.3,0,0
4663,ctx_brand,control,5,1.0,0,0
24621,organic,control,1,23.4,0,0
26226,organic,control,5,8.0,0,0
35198,organic,treatment,5,3.1,0,1
9438,cpa,treatment,8,8.3,0,0
33261,ctx_brand,control,1,16.5,0,0
9258,cpa,control,10,9.4,0,1
31789,organic,treatment,7,9.5,0,1
6977,ctx_category,treatment,1,25.0,0,0
36870,organic,control,6,2.8,1,1
26699,ctx_brand,treatment,2,17.4,0,0
27677,social,control,2,23.7,1,0
660,organic,control,1,21.1,1,0
13636,cpa,control,3,10.1,1,0
6180,ctx_category,treatment,6,10.8,0,1
7446,organic,control,5,3.9,0,1
22837,ctx_brand,treatment,8,2.7,1,0
37267,organic,control,6,6.0,0,1
14778,organic,control,7,11.9,0,1
14519,social,control,5,4.6,0,0
17089,organic,treatment,5,7.0,0,0
35635,organic,treatment,2,19.6,0,0
11567,organic,control,6,9.6,0,1
30010,ctx_brand,control,8,6.9,0,0
31263,ctx_brand,treatment,2,16.9,0,0
24422,ctx_category,treatment,3,18.3,0,1
32029,organic,treatment,6,2.5,0,0
33804,influencer,treatment,2,23.8,0,0
13317,organic,treatment,3,23.1,0,0
19557,organic,control,4,15.3,0,0
25509,influencer,treatment,6,8.5,0,1
32806,organic,control,6,8.7,1,0
16245,organic,treatment,1,19.7,0,0
35167,ctx_category,control,4,11.5,1,0
37035,social,control,6,4.0,1,0
1667,ctx_category,treatment,2,17.6,0,0
2368,organic,control,8,1.9,0,1
12629,organic,control,9,1.0,0,0
12179,social,treatment,6,3.6,0,1
14605,organic,control,7,5.0,0,0
9866,organic,control,3,22.6,0,0
13073,ctx_brand,control,9,2.7,0,1
10950,organic,treatment,6,3.0,0,1
4344,organic,control,2,19.1,0,0
13438,organic,treatment,3,24.1,0,1
19894,organic,control,1,15.4,0,0
13444,organic,treatment,6,8.4,1,1
12782,social,treatment,2,19.0,0,0
11968,organic,control,5,6.9,0,1
27489,organic,treatment,5,22.9,0,0
32839,ctx_brand,treatment,7,5.2,0,0
4447,ctx_category,treatment,9,5.7,0,1
18169,ctx_brand,treatment,6,4.7,0,1
19693,ctx_category,control,8,5.6,0,0
20936,ctx_brand,treatment,2,15.4,0,0
19166,influencer,treatment,4,18.0,1,0
22011,influencer,control,1,26.3,0,0
1179,organic,control,6,9.6,1,0
14988,organic,control,6,20.4,0,0
34803,organic,control,6,8.5,0,0
14358,organic,treatment,3,10.0,0,0
26761,cpa,treatment,8,4.6,1,0
15870,ctx_category,treatment,2,22.4,0,0
2360,organic,control,4,20.0,0,0
9277,organic,control,9,6.6,0,1
8903,organic,control,2,11.3,0,1
31121,ctx_category,control,5,5.0,0,0
20066,ctx_brand,treatment,6,6.7,0,1
26585,organic,control,3,13.1,0,0
1064,organic,control,6,5.7,0,1
21599,ctx_brand,treatment,4,30.7,0,0
32290,ctx_brand,treatment,5,15.3,0,0
37487,ctx_brand,control,7,8.1,0,1
10506,organic,control,7,7.0,0,1
6892,organic,control,3,22.8,0,0
37115,ctx_brand,control,5,9.4,0,0
37619,ctx_brand,treatment,1,16.4,0,0
37031,ctx_brand,control,7,5.6,1,1
4309,ctx_brand,treatment,1,22.6,0,0
19290,ctx_brand,treatment,7,2.1,0,1
4868,organic,control,5,5.2,0,0
9606,ctx_brand,control,7,13.7,0,0
24275,ctx_category,control,2,17.5,0,0
29325,organic,treatment,7,8.6,1,0
21310,ctx_brand,control,5,4.5,0,0
3423,organic,control,5,5.2,0,0
13840,ctx_category,control,7,1.8,0,1
28153,organic,control,2,20.0,0,0
10652,organic,treatment,3,20.8,0,0
29085,cpa,treatment,5,1.7,0,0
37620,ctx_brand,treatment,6,4.1,0,0
508,organic,treatment,6,7.6,0,1
15313,cpa,control,7,6.0,0,0
9111,ctx_brand,treatment,2,17.6,0,0
6003,organic,control,2,24.0,1,0
34174,organic,treatment,7,3.4,1,1
26911,social,control,7,8.6,1,1
35638,cpa,control,2,21.0,1,0
23297,organic,control,9,2.5,0,0
15541,organic,control,8,2.8,0,1
21162,ctx_category,control,5,3.1,1,0
16986,organic,control,7,7.6,0,1
463,ctx_category,treatment,7,9.4,0,0
4694,ctx_brand,control,7,8.1,0,1
13715,tv,treatment,5,1.0,0,0
38318,ctx_category,treatment,6,8.4,0,1
19378,organic,control,1,19.8,0,0
12079,ctx_category,control,4,21.7,1,0
4689,organic,control,7,4.9,0,0
9752,social,treatment,3,14.7,0,0
16308,organic,control,7,1.0,0,0
31337,ctx_category,control,2,20.2,0,1
35110,ctx_brand,treatment,6,3.1,0,1
7012,organic,control,7,3.3,0,1
13598,organic,treatment,6,8.0,0,0
38803,organic,treatment,5,21.1,1,0
4869,organic,control,7,5.9,1,0
37646,organic,treatment,6,6.9,0,1
39385,organic,treatment,2,22.6,0,0
10408,ctx_category,treatment,3,15.8,0,0
12833,cpa,treatment,5,9.3,1,1
20364,social,treatment,3,11.3,1,0
16118,organic,treatment,7,7.6,0,0
19258,organic,treatment,7,5.8,0,0
6531,ctx_category,control,7,10.8,0,1
16693,organic,control,7,1.0,0,1
34939,organic,treatment,6,5.0,0,1
37236,organic,treatment,6,9.2,0,0
36636,tv,treatment,8,5.2,0,0
115,organic,control,3,20.2,0,0
14441,organic,control,8,6.3,0,1
12905,ctx_brand,treatment,6,1.0,0,0
17742,tv,treatment,6,9.2,0,1
6519,ctx_brand,treatment,2,23.2,0,0
20285,organic,control,4,16.4,0,1
15415,tv,treatment,1,22.0,1,0
37535,organic,treatment,1,21.6,1,0
8036,organic,treatment,5,20.2,0,0
3115,cpa,treatment,6,13.2,1,0
27355,organic,treatment,2,18.1,0,0
6206,organic,control,5,1.1,0,1
5244,ctx_category,control,7,7.4,0,1
16153,ctx_brand,control,3,12.5,0,0
13244,ctx_category,control,2,15.6,0,0
6157,organic,treatment,5,2.7,1,0
32740,cpa,control,8,9.1,0,1
21320,ctx_category,treatment,8,7.5,0,1
11231,organic,treatment,5,3.8,0,1
7187,cpa,treatment,7,6.9,1,1
5813,organic,control,2,17.4,0,0
35630,ctx_category,treatment,11,6.3,1,0
2515,influencer,control,3,11.6,0,1
6537,ctx_brand,control,5,5.5,0,1
19354,organic,treatment,5,18.9,0,0
14303,ctx_category,control,4,12.3,0,0
7920,cpa,treatment,3,17.8,0,1
31868,organic,treatment,2,23.2,0,0
2333,organic,control,4,13.2,0,0
27816,organic,treatment,8,5.7,0,0
36289,organic,treatment,5,1.0,0,1
31598,cpa,control,4,14.8,0,1
39317,ctx_brand,treatment,5,8.1,0,1
33136,cpa,treatment,5,8.2,0,1
22482,organic,control,6,8.0,0,1
12722,organic,treatment,7,6.3,0,1
14325,ctx_brand,treatment,5,6.5,0,0
34403,organic,control,7,7.6,0,1
21397,social,treatment,2,23.6,1,0
1675,ctx_category,control,2,14.9,0,1
815,ctx_brand,treatment,2,23.4,0,0
21769,organic,treatment,8,5.7,0,1
32413,cpa,control,9,8.1,0,0
18652,organic,treatment,10,4.1,0,1
3700,organic,treatment,6,9.8,0,1
32529,organic,treatment,4,17.6,0,0
17853,organic,control,4,21.1,0,0
28969,influencer,control,1,22.4,0,0
36156,organic,treatment,5,9.3,1,0
11177,ctx_brand,treatment,7,5.6,0,1
33321,ctx_category,treatment,3,22.4,1,0
33780,organic,treatment,6,8.0,0,1
28536,ctx_brand,treatment,6,5.6,0,1
37400,cpa,control,6,10.8,0,0
19522,organic,control,5,4.1,1,0
19056,ctx_category,treatment,3,21.9,0,0
22759,ctx_category,treatment,6,15.7,1,1
18406,ctx_brand,control,5,11.4,0,1
36251,cpa,control,9,5.6,0,0
32823,organic,treatment,7,7.3,0,0
29744,social,control,3,18.2,1,0
4749,organic,control,6,4.0,0,0
13027,cpa,control,6,7.5,1,1
10681,ctx_category,control,6,3.7,0,1
21759,ctx_brand,treatment,3,21.5,0,0
39299,ctx_brand,control,6,9.8,0,1
19709,organic,control,6,7.0,0,1
36865,organic,treatment,6,4.1,0,1
6692,social,treatment,1,20.6,0,0
32373,cpa,treatment,5,10.6,0,0
17339,organic,control,7,7.6,0,0
7629,organic,treatment,5,18.1,0,0
23662,ctx_category,treatment,9,8.2,0,1
37647,tv,treatment,6,5.2,0,1
39674,ctx_category,control,6,8.3,0,0
19801,organic,treatment,7,5.8,0,1
33711,organic,control,6,3.3,0,0
20503,organic,treatment,1,21.2,0,0
11155,ctx_brand,control,7,7.7,0,0
25025,tv,treatment,6,10.0,1,0
6001,ctx_category,control,1,24.6,0,0
38778,ctx_category,treatment,1,18.6,0,0
32577,ctx_brand,control,8,7.9,0,1
27057,ctx_brand,treatment,2,23.8,0,0
37456,ctx_category,control,7,11.2,0,1
34894,ctx_category,treatment,7,7.2,0,0
3970,ctx_category,control,6,1.0,0,0
21718,organic,treatment,2,19.7,0,0
31613,organic,treatment,5,12.5,0,1
38590,organic,control,11,5.7,0,1
17046,social,control,5,7.7,0,0
27121,organic,treatment,6,10.3,0,1
34287,ctx_category,treatment,8,6.2,0,0
13227,organic,treatment,6,2.6,0,0
11422,ctx_brand,control,2,22.5,0,0
21999,ctx_category,control,5,3.2,0,0
7960,organic,treatment,8,5.4,0,1
39102,organic,control,4,15.9,0,0
4091,ctx_category,control,2,15.2,0,1
35155,influencer,control,2,10.1,0,1
32617,ctx_brand,treatment,3,10.1,0,1
28382,influencer,control,5,16.3,0,0
2810,influencer,treatment,6,4.3,0,1
6611,ctx_category,treatment,5,7.2,0,0
30266,ctx_brand,control,3,21.2,0,0
3806,cpa,treatment,5,4.0,0,0
38507,organic,control,5,5.9,0,1
2319,cpa,treatment,5,3.5,0,1
25835,ctx_brand,control,5,6.0,1,0
14767,ctx_category,control,3,17.9,1,0
24169,organic,control,6,8.6,0,0
23758,organic,control,6,5.7,0,1
39351,ctx_category,control,6,5.5,0,0
24544,social,treatment,7,5.8,0,1
18716,organic,treatment,3,14.1,0,1
12594,organic,control,2,25.0,0,0
13144,organic,control,7,5.0,0,1
18356,organic,control,6,16.5,0,0
19838,ctx_brand,control,3,15.4,0,0
31680,organic,treatment,7,8.1,0,0
21937,ctx_category,control,7,10.6,0,1
12857,organic,treatment,6,1.0,0,0
38789,organic,control,7,2.9,0,0
10481,ctx_brand,control,5,5.5,0,1
9892,organic,control,7,6.1,0,0
26052,organic,treatment,6,4.6,0,1
31928,organic,treatment,1,20.4,0,0
27182,ctx_brand,control,2,23.4,0,0
13577,cpa,control,3,13.1,0,0
17389,organic,treatment,8,5.6,0,0
7409,organic,treatment,4,24.7,0,0
25546,organic,control,5,3.8,0,1
24487,organic,control,2,14.6,0,0
31459,ctx_brand,control,6,6.7,1,0
22851,ctx_category,treatment,7,3.8,1,1
15277,social,control,6,2.0,1,0
38425,ctx_category,treatment,6,5.1,1,1
17295,ctx_category,treatment,7,3.9,1,0
35960,ctx_brand,control,7,7.4,0,1
29861,ctx_category,control,10,1.0,0,1
14831,ctx_brand,control,2,26.0,0,0
19465,organic,control,6,5.0,0,1
38273,influencer,control,7,4.6,0,1
25804,cpa,control,6,7.1,1,1
2563,ctx_category,treatment,8,8.2,0,0
21947,cpa,treatment,6,4.2,1,0
18118,organic,treatment,5,13.5,0,0
9305,ctx_brand,control,7,9.4,0,1
5453,ctx_category,control,3,22.1,0,0
22588,ctx_brand,control,4,22.8,1,0
23311,cpa,control,4,28.0,0,0
18796,organic,treatment,6,8.2,1,0
35389,organic,treatment,7,4.8,0,1
14944,ctx_brand,treatment,6,4.7,0,1
28870,influencer,treatment,2,18.3,1,0
32309,organic,control,5,5.4,0,1
7663,social,control,8,5.2,0,1
26088,ctx_category,control,6,4.9,0,0
6077,ctx_category,treatment,5,7.5,0,0
37475,ctx_category,control,1,20.5,0,0
12549,ctx_brand,treatment,1,17.0,0,0
3962,cpa,control,3,9.9,1,0
26534,organic,treatment,6,4.0,0,0
25483,organic,treatment,7,3.7,0,0
30931,ctx_brand,treatment,6,5.2,0,1
26944,ctx_category,treatment,7,7.0,0,0
19587,ctx_category,treatment,5,6.1,0,1
21766,ctx_brand,control,6,8.8,0,0
2935,organic,treatment,7,3.4,0,0
13739,tv,treatment,7,4.7,0,0
21033,organic,treatment,3,23.3,1,0
22442,tv,treatment,6,3.4,0,0
11074,organic,control,7,4.9,0,1
34395,organic,control,6,10.4,1,0
32331,organic,control,6,7.7,0,0
15447,organic,treatment,7,2.8,0,1
10255,ctx_category,treatment,5,3.4,0,1
4915,organic,control,2,24.4,0,0
38066,ctx_brand,control,8,5.9,0,0
6647,ctx_brand,control,2,7.4,0,0
26162,social,control,2,16.5,0,0
31876,influencer,control,6,3.2,1,1
23245,organic,treatment,3,16.6,1,0
13629,ctx_brand,treatment,2,20.8,0,0
29183,organic,control,3,15.5,0,0
5311,organic,control,2,21.8,0,0
30520,ctx_brand,treatment,2,11.7,0,1
38198,organic,treatment,2,15.9,0,0
22876,influencer,treatment,5,5.6,0,1
37425,organic,control,7,7.1,1,0
39790,social,control,6,2.3,0,1
6363,ctx_brand,control,1,26.2,0,0
34327,ctx_category,treatment,7,8.8,0,0
11019,tv,treatment,3,24.8,0,0
33565,organic,treatment,6,8.2,0,1
38496,social,treatment,4,24.6,0,0
16251,organic,treatment,6,5.9,0,1
28118,ctx_brand,treatment,4,21.8,0,0
24381,organic,treatment,2,16.8,0,0
2278,organic,treatment,5,5.6,1,1
20214,organic,treatment,8,9.7,0,0
38609,tv,control,3,18.1,0,0
32423,organic,treatment,4,9.3,0,0
13310,organic,treatment,5,20.8,0,0
15853,organic,control,2,17.4,0,0
8354,organic,treatment,1,18.0,0,0
39350,ctx_category,treatment,8,5.5,1,1
38180,ctx_brand,treatment,6,7.8,0,1
7841,organic,control,3,16.8,0,0
31578,organic,treatment,8,7.4,0,1
30155,organic,control,8,4.0,0,0
21962,organic,treatment,5,5.3,1,1
29023,ctx_brand,treatment,6,5.8,0,1
16242,ctx_brand,control,3,21.0,0,0
38842,organic,control,6,4.1,0,0
32504,ctx_brand,treatment,2,17.4,0,0
32387,organic,control,3,17.9,0,0
18288,cpa,control,6,8.1,0,1
5921,organic,control,5,3.3,0,0
39160,ctx_brand,treatment,3,14.9,0,1
29349,ctx_brand,control,3,24.1,1,0
38862,ctx_brand,control,2,17.9,0,0
12960,organic,treatment,6,5.9,0,0
9385,social,control,6,4.1,1,1
16422,organic,control,4,12.3,0,0
24083,organic,control,10,2.0,0,0
6901,ctx_category,treatment,3,21.8,0,0
39242,organic,control,9,3.6,0,0
1165,organic,treatment,7,6.9,0,0
1639,cpa,control,3,22.1,0,0
13534,organic,control,6,3.5,0,0
32853,influencer,control,6,9.2,0,1
10199,ctx_brand,treatment,5,4.8,0,1
37222,organic,treatment,3,18.2,0,1
23230,organic,control,3,25.7,0,0
38239,ctx_category,control,2,22.4,0,0
27961,organic,treatment,5,11.7,0,0
38535,organic,control,9,1.3,0,1
32912,organic,treatment,5,2.5,0,0
17552,organic,treatment,3,12.0,0,0
23913,social,control,5,11.5,0,0
38511,social,control,7,9.7,0,1
524,ctx_category,control,7,3.9,0,0
13198,organic,control,6,3.6,0,0
33696,organic,control,2,22.7,0,0
28797,ctx_brand,treatment,8,7.3,0,1
17304,ctx_category,treatment,9,11.8,1,1
28045,ctx_brand,treatment,2,17.9,0,0
7384,organic,control,6,9.9,0,0
26268,organic,treatment,2,23.9,0,0
24944,cpa,control,7,3.2,0,1
8375,influencer,treatment,6,7.0,0,1
11341,organic,treatment,6,12.9,0,1
29969,cpa,control,5,23.8,0,0
39743,ctx_brand,control,5,22.6,0,0
9059,organic,treatment,4,23.8,0,0
4775,cpa,control,3,14.0,0,0
1080,ctx_category,treatment,2,5.8,0,1
12043,ctx_category,treatment,2,21.9,0,0
19991,organic,control,5,6.2,0,1
24930,ctx_category,control,5,4.5,0,0
27320,social,control,8,8.1,0,1
33476,social,treatment,4,17.6,0,0
21328,ctx_category,treatment,2,21.6,0,0
31435,organic,treatment,2,23.4,0,0
28976,ctx_brand,treatment,1,26.2,0,0
704,organic,treatment,5,1.0,0,1
27146,organic,treatment,3,17.6,1,0
17277,ctx_category,control,7,8.9,0,0
20999,organic,treatment,1,21.4,0,0
30515,influencer,treatment,5,1.5,0,1
36527,ctx_brand,treatment,7,9.2,0,1
13177,ctx_category,control,4,25.6,0,0
30769,ctx_category,control,5,4.4,0,1
967,organic,treatment,7,1.4,0,1
6346,organic,treatment,3,19.5,0,0
30821,ctx_brand,treatment,6,4.1,0,0
7886,cpa,control,4,20.9,0,0
15587,organic,control,5,7.6,0,0
26610,organic,treatment,1,21.1,0,0
14919,cpa,control,4,18.6,1,0
15795,ctx_brand,control,6,10.3,0,1
27072,organic,treatment,6,8.3,0,1
5485,organic,control,4,11.9,0,0
21492,organic,treatment,8,5.8,0,0
2279,ctx_category,control,9,3.5,0,1
32875,ctx_brand,control,7,4.0,0,0
7980,ctx_brand,control,7,4.8,0,1
30749,organic,treatment,3,21.1,1,0
26439,organic,treatment,3,16.9,0,0
10341,influencer,treatment,2,17.2,0,0
17912,organic,control,2,6.8,0,1
3284,ctx_category,control,6,5.6,0,1
36890,ctx_category,control,8,5.1,1,1
31344,ctx_brand,control,3,18.0,0,0
21468,organic,treatment,6,7.0,0,1
4645,social,control,6,3.4,0,0
4354,organic,treatment,6,6.7,0,0
30181,organic,control,5,10.7,0,1
39329,organic,treatment,8,5.1,0,1
38456,ctx_brand,treatment,7,4.4,0,1
20268,social,control,6,7.6,0,1
21372,ctx_category,control,9,5.8,0,0
6703,cpa,control,6,7.6,1,1
18310,organic,treatment,6,11.0,0,1
15516,cpa,treatment,5,6.8,1,1
20584,organic,control,8,10.0,0,0
27963,organic,treatment,8,6.3,0,1
29905,organic,treatment,2,23.9,0,0
20763,social,control,5,5.1,1,0
5020,organic,control,5,8.9,0,1
38266,organic,control,6,7.4,0,1
37081,ctx_brand,treatment,5,9.2,0,1
3619,organic,treatment,2,20.2,0,0
797,cpa,control,4,18.8,1,0
20047,organic,treatment,7,12.5,0,1
23048,organic,treatment,1,20.2,0,0
24903,ctx_category,treatment,5,2.6,0,0
29834,social,control,7,7.8,0,1
18661,influencer,control,6,4.1,0,0
10831,ctx_brand,control,5,12.1,0,1
2095,organic,treatment,4,13.4,0,1
23116,ctx_category,treatment,6,5.4,0,1
12799,organic,control,10,1.6,0,1
7713,organic,control,4,17.8,0,0
10193,organic,treatment,3,22.7,1,0
20843,cpa,treatment,1,16.8,0,0
17370,organic,control,5,6.9,0,0
9753,ctx_category,control,4,22.2,0,0
29666,ctx_brand,treatment,7,4.3,0,1
1276,ctx_brand,treatment,6,4.8,1,1
22291,organic,treatment,8,6.7,0,0
35244,ctx_category,control,6,3.3,1,1
2108,social,control,4,21.4,0,0
25990,ctx_brand,control,8,11.1,0,0
26863,ctx_category,control,1,21.4,0,0
25992,organic,control,4,17.6,0,0
35918,ctx_category,control,6,7.3,0,1
23031,organic,control,4,22.6,0,0
38598,cpa,treatment,7,7.1,0,1
34626,cpa,treatment,5,13.2,0,1
34332,cpa,treatment,7,1.6,1,1
24927,organic,control,2,26.8,0,0
14880,organic,control,8,7.9,1,0
1404,organic,control,5,6.0,1,1
39095,organic,control,2,18.7,0,0
27174,organic,treatment,5,10.1,0,1
24387,organic,control,3,13.4,0,1
26198,ctx_category,treatment,5,1.0,0,0
15664,organic,treatment,3,12.0,0,0
3490,organic,control,7,5.3,0,1
38129,cpa,control,3,13.3,1,0
18223,ctx_category,treatment,4,21.8,0,0
22706,tv,control,3,10.4,0,0
6773,influencer,treatment,3,21.0,0,0
3643,organic,treatment,6,3.2,0,1
23521,ctx_brand,treatment,4,18.1,0,0
33777,ctx_category,treatment,6,1.0,1,1
5415,tv,treatment,6,6.0,0,1
24260,organic,treatment,5,6.0,0,1
10158,influencer,treatment,5,14.9,0,0
32282,organic,control,6,13.3,0,1
33581,ctx_category,treatment,1,25.6,0,0
5190,organic,control,3,21.7,0,0
12093,organic,control,5,6.2,0,1
34082,organic,treatment,3,17.2,0,0
1912,organic,control,9,2.5,0,0
26172,organic,control,2,20.5,0,0
31476,ctx_brand,control,2,14.3,1,1
905,cpa,treatment,5,5.0,0,1
36608,cpa,control,7,1.0,1,1
8208,organic,treatment,5,13.9,0,0
1347,ctx_brand,treatment,2,22.5,0,0
8867,ctx_category,control,7,10.5,0,1
38818,organic,treatment,3,20.8,0,0
2943,organic,treatment,2,13.9,1,0
27471,organic,treatment,6,6.3,1,0
7846,organic,treatment,3,18.3,1,0
17393,organic,treatment,2,12.5,0,1
34998,organic,treatment,7,2.7,0,1
5493,ctx_category,control,5,5.0,0,0
16563,organic,treatment,2,18.3,0,0
9956,ctx_brand,treatment,4,19.5,1,0
21017,organic,treatment,9,6.1,0,0
25635,influencer,control,5,7.4,0,1
6792,ctx_category,control,5,17.0,0,0
19338,influencer,treatment,5,7.3,0,1
5118,organic,control,1,24.2,0,0
25934,organic,control,7,7.9,0,0
4721,organic,control,4,13.1,0,0
39700,ctx_brand,control,8,4.8,0,0
21394,organic,treatment,2,14.5,0,0
22408,organic,treatment,3,19.1,0,1
30,social,control,5,6.5,0,1
38471,organic,control,4,18.7,0,0
7025,ctx_category,control,2,22.4,1,0
10728,organic,control,6,2.7,0,1
21299,social,control,7,8.0,0,1
32859,ctx_category,treatment,4,16.8,0,1
35007,ctx_category,treatment,3,21.3,0,0
29041,ctx_category,control,2,20.2,0,0
39277,ctx_category,treatment,7,7.1,0,1
1068,organic,control,1,27.9,0,0
28204,ctx_category,control,3,12.7,1,0
10438,ctx_brand,control,6,6.8,1,1
27558,ctx_category,control,6,4.6,0,0
33806,ctx_category,control,7,7.9,1,0
19689,organic,control,6,1.0,0,1
17133,ctx_category,treatment,5,4.1,0,0
4246,organic,control,3,25.8,0,0
16351,ctx_brand,treatment,7,6.4,0,1
10597,organic,control,7,7.0,0,0
27117,ctx_category,treatment,1,17.5,0,0
36620,ctx_category,control,3,20.8,0,0
6470,tv,treatment,3,23.0,1,0
27838,ctx_brand,treatment,2,19.1,0,0
5216,organic,treatment,7,6.7,0,1
16065,organic,control,3,21.6,0,0
27453,social,control,8,8.9,1,1
31627,ctx_brand,treatment,8,2.7,0,1
15299,ctx_category,treatment,5,7.4,0,0
1775,ctx_category,treatment,7,2.3,0,1
19130,tv,control,2,16.3,0,0
35957,organic,control,2,15.3,0,0
34030,ctx_category,control,4,14.6,0,0
14012,social,treatment,2,8.6,0,1
12641,organic,treatment,3,12.5,0,1
21945,ctx_category,treatment,6,5.6,0,0
17021,social,treatment,8,7.7,1,1
24989,organic,treatment,5,8.5,0,0
2102,influencer,control,7,17.4,0,0
5675,organic,treatment,2,20.0,0,0
346,organic,treatment,9,5.1,0,0
14893,tv,control,3,17.2,0,0
31212,organic,control,4,9.4,0,1
30186,organic,control,3,20.4,0,0
19995,ctx_brand,treatment,5,11.1,0,0
9498,influencer,control,3,13.5,1,0
16716,ctx_brand,treatment,6,6.4,1,0
7356,organic,control,4,7.4,0,0
6923,ctx_brand,control,5,23.4,0,0
15555,organic,control,1,22.0,0,0
22443,ctx_category,control,5,4.3,0,1
23591,ctx_brand,control,3,18.0,0,1
23781,ctx_brand,control,5,9.2,0,1
36391,organic,control,9,7.8,1,0
12759,organic,control,5,3.6,0,0
22484,ctx_brand,treatment,6,3.8,0,0
8525,organic,treatment,5,2.4,0,1
27494,tv,treatment,5,7.2,0,1
20825,organic,treatment,5,7.7,0,0
21675,ctx_brand,treatment,8,3.4,0,0
24334,organic,treatment,6,1.0,0,0
37494,cpa,control,5,3.7,0,0
22500,tv,control,5,1.0,0,1
25774,ctx_brand,treatment,7,7.8,0,1
15104,ctx_brand,treatment,7,5.5,0,1
31446,organic,treatment,3,18.8,0,0
38388,organic,treatment,6,4.8,0,0
6747,organic,treatment,3,19.8,1,0
39823,cpa,control,2,18.7,1,0
18556,ctx_brand,treatment,5,6.7,0,0
1008,ctx_category,control,2,13.9,0,0
22196,organic,treatment,7,8.5,0,1
35892,organic,treatment,2,24.0,0,0
16369,ctx_category,control,3,13.9,0,0
4151,influencer,treatment,5,11.9,0,1
17212,tv,control,3,22.1,0,0
29206,organic,treatment,5,5.4,0,1
39907,ctx_brand,treatment,5,4.8,0,1
18946,organic,treatment,2,25.9,0,0
5999,organic,treatment,9,10.6,1,0
12107,cpa,control,3,12.7,0,0
5170,social,treatment,7,5.9,0,1
32522,ctx_brand,treatment,5,7.1,0,1
24322,ctx_brand,treatment,6,6.0,0,0
9093,ctx_brand,treatment,7,2.9,0,1
31011,ctx_brand,treatment,8,2.6,0,0
34691,organic,treatment,1,22.5,0,0
13378,organic,control,5,3.2,0,1
38326,organic,control,2,16.1,0,0
28654,ctx_category,control,8,5.9,0,0
2361,organic,treatment,5,6.5,0,1
32761,cpa,control,7,7.1,1,1
26201,ctx_brand,treatment,2,10.0,0,0
28894,organic,control,4,18.8,0,0
37652,ctx_category,control,1,18.8,1,0
22772,organic,control,7,7.8,0,1
13608,organic,control,7,3.9,0,1
20790,ctx_category,control,7,8.7,0,1
3096,organic,control,4,26.0,0,0
20754,ctx_category,treatment,6,6.6,0,1
22358,ctx_brand,treatment,6,7.9,0,1
8226,influencer,control,6,12.1,1,0
37711,organic,control,5,5.5,0,0
26071,social,treatment,2,21.1,0,0
7230,organic,treatment,1,22.7,0,0
13597,ctx_category,control,2,11.1,0,0
37770,ctx_brand,control,1,18.9,0,0
8602,organic,treatment,8,7.0,0,1
30197,organic,treatment,8,6.1,0,0
10854,organic,control,1,24.1,1,0
33176,ctx_brand,treatment,7,1.0,1,1
5501,ctx_brand,control,5,2.0,0,0
39515,cpa,treatment,7,2.7,1,1
6682,ctx_brand,treatment,6,5.4,1,0
20197,ctx_brand,treatment,5,5.8,0,1
34026,organic,control,7,5.9,0,0
7911,organic,treatment,5,18.2,0,1
22673,ctx_category,treatment,6,7.9,0,0
2085,ctx_brand,control,7,8.5,0,0
26904,organic,treatment,5,11.7,0,1
30985,organic,control,6,3.8,1,1
21608,organic,treatment,5,8.2,0,0
31167,organic,treatment,6,7.2,0,0
494,ctx_category,treatment,7,7.2,0,0
3990,ctx_brand,control,5,7.4,0,0
27240,ctx_category,control,6,2.1,0,0
30406,organic,control,1,23.7,0,0
30389,cpa,treatment,3,19.6,1,0
981,organic,treatment,2,11.8,0,0
25776,influencer,treatment,9,3.8,0,1
33452,social,control,7,4.9,1,0
29053,ctx_brand,control,6,1.0,0,1
7029,organic,treatment,6,4.5,0,1
10977,tv,treatment,6,6.8,0,0
17580,tv,treatment,8,2.8,1,1
25864,influencer,control,7,11.3,0,0
16015,organic,treatment,2,19.1,0,0
26241,organic,treatment,5,2.9,0,1
9509,cpa,control,5,22.8,0,0
6123,ctx_category,control,6,7.4,0,1
13815,tv,treatment,2,23.2,0,0
6196,organic,control,3,20.9,0,0
36963,organic,control,1,24.5,0,0
33602,ctx_category,treatment,6,3.8,0,1
2531,ctx_category,treatment,7,1.2,0,0
2618,organic,treatment,6,4.7,0,1
19400,organic,control,7,1.5,1,1
19761,organic,treatment,6,7.1,1,1
36724,organic,treatment,6,6.7,0,1
9255,organic,control,2,18.9,0,0
13918,organic,control,7,11.2,0,1
9398,ctx_category,control,7,7.1,0,0
21694,cpa,treatment,7,8.8,1,1
5253,ctx_brand,control,5,5.7,0,0
11209,ctx_category,treatment,6,7.1,0,1
19057,organic,treatment,6,7.9,0,1
19323,organic,control,7,12.2,0,0
5842,influencer,control,2,17.4,0,0
1750,tv,treatment,5,7.4,0,1
33614,organic,treatment,3,15.4,0,0
29400,ctx_brand,treatment,4,15.8,0,0
39866,ctx_category,control,6,5.0,0,1
29198,ctx_category,control,7,5.1,0,1
29520,social,treatment,2,17.9,0,0
32785,cpa,control,3,22.0,1,0
31276,ctx_brand,treatment,1,18.2,0,0
28579,organic,control,8,1.0,0,1
7857,organic,control,6,7.9,0,0
31029,organic,control,5,8.3,0,0
36339,social,treatment,6,6.7,0,0
19711,ctx_brand,treatment,8,6.8,0,1
9531,ctx_category,control,6,8.8,0,0
9281,organic,treatment,6,4.8,0,1
10012,influencer,control,3,5.6,1,0
3228,organic,treatment,2,16.8,1,0
1316,influencer,control,5,6.5,0,0
1121,organic,treatment,6,4.2,0,0
4969,organic,treatment,6,6.3,0,0
8335,cpa,control,3,22.8,0,0
16775,organic,control,6,8.9,0,1
22114,tv,control,7,1.0,0,0
39008,organic,control,5,19.8,0,0
20835,organic,treatment,4,17.8,0,1
37368,ctx_category,control,5,6.9,1,0
9523,organic,treatment,1,18.5,0,1
28289,organic,treatment,5,10.6,0,1
6881,ctx_category,control,1,20.8,0,0
38580,ctx_category,treatment,6,10.2,0,1
25880,organic,control,6,4.4,0,1
30951,ctx_category,treatment,7,5.3,1,1
24864,organic,control,5,4.2,0,0
28218,ctx_brand,treatment,3,13.0,0,1
37374,ctx_category,treatment,5,12.1,0,0
22065,ctx_brand,treatment,7,4.8,0,0
27280,ctx_brand,control,1,18.1,0,1
1513,cpa,treatment,4,13.8,1,0
2364,organic,control,4,15.9,0,0
8009,ctx_brand,control,7,4.1,0,0
36752,ctx_category,treatment,4,15.9,0,0
18568,social,control,6,4.2,0,1
4736,tv,control,7,8.8,0,1
38285,ctx_brand,control,3,22.9,0,0
17550,organic,treatment,1,19.1,0,0
9920,organic,control,9,7.1,0,0
38442,organic,control,6,2.4,0,1
20641,ctx_brand,control,2,19.4,0,0
11030,organic,control,3,21.3,0,0
33546,social,control,8,6.7,1,1
3303,ctx_brand,treatment,5,1.1,0,1
11745,ctx_category,treatment,1,20.4,0,0
26200,ctx_brand,control,1,19.6,0,0
22919,ctx_brand,treatment,6,4.4,0,1
465,ctx_brand,control,5,8.2,0,1
16364,organic,treatment,1,20.9,0,0
1019,ctx_category,control,8,2.6,0,0
10815,ctx_category,control,6,3.7,0,0
5670,organic,control,4,14.7,0,0
4920,cpa,control,8,5.0,0,0
8862,cpa,control,5,6.6,1,0
12795,organic,control,1,15.2,0,0
28659,organic,control,1,24.4,0,0
21820,ctx_brand,control,8,3.4,0,1
25827,ctx_category,treatment,4,17.0,0,0
35206,social,control,6,9.4,0,1
25172,organic,control,2,23.4,0,0
21833,organic,treatment,4,10.7,0,0
25062,ctx_category,treatment,4,22.9,0,1
24535,cpa,control,6,5.5,0,1
9682,ctx_brand,control,5,4.5,0,0
27341,organic,treatment,1,24.4,1,0
38043,organic,control,7,8.0,0,0
12906,ctx_category,control,2,10.9,0,0
2908,tv,treatment,6,9.6,1,1
37978,organic,treatment,7,14.2,0,1
9678,ctx_brand,treatment,5,3.7,1,1
10639,organic,control,3,23.8,0,0
26173,ctx_brand,control,5,5.4,0,0
39872,organic,control,7,11.7,0,0
39344,ctx_category,treatment,6,7.9,1,0
22737,ctx_category,treatment,6,10.1,0,1
17801,ctx_category,control,6,8.3,0,0
14282,organic,treatment,6,5.7,0,1
33395,organic,treatment,6,5.7,0,1
6449,ctx_category,treatment,5,8.6,0,0
15593,ctx_brand,treatment,7,3.9,0,0
11672,organic,control,9,9.5,1,0
22337,ctx_category,control,7,3.6,0,1
28047,organic,treatment,2,23.7,0,0
33668,organic,treatment,2,12.2,0,1
24812,cpa,control,5,1.5,0,1
6713,organic,control,5,4.3,0,1
7760,ctx_category,control,7,2.6,0,0
17920,ctx_category,control,7,12.8,0,1
34243,ctx_brand,control,5,1.0,0,1
8286,ctx_brand,control,8,6.1,0,0
38884,ctx_brand,control,5,12.8,0,0
28613,ctx_category,treatment,5,19.6,0,0
11915,cpa,control,1,20.6,1,0
6183,organic,treatment,5,9.3,0,1
4998,ctx_category,treatment,5,6.7,1,1
8385,organic,control,4,11.0,0,0
23152,organic,control,6,2.9,0,0
23658,organic,control,6,4.6,0,0
4795,organic,control,7,10.7,0,1
16915,organic,treatment,7,1.5,0,0
1063,social,control,8,8.3,1,1
29011,organic,treatment,6,6.0,0,1
15592,ctx_category,control,6,4.0,0,1
32421,tv,treatment,6,5.3,0,0
32466,organic,treatment,2,15.9,0,0
30063,organic,treatment,7,6.0,0,0
17000,ctx_category,treatment,8,7.5,0,1
30724,ctx_brand,treatment,4,4.4,0,0
38664,social,control,6,3.9,1,1
6539,organic,treatment,5,6.0,0,0
2447,organic,treatment,5,12.5,0,0
18409,ctx_brand,control,6,4.5,0,1
36175,organic,treatment,8,2.6,1,1
8967,organic,control,3,21.8,0,0
15634,ctx_brand,treatment,5,4.2,0,1
1632,organic,control,10,4.8,0,0
4773,ctx_category,treatment,7,11.9,1,1
21707,social,control,8,2.4,0,1
311,organic,treatment,7,8.7,0,0
39590,organic,control,6,2.2,0,0
32341,cpa,control,6,6.1,0,1
4724,organic,control,5,7.6,0,1
3958,ctx_category,treatment,8,6.6,0,0
18452,organic,control,3,18.9,0,0
11018,organic,control,4,10.1,0,0
10318,influencer,treatment,8,5.5,0,1
28890,ctx_brand,control,5,12.8,0,0
14181,organic,treatment,5,1.4,0,0
27998,organic,treatment,6,7.6,0,1
17947,ctx_category,treatment,7,7.0,0,0
24926,ctx_brand,control,6,10.2,0,0
24990,ctx_brand,treatment,4,19.7,0,0
2026,ctx_category,treatment,2,12.6,0,0
32817,ctx_category,control,4,11.7,1,0
14428,organic,treatment,4,16.0,0,0
22773,ctx_brand,treatment,6,7.9,0,1
14724,organic,control,3,20.7,0,0
12941,ctx_category,control,3,19.9,0,0
15055,organic,treatment,1,21.6,0,0
4220,social,treatment,2,15.6,1,0
39745,ctx_brand,control,6,8.0,0,0
2814,cpa,treatment,11,8.3,1,1
4415,ctx_category,treatment,1,21.7,0,0
35479,ctx_brand,control,10,1.0,0,1
31189,social,control,5,5.3,0,1
27774,social,treatment,6,3.0,1,1
33613,influencer,control,3,24.5,0,0
1006,organic,treatment,3,27.8,0,0
3852,organic,control,5,7.0,0,1
18967,ctx_brand,treatment,2,17.8,0,1
14573,organic,control,5,7.0,0,1
17796,organic,control,7,10.2,0,1
3827,ctx_category,treatment,5,5.5,0,1
2697,organic,control,6,3.4,0,1
8429,ctx_brand,treatment,6,10.5,0,0
37777,cpa,treatment,5,3.3,1,0
24268,organic,treatment,6,3.6,0,1
29510,ctx_brand,treatment,8,6.2,0,0
16745,organic,treatment,7,6.8,0,1
14556,organic,treatment,3,12.0,0,0
11642,organic,control,9,3.6,0,1
21212,influencer,treatment,8,4.3,0,0
24071,organic,treatment,2,21.3,0,0
11283,social,treatment,3,19.8,0,0
17566,tv,treatment,7,4.8,0,1
22364,cpa,control,5,26.5,0,0
33762,ctx_brand,control,7,2.3,0,1
10896,tv,treatment,4,16.3,0,1
31534,social,control,8,6.5,0,1
17119,ctx_category,treatment,5,5.1,1,0
22703,ctx_category,control,3,13.5,0,0
25320,ctx_category,control,6,11.0,0,0
17894,organic,treatment,2,15.2,0,0
11677,ctx_category,control,2,20.5,0,0
33692,organic,treatment,3,22.9,0,0
17699,organic,treatment,7,7.9,0,1
37742,organic,control,2,16.4,0,0
36472,ctx_category,treatment,2,21.8,1,0
5692,organic,treatment,5,8.3,0,1
26007,organic,treatment,8,1.0,0,1
18776,ctx_category,treatment,6,9.1,0,1
12116,organic,control,1,15.6,0,0
32669,ctx_brand,control,5,9.1,0,0
17004,organic,control,3,21.6,0,0
34543,social,treatment,3,25.3,0,0
15925,organic,treatment,6,4.4,0,1
1578,organic,control,7,5.3,0,1
36323,organic,control,5,23.2,0,0
24281,organic,control,6,5.8,0,0
5344,social,control,1,19.5,1,0
21482,influencer,treatment,7,5.5,0,0
25335,ctx_brand,treatment,1,19.9,0,0
35588,ctx_category,treatment,4,22.5,0,1
21101,ctx_category,treatment,8,5.9,0,0
25896,ctx_category,treatment,5,10.2,0,1
8628,organic,treatment,7,1.0,0,0
7300,organic,treatment,6,11.4,0,1
24126,organic,treatment,9,3.1,0,0
18869,ctx_brand,treatment,2,23.6,0,0
9419,ctx_category,control,1,20.9,0,0
646,social,treatment,7,7.9,1,0
26591,organic,treatment,5,15.8,1,0
39801,cpa,control,2,19.3,0,0
34871,ctx_category,treatment,7,7.6,0,0
28007,social,treatment,2,23.8,0,0
9558,organic,control,6,10.0,0,1
2481,social,treatment,7,3.6,1,0
3867,social,treatment,8,5.0,1,1
17418,ctx_category,treatment,7,6.9,0,1
38987,organic,treatment,8,13.6,0,1
19649,organic,control,2,14.0,0,0
37174,ctx_brand,treatment,5,6.8,0,1
8692,organic,treatment,9,4.6,0,1
23177,influencer,treatment,2,7.4,0,1
37569,ctx_brand,treatment,1,19.7,0,0
6283,social,control,3,17.1,0,0
3288,organic,treatment,4,15.6,0,1
107,ctx_brand,treatment,1,22.2,0,0
15433,ctx_category,control,3,24.6,0,0
24700,organic,treatment,2,14.8,0,1
2478,social,treatment,7,6.2,1,1
37800,ctx_category,treatment,2,20.3,1,0
9873,influencer,control,6,1.8,0,1
31788,ctx_category,control,7,8.7,0,1
7232,organic,control,3,19.8,0,0
33514,social,treatment,7,3.8,1,1
28653,organic,treatment,7,3.2,0,1
22260,ctx_brand,treatment,2,18.8,0,0
19133,cpa,control,7,5.4,0,1
29303,social,control,8,2.2,1,1
28281,ctx_category,control,6,2.1,1,0
15689,ctx_brand,control,4,11.9,0,0
9209,organic,control,2,24.0,0,0
11440,cpa,treatment,2,23.6,0,0
26282,ctx_category,control,5,9.1,0,1
36067,ctx_category,control,7,4.4,0,0
26808,organic,control,7,7.7,0,1
5624,organic,control,1,17.9,0,0
20869,organic,treatment,5,4.1,0,1
22911,ctx_brand,treatment,6,8.9,0,1
25753,ctx_brand,control,6,10.4,0,1
34382,organic,treatment,6,2.4,0,0
6572,organic,treatment,4,14.7,0,1
7115,ctx_brand,control,3,21.3,0,0
2213,social,control,3,11.4,0,0
25957,ctx_category,control,6,10.7,0,0
4730,ctx_brand,control,4,15.5,0,0
31294,ctx_category,control,6,3.3,1,0
37315,organic,treatment,2,25.8,0,0
39938,organic,treatment,5,9.2,0,0
24754,influencer,treatment,6,8.5,0,1
12372,organic,treatment,4,23.1,0,0
37690,organic,treatment,3,14.6,0,1
22792,organic,control,2,24.7,0,0
36806,ctx_category,control,6,10.1,0,0
30626,organic,control,2,23.2,0,0
3866,organic,treatment,6,7.3,0,1
2895,ctx_brand,control,6,6.5,0,1
10810,organic,treatment,3,23.9,0,0
36366,ctx_brand,control,5,9.1,0,0
17874,ctx_brand,treatment,6,4.7,0,1
1106,organic,control,10,11.2,0,0
11075,organic,treatment,7,1.6,0,1
4967,organic,treatment,3,11.3,0,1
21476,social,control,4,22.6,0,0
32441,organic,treatment,6,4.5,0,0
5901,organic,treatment,4,11.4,0,0
10415,ctx_brand,control,3,17.8,1,0
30792,organic,control,6,5.9,0,0
36382,organic,treatment,9,3.6,0,0
31720,organic,treatment,8,6.2,0,0
11881,organic,treatment,2,13.0,0,1
32612,organic,treatment,5,8.5,0,1
9342,organic,control,3,25.0,1,0
25316,ctx_category,treatment,3,23.6,0,0
30879,ctx_category,control,4,24.2,0,0
11546,organic,control,7,7.8,0,0
14411,ctx_category,control,7,6.9,0,1
3570,organic,control,7,5.4,0,0
23184,organic,treatment,7,9.3,0,1
28917,organic,treatment,3,14.0,0,0
8976,organic,control,5,23.5,0,0
18590,organic,treatment,2,14.0,0,0
4318,organic,treatment,6,8.4,1,1
32843,organic,treatment,5,3.4,0,1
37502,ctx_category,control,2,22.0,0,0
34223,cpa,control,6,1.6,1,1
12,ctx_category,control,4,19.1,0,1
26001,ctx_category,treatment,5,7.0,0,0
25982,organic,control,6,8.0,0,1
19012,organic,treatment,2,15.4,0,0
37432,ctx_brand,control,3,13.8,0,0
9521,organic,control,1,17.5,0,0
28214,cpa,treatment,4,13.6,0,1
2420,organic,treatment,3,12.2,0,0
20450,organic,treatment,5,9.9,0,0
29115,ctx_brand,treatment,6,9.3,0,1
24196,tv,treatment,7,4.7,0,0
30986,organic,treatment,5,6.7,0,1
14154,organic,treatment,4,19.5,0,0
12963,organic,control,6,1.4,0,1
35844,organic,control,4,10.1,0,0
2716,organic,treatment,8,3.4,0,1
12734,social,control,9,12.0,0,0
16348,organic,treatment,5,12.0,0,0
9788,organic,control,6,7.7,0,1
31465,organic,treatment,3,17.3,0,0
17362,social,treatment,6,8.3,0,1
25991,organic,treatment,6,1.0,0,1
9886,ctx_brand,treatment,3,17.9,0,0
2351,ctx_brand,control,9,6.5,0,1
17445,organic,treatment,7,6.0,0,1
11130,organic,treatment,5,8.4,0,1
13132,organic,control,9,9.5,0,1
34759,organic,control,6,4.8,0,0
2177,organic,control,1,16.2,0,0
24778,cpa,treatment,8,8.8,0,1
25516,organic,control,7,4.3,0,0
3295,organic,control,5,7.6,0,1
13816,organic,control,7,6.3,0,0
15342,tv,treatment,7,6.1,0,1
23652,organic,treatment,7,4.4,0,1
34103,cpa,treatment,7,7.3,1,0
15014,ctx_brand,treatment,5,9.3,0,0
17256,organic,control,7,5.2,0,0
11420,organic,control,3,21.4,0,0
28108,influencer,treatment,9,6.3,0,1
1358,organic,treatment,8,8.9,0,1
7665,cpa,control,3,20.5,0,0
33556,ctx_brand,control,1,18.6,0,0
19735,tv,treatment,5,3.6,0,0
3053,organic,control,7,7.6,0,1
39533,ctx_category,control,6,6.2,0,1
2377,ctx_category,treatment,7,4.9,0,0
38022,ctx_brand,treatment,8,8.1,0,0
28429,ctx_category,treatment,7,9.9,0,1
24675,organic,treatment,9,3.6,0,0
3842,ctx_brand,treatment,6,7.8,0,1
2449,organic,treatment,6,1.9,0,0
19102,influencer,treatment,3,17.7,0,1
17830,ctx_brand,treatment,6,6.2,0,0
7862,organic,treatment,5,4.5,0,1
8186,organic,treatment,6,4.8,1,0
21708,organic,treatment,5,5.0,0,0
276,cpa,control,6,4.3,0,1
36014,organic,treatment,2,20.9,0,0
19462,social,control,5,4.3,1,1
32055,cpa,treatment,2,21.6,1,1
9907,tv,treatment,7,7.9,0,1
28286,organic,treatment,4,18.8,0,0
37736,ctx_brand,treatment,6,6.6,0,1
21639,ctx_category,control,6,14.4,0,1
26783,organic,control,5,7.7,0,0
11962,organic,treatment,6,5.2,0,0
20278,ctx_category,treatment,4,20.9,1,0
29160,ctx_category,control,6,3.8,0,0
9932,organic,control,7,7.2,0,0
39551,organic,treatment,6,1.0,0,1
8368,organic,control,5,9.1,0,0
37591,organic,treatment,4,22.5,0,0
29308,influencer,treatment,6,6.6,1,0
28528,cpa,control,5,8.2,1,0
23854,ctx_brand,control,9,8.0,1,1
18849,tv,control,5,6.6,0,1
22010,organic,control,5,8.7,0,0
22518,organic,treatment,7,5.4,0,1
30939,ctx_brand,control,8,10.5,0,1
24847,cpa,control,3,15.8,0,0
30178,ctx_category,treatment,3,19.3,0,0
10855,ctx_brand,control,8,4.3,0,1
15271,organic,control,5,20.9,0,0
39594,influencer,control,7,9.8,1,1
22310,organic,treatment,6,9.9,0,0
33218,ctx_brand,treatment,6,11.1,0,1
9990,organic,control,6,6.5,0,1
34467,social,control,8,8.6,0,0
24442,ctx_brand,control,9,5.3,1,0
12758,ctx_brand,treatment,4,13.6,0,1
34979,ctx_brand,control,4,23.4,0,0
37,organic,control,6,1.0,0,0
36164,organic,treatment,6,24.7,0,0
29460,ctx_category,treatment,5,5.6,0,0
9235,tv,control,6,7.1,0,1
37702,ctx_brand,treatment,6,8.2,0,1
20901,ctx_brand,control,7,9.3,0,1
22037,ctx_category,control,4,24.1,0,0
11479,organic,control,5,20.9,0,0
28303,cpa,treatment,7,1.4,1,1
20748,organic,treatment,8,6.6,0,1
7370,social,treatment,7,11.1,0,1
33750,ctx_category,treatment,3,20.8,0,0
30494,organic,control,8,4.6,0,0
33980,organic,treatment,7,8.5,0,1
38926,ctx_brand,treatment,5,7.4,0,0
38154,ctx_brand,control,5,17.4,0,0
5579,ctx_brand,control,6,15.0,0,1
15945,organic,treatment,7,7.5,0,1
33207,organic,treatment,8,6.5,0,0
10260,cpa,treatment,2,9.9,0,1
10882,cpa,treatment,3,25.2,1,0
9362,ctx_category,treatment,3,9.9,0,1
15513,social,control,7,7.8,0,1
34689,ctx_category,control,5,9.6,0,0
1078,ctx_category,control,6,6.5,0,1
12772,organic,control,5,5.6,0,0
7700,ctx_category,treatment,9,7.2,0,1
3025,organic,control,7,2.4,0,1
38400,organic,treatment,1,21.2,1,1
28337,ctx_brand,control,7,3.6,0,0
14577,ctx_category,control,2,18.3,0,0
24874,ctx_category,control,3,14.7,0,0
33924,ctx_brand,control,9,4.2,0,0
1943,cpa,control,7,9.2,1,1
33227,influencer,control,5,5.9,0,0
3336,organic,treatment,6,9.7,0,1
13456,organic,control,6,6.0,0,0
28640,organic,treatment,6,4.5,0,1
17521,ctx_category,treatment,5,4.8,0,0
28836,organic,control,5,2.6,0,1
33263,organic,control,7,9.5,0,1
5772,organic,treatment,7,12.6,0,1
23513,cpa,control,7,13.8,0,0
11028,cpa,treatment,7,6.2,0,0
23937,cpa,treatment,6,3.4,0,0
1821,organic,treatment,5,10.3,0,1
9586,ctx_category,treatment,3,11.4,0,1
10451,ctx_brand,treatment,6,12.4,0,1
24278,organic,treatment,2,11.6,0,0
19077,cpa,control,3,18.7,0,0
25029,organic,treatment,4,9.9,1,1
15953,organic,treatment,9,10.2,1,1
1426,influencer,control,5,4.0,0,0
9749,organic,treatment,10,7.2,0,0
19523,influencer,treatment,5,17.2,0,0
18283,ctx_brand,control,2,23.5,0,0
23543,organic,treatment,6,3.1,0,1
37213,ctx_category,control,7,9.5,0,1
39684,ctx_category,control,5,1.0,1,1
757,organic,control,8,4.1,0,0
27616,influencer,treatment,7,25.7,0,0
24224,social,control,8,3.9,1,1
6517,organic,treatment,5,1.0,0,0
33501,ctx_brand,treatment,4,13.3,1,1
27863,cpa,treatment,5,11.1,0,1
76,ctx_category,treatment,5,10.8,0,0
33579,organic,treatment,11,8.5,0,1
26908,organic,treatment,4,21.5,0,0
25230,organic,treatment,6,7.8,0,0
14607,organic,treatment,3,16.5,0,1
10752,organic,treatment,2,14.3,0,0
35682,ctx_category,control,7,8.2,1,0
7736,ctx_brand,control,2,11.0,0,0
31193,organic,control,6,10.3,0,1
36181,organic,treatment,2,22.4,0,0
22796,ctx_category,control,7,6.7,0,0
19167,organic,control,7,4.3,0,1
33580,organic,treatment,2,25.6,0,0
33341,ctx_brand,control,3,20.1,0,0
34409,social,treatment,1,24.2,0,0
36201,organic,control,3,14.9,0,0
16038,cpa,treatment,5,2.3,0,0
26335,ctx_brand,treatment,6,9.5,0,0
756,ctx_brand,treatment,6,2.9,0,0
33456,organic,control,1,19.7,0,0
18405,organic,control,8,1.1,1,0
624,organic,control,4,21.6,0,0
27785,ctx_brand,treatment,6,4.0,0,1
83,organic,treatment,4,14.5,1,1
7469,organic,control,6,9.3,1,0
39526,organic,control,8,7.7,1,1
38534,ctx_brand,control,8,1.7,0,0
20375,organic,treatment,6,8.6,0,1
27332,tv,control,5,11.0,0,0
29412,ctx_category,treatment,2,18.0,1,0
17863,ctx_category,control,10,3.3,0,0
8810,organic,treatment,2,18.7,0,0
30659,ctx_category,treatment,8,8.5,0,1
39587,ctx_brand,control,3,17.4,0,0
5192,organic,control,5,3.8,0,1
6855,ctx_brand,treatment,4,7.5,0,0
35321,organic,treatment,5,5.6,0,0
10511,ctx_brand,control,1,20.4,0,0
22579,ctx_category,treatment,6,8.1,1,1
36546,organic,control,7,5.5,0,0
2037,cpa,treatment,6,4.5,0,1
25970,organic,treatment,8,8.4,0,1
32388,influencer,treatment,7,2.5,0,0
10176,ctx_brand,control,3,13.3,0,0
25437,organic,control,5,1.5,1,0
4855,ctx_category,treatment,6,1.0,0,0
26950,ctx_category,treatment,5,2.7,0,1
38098,organic,control,6,3.8,0,1
18903,organic,control,6,5.2,0,1
24548,tv,control,3,20.4,0,0
12630,organic,control,5,12.9,0,0
10561,ctx_brand,control,6,9.1,1,1
32890,organic,control,5,3.4,0,1
32590,cpa,treatment,9,9.7,0,1
941,ctx_category,treatment,5,8.2,0,1
25113,organic,treatment,6,13.5,0,1
38297,organic,control,5,5.8,0,0
37239,ctx_brand,control,2,23.0,0,0
7939,social,treatment,8,6.1,0,1
21061,ctx_category,control,8,9.7,0,1
16664,ctx_brand,control,5,5.3,0,0
9042,ctx_category,control,8,15.7,0,0
18700,organic,control,2,21.6,0,0
10611,social,control,9,2.6,1,0
13503,organic,control,3,23.0,0,0
16994,ctx_category,control,7,2.2,1,0
18258,influencer,treatment,6,7.8,0,1
13179,cpa,treatment,6,4.7,0,1
8930,ctx_brand,control,5,8.0,0,0
28025,organic,control,9,11.9,0,1
30941,ctx_category,treatment,3,16.2,1,0
3173,organic,treatment,6,6.6,0,0
7083,organic,treatment,7,11.9,0,1
24230,ctx_category,treatment,6,7.0,0,0
15346,organic,treatment,5,7.2,0,1
1836,ctx_category,control,1,20.6,0,0
12896,organic,control,5,14.9,0,0
21288,cpa,treatment,3,18.1,0,0
29420,ctx_brand,treatment,3,14.2,0,1
14278,ctx_category,treatment,6,6.3,0,1
2824,organic,control,5,7.6,0,0
3289,organic,treatment,5,9.5,0,0
21219,cpa,control,1,24.4,1,0
24870,ctx_brand,treatment,2,16.0,0,0
27792,social,treatment,5,4.6,1,1
36564,ctx_brand,treatment,6,3.6,0,1
27708,ctx_category,treatment,5,5.9,0,0
9492,organic,control,6,7.2,1,1
34941,influencer,treatment,7,7.8,0,0
9138,organic,treatment,3,16.3,0,0
15047,organic,control,2,15.1,1,0
4847,organic,control,10,1.1,0,0
30361,social,treatment,6,7.0,1,0
20198,ctx_brand,control,7,1.8,0,1
13465,ctx_brand,treatment,4,18.4,0,0
2626,ctx_brand,control,5,8.3,0,0
8754,organic,control,10,6.9,1,1
7080,social,treatment,3,23.6,0,0
399,tv,treatment,4,22.1,0,0
18686,ctx_category,treatment,7,6.9,0,1
5257,organic,control,7,10.9,0,1
7502,ctx_category,treatment,5,4.2,0,0
28132,ctx_category,treatment,5,6.4,0,0
35088,organic,treatment,8,5.4,0,1
22121,organic,treatment,7,9.1,0,1
19293,organic,control,7,6.4,0,1
16344,organic,control,3,13.0,0,0
18353,ctx_brand,treatment,5,9.3,0,1
9819,social,control,6,3.0,0,0
18975,organic,treatment,6,7.4,0,1
19373,organic,control,5,3.0,0,0
27424,organic,control,6,6.5,0,1
4706,tv,treatment,7,8.9,0,0
17541,organic,control,4,18.6,0,0
5487,ctx_category,treatment,1,21.6,0,0
34743,organic,control,2,25.2,0,0
38560,ctx_brand,control,2,26.9,0,0
22693,cpa,control,5,8.1,0,0
21466,influencer,treatment,4,15.8,0,0
5252,organic,control,5,2.9,0,0
17903,ctx_brand,control,7,11.9,0,1
20097,ctx_category,treatment,3,14.5,0,1
20691,ctx_category,control,2,11.2,0,1
10368,ctx_brand,treatment,3,21.7,0,0
26847,ctx_category,treatment,8,4.6,0,1
36769,influencer,treatment,4,12.5,0,0
16393,ctx_category,treatment,5,11.8,1,0
7638,ctx_brand,control,8,1.0,0,1
4489,organic,control,5,8.7,1,0
16984,organic,treatment,5,6.4,0,1
4272,influencer,treatment,7,5.7,0,1
8578,ctx_brand,treatment,8,5.4,0,0
39412,cpa,control,6,8.8,0,0
21231,ctx_brand,treatment,4,19.6,0,0
18537,organic,control,5,2.3,1,1
28875,influencer,control,3,15.8,0,0
20249,organic,control,8,6.9,0,1
12925,organic,control,8,3.3,1,0
19882,organic,treatment,6,11.6,0,1
3818,organic,control,2,19.8,0,0
9957,organic,treatment,6,7.4,0,1
30269,ctx_category,treatment,7,1.6,1,0
33876,organic,control,5,3.0,0,1
30499,ctx_brand,treatment,1,18.6,1,0
4660,influencer,control,8,12.9,0,0
33793,ctx_brand,control,6,8.3,0,0
21685,ctx_category,control,6,3.1,0,0
36488,ctx_category,treatment,6,7.3,0,0
18717,organic,control,7,3.2,1,1
37946,social,control,8,4.2,0,1
30193,organic,control,5,6.0,0,0
32075,ctx_category,control,8,5.5,0,0
12907,organic,treatment,2,19.2,0,0
16135,organic,treatment,2,8.3,0,0
21761,cpa,control,6,10.2,0,1
36320,organic,control,3,12.6,0,0
28675,ctx_brand,treatment,6,5.5,0,1
25137,social,control,7,5.8,0,0
6999,ctx_brand,control,8,6.7,0,1
33320,ctx_category,control,8,5.5,0,1
2693,ctx_category,control,2,21.3,0,0
1715,organic,treatment,5,3.3,0,1
10296,cpa,treatment,4,22.9,1,0
4532,social,control,3,16.1,1,0
28680,ctx_category,control,3,16.5,0,0
8686,ctx_brand,treatment,5,3.7,0,0
11474,ctx_brand,control,2,22.8,0,0
2215,organic,treatment,6,4.3,0,0
32863,ctx_category,control,3,19.9,0,0
12579,organic,treatment,8,9.3,0,1
37447,ctx_brand,treatment,6,7.1,0,1
13288,organic,treatment,2,22.4,0,0
1517,organic,treatment,3,12.6,0,1
12452,organic,treatment,6,8.4,0,1
29541,organic,control,5,3.1,0,1
6709,ctx_category,control,9,4.8,1,1
37442,organic,treatment,2,6.4,0,1
1888,ctx_category,control,4,14.6,0,0
11851,ctx_category,control,8,4.8,1,0
39424,influencer,treatment,7,8.7,1,0
19309,organic,treatment,6,11.0,0,0
30159,organic,control,5,6.7,0,1
39837,ctx_category,control,6,9.6,0,1
9579,ctx_brand,treatment,1,26.2,0,0
11393,organic,control,2,16.5,0,0
30547,organic,control,5,9.3,0,1
19732,organic,treatment,8,1.2,0,1
3009,ctx_brand,control,7,5.8,0,1
7812,organic,control,6,2.0,1,1
34912,ctx_brand,control,5,9.4,1,0
8342,social,control,1,20.4,0,0
10349,organic,treatment,1,17.3,0,0
18691,organic,control,2,20.9,0,0
34771,organic,treatment,7,5.4,0,1
35977,organic,control,6,9.9,1,1
2600,ctx_brand,control,2,23.0,0,0
3054,organic,treatment,7,11.3,0,1
23484,cpa,treatment,6,6.5,1,0
27358,ctx_category,control,11,4.6,0,1
3918,organic,treatment,5,5.0,0,1
31383,cpa,treatment,7,5.8,1,0
877,ctx_brand,control,7,3.9,0,1
23761,social,control,3,16.6,0,1
31486,influencer,control,7,1.0,0,0
13298,ctx_category,control,7,6.8,0,0
28002,organic,treatment,6,3.6,0,1
29959,cpa,treatment,2,15.5,0,0
20099,ctx_brand,control,4,17.8,0,0
27354,organic,control,8,6.8,0,1
31901,ctx_category,treatment,4,16.1,1,0
26701,influencer,control,8,7.1,0,1
36295,ctx_category,treatment,6,1.9,0,0
66,ctx_brand,control,7,5.9,0,1
37536,cpa,control,5,5.7,0,0
13671,cpa,treatment,5,18.6,1,0
23989,organic,treatment,7,7.8,0,1
10461,ctx_brand,treatment,5,9.5,1,1
24168,ctx_brand,treatment,4,13.5,0,0
3027,ctx_category,treatment,6,14.0,1,1
17348,ctx_brand,control,4,26.7,0,0
10053,organic,control,6,6.8,0,1
21001,organic,control,7,5.8,0,1
15057,organic,control,7,5.7,0,1
20645,ctx_category,treatment,5,12.6,0,0
1910,organic,treatment,5,4.3,0,1
28183,cpa,treatment,2,19.5,1,0
30342,organic,treatment,7,2.5,0,1
7740,social,treatment,6,1.8,1,1
21815,organic,control,3,17.7,0,0
30555,ctx_category,treatment,4,15.3,1,0
38478,ctx_brand,control,6,7.2,0,1
31770,organic,control,6,7.3,0,1
36143,organic,control,2,23.4,0,1
2225,ctx_brand,treatment,7,9.5,0,1
10333,ctx_brand,treatment,6,3.4,0,0
35465,organic,control,5,2.9,0,1
12175,cpa,treatment,6,1.0,0,1
29963,organic,control,3,20.5,0,0
30202,ctx_brand,control,3,19.0,0,0
10651,influencer,control,6,4.7,0,0
28955,organic,treatment,5,3.0,0,1
12101,social,treatment,7,3.7,0,1
20982,influencer,control,5,8.0,0,1
36080,organic,control,3,20.5,1,0
14449,organic,control,10,7.0,0,0
36052,ctx_category,control,5,8.1,0,0
29849,organic,control,2,13.2,0,0
30443,influencer,control,6,1.0,0,1
11382,ctx_brand,treatment,3,17.8,0,0
18553,organic,treatment,2,15.1,0,0
1776,social,control,2,17.8,1,0
18599,ctx_category,treatment,6,6.0,0,0
32780,ctx_brand,treatment,5,7.4,0,1
2180,ctx_category,control,4,22.6,0,0
6120,social,control,6,2.9,0,1
33604,organic,treatment,4,13.1,0,0
29010,cpa,control,6,5.0,0,0
21787,organic,control,8,2.7,0,0
15756,organic,control,8,9.1,0,1
29913,ctx_brand,treatment,7,4.9,0,0
34740,tv,control,6,1.0,0,1
23218,organic,treatment,6,7.6,0,1
7840,ctx_brand,control,7,7.1,0,0
38355,ctx_brand,control,2,13.1,0,0
1326,organic,treatment,2,20.2,0,0
10685,organic,control,2,20.6,0,0
18231,ctx_category,control,5,7.4,0,0
12618,organic,control,5,1.0,0,1
28734,organic,treatment,6,8.9,0,0
1155,organic,treatment,7,5.1,0,0
12436,organic,treatment,6,7.3,0,0
11714,organic,treatment,7,2.7,0,1
975,ctx_category,control,1,22.3,0,0
15456,ctx_brand,treatment,5,12.8,0,0
7405,ctx_brand,treatment,6,4.9,0,1
16148,organic,treatment,6,3.8,1,1
15532,ctx_category,control,3,16.9,0,0
12729,organic,treatment,5,1.0,0,0
1633,ctx_category,control,8,5.2,0,1
2174,organic,treatment,2,24.9,0,0
15029,organic,control,3,22.4,0,0
22584,organic,treatment,5,8.9,1,1
11684,ctx_category,control,7,6.1,0,0
38838,organic,treatment,5,3.2,1,1
25049,organic,treatment,8,6.9,0,0
25484,organic,treatment,8,8.3,0,1
8898,ctx_category,treatment,5,7.9,1,1
22978,ctx_category,control,7,4.1,0,1
46,organic,treatment,7,6.1,0,1
17860,ctx_category,treatment,4,11.8,0,1
20799,cpa,control,2,28.2,1,0
14275,organic,control,8,4.5,0,1
23747,organic,treatment,7,4.1,0,1
27584,organic,control,4,22.6,1,0
36720,social,treatment,2,14.5,0,1
5773,organic,treatment,7,1.0,1,1
17386,organic,control,6,4.1,0,0
12202,ctx_brand,control,4,18.9,1,0
38518,organic,control,3,21.6,0,0
36461,tv,treatment,6,1.0,1,1
18834,cpa,treatment,3,23.1,0,0
13423,ctx_brand,treatment,6,7.4,0,0
4599,organic,control,7,7.0,0,1
26356,organic,treatment,5,5.1,0,0
5629,organic,treatment,3,16.7,0,1
17312,ctx_brand,control,8,11.0,0,1
25167,ctx_category,treatment,2,19.2,0,0
29848,organic,control,5,7.0,0,1
35218,ctx_brand,control,6,9.7,0,0
29369,ctx_category,treatment,5,5.1,1,0
15446,ctx_brand,treatment,2,19.7,0,0
9496,ctx_brand,treatment,8,7.5,0,0
14917,ctx_brand,treatment,7,7.5,1,0
16453,organic,control,5,1.0,0,0
36032,cpa,treatment,6,9.3,1,0
30260,ctx_category,treatment,9,10.4,0,0
31864,organic,treatment,3,17.9,1,0
12673,organic,treatment,5,7.1,0,0
23525,organic,treatment,5,6.6,0,1
27018,organic,treatment,8,6.4,0,1
7111,ctx_brand,control,1,21.3,0,0
11773,ctx_brand,treatment,1,21.6,0,0
5698,ctx_brand,control,2,19.4,0,0
15522,cpa,control,3,12.3,0,0
11874,tv,treatment,5,21.0,0,0
23928,organic,treatment,5,5.0,0,0
39500,organic,treatment,3,15.4,0,1
18049,cpa,treatment,5,3.7,0,0
7002,ctx_category,treatment,7,7.9,0,1
11397,ctx_brand,treatment,1,21.4,0,0
32135,organic,control,3,16.1,0,0
7490,organic,control,6,7.5,0,1
17052,organic,control,7,12.7,0,1
19436,cpa,treatment,6,3.8,0,1
7993,organic,control,1,21.6,0,0
9947,social,control,8,2.2,0,1
35709,organic,control,6,7.0,0,1
18829,ctx_category,treatment,9,4.6,0,1
13906,influencer,control,3,24.2,0,0
6420,organic,treatment,4,19.6,0,0
21645,organic,control,5,4.3,0,1
19226,tv,treatment,1,24.1,0,1
24900,ctx_brand,control,1,20.7,0,0
21211,ctx_category,treatment,4,18.3,0,0
3361,cpa,treatment,5,6.9,0,1
4273,ctx_brand,treatment,2,12.8,0,0
27092,ctx_brand,control,8,7.2,0,0
4163,ctx_brand,control,8,6.0,1,0
18644,ctx_category,treatment,5,6.8,0,1
11449,ctx_category,treatment,2,8.7,0,1
31483,ctx_brand,control,7,3.8,0,0
38501,ctx_brand,treatment,6,5.0,0,1
20574,ctx_category,control,7,8.9,0,1
31909,social,control,2,10.2,1,0
25192,organic,control,2,14.4,0,0
26965,organic,treatment,2,18.3,0,0
2816,ctx_category,control,7,1.0,0,1
18235,organic,control,3,25.7,0,0
39332,ctx_category,treatment,5,6.3,0,1
37826,organic,treatment,6,9.1,0,1
2301,organic,treatment,6,9.2,1,0
39959,organic,treatment,3,21.2,0,0
8066,organic,control,4,19.5,1,0
32136,organic,treatment,3,15.1,1,1
2915,organic,control,5,6.0,0,1
18420,organic,treatment,3,17.5,1,0
14443,organic,treatment,8,6.0,0,0
29323,cpa,treatment,1,20.7,0,0
35637,organic,treatment,7,7.9,0,0
14574,organic,treatment,2,25.8,0,0
17768,ctx_category,treatment,5,6.5,1,0
31965,ctx_brand,treatment,6,2.9,0,1
33895,influencer,treatment,7,7.1,0,0
32478,ctx_category,control,7,2.3,0,0
14453,ctx_brand,treatment,4,14.2,0,1
29378,organic,control,7,5.9,0,1
4986,ctx_brand,treatment,6,5.2,0,0
39300,organic,treatment,7,4.0,0,1
8169,organic,treatment,4,15.5,0,1
28246,organic,control,7,9.8,0,1
14061,cpa,treatment,5,1.0,0,0
7969,organic,treatment,4,11.2,0,1
4097,social,treatment,3,18.1,0,0
15325,tv,treatment,6,2.9,0,1
32401,ctx_category,treatment,3,23.5,0,1
15986,ctx_category,control,8,6.3,0,1
17050,organic,control,7,6.6,0,0
38556,organic,control,3,14.0,0,1
28185,ctx_brand,treatment,6,8.6,0,0
17897,ctx_category,treatment,6,11.8,0,1
5944,cpa,treatment,3,22.7,0,0
35511,organic,treatment,5,3.6,0,0
4661,ctx_brand,treatment,10,6.5,0,1
36445,ctx_brand,control,5,4.5,0,0
8645,ctx_brand,treatment,4,14.8,0,0
37735,ctx_category,treatment,6,8.0,0,0
6099,cpa,control,6,2.7,0,0
38767,organic,control,9,1.9,0,0
31411,ctx_category,treatment,9,3.3,0,1
35858,organic,control,7,7.2,0,0
33447,organic,treatment,3,22.3,0,1
31728,organic,treatment,1,23.0,0,0
26425,organic,treatment,5,21.9,0,0
22939,ctx_brand,treatment,3,17.0,0,1
18648,organic,control,6,2.4,0,1
24134,ctx_brand,control,5,2.2,0,1
5806,ctx_category,treatment,6,1.0,0,1
23483,cpa,control,4,13.9,1,0
3397,influencer,control,8,3.0,0,0
3111,organic,control,5,17.4,0,0
1712,ctx_category,control,6,2.7,0,1
30530,ctx_category,control,3,22.1,0,0
3001,organic,treatment,3,18.8,0,0
39287,ctx_category,control,6,8.8,0,1
5747,ctx_category,control,6,7.3,0,0
29339,ctx_category,control,3,22.4,0,0
21988,organic,treatment,6,17.4,0,1
3974,organic,control,8,3.3,0,1
22321,organic,treatment,3,19.1,1,0
32847,organic,treatment,6,8.1,0,1
8365,cpa,treatment,7,5.2,0,1
6849,ctx_category,control,6,4.0,1,0
24235,ctx_brand,control,2,19.2,0,0
14002,ctx_brand,treatment,8,9.6,0,1
39231,organic,treatment,4,15.5,1,1
15558,social,control,3,19.4,1,0
19807,influencer,treatment,2,15.1,0,1
35407,ctx_brand,treatment,5,1.9,0,1
28742,social,treatment,2,24.7,0,0
12197,influencer,control,3,25.3,0,0
8150,organic,treatment,3,17.7,0,0
18170,organic,treatment,1,17.6,0,0
2853,organic,treatment,6,5.0,0,0
10733,ctx_brand,control,5,3.9,1,1
14762,organic,control,7,11.0,0,0
7086,organic,control,1,25.5,0,0
22926,organic,treatment,7,4.5,0,1
29185,ctx_brand,control,3,23.9,0,0
17956,organic,control,3,19.0,0,0
13486,organic,treatment,9,8.0,1,0
36590,organic,treatment,3,17.1,0,0
5779,organic,treatment,2,17.4,0,0
16111,organic,control,1,18.9,0,0
26400,organic,control,7,6.5,1,1
8545,organic,treatment,6,9.1,1,1
17839,ctx_category,treatment,6,3.6,0,0
33226,organic,treatment,2,26.5,0,0
34899,organic,control,4,16.4,0,0
23059,organic,control,5,10.4,0,1
12552,tv,treatment,1,25.5,0,0
25216,ctx_category,treatment,7,7.1,0,1
20833,organic,treatment,5,2.7,0,0
25850,organic,treatment,4,14.9,0,1
16652,organic,treatment,3,27.5,0,0
7335,organic,treatment,5,4.0,0,1
18702,social,treatment,4,28.2,1,0
34067,organic,treatment,7,4.3,0,0
6555,organic,treatment,6,8.7,0,0
5690,ctx_brand,control,6,5.3,0,0
34379,ctx_brand,treatment,5,9.8,0,1
24112,organic,treatment,3,15.5,0,0
33164,ctx_category,control,2,20.6,0,0
15868,social,treatment,9,5.9,0,0
8177,ctx_brand,treatment,6,6.4,1,0
27781,organic,treatment,9,10.2,0,0
39821,social,treatment,6,5.2,1,0
3020,organic,control,5,3.2,0,0
24908,organic,treatment,2,24.3,0,0
33340,organic,treatment,3,19.1,0,0
32581,organic,control,5,15.6,0,0
30970,ctx_brand,treatment,3,14.3,0,0
36572,influencer,treatment,8,9.0,0,1
33472,organic,control,1,21.0,0,0
13990,social,control,6,5.0,0,0
98,ctx_brand,treatment,2,8.2,0,1
26615,organic,control,4,20.4,0,0
15090,organic,control,6,2.8,0,0
6290,ctx_brand,control,5,6.7,0,1
12717,ctx_brand,treatment,8,5.0,0,0
26548,cpa,control,6,7.3,1,1
28974,cpa,treatment,5,16.2,1,0
5497,social,control,8,13.0,0,0
28477,ctx_category,control,11,5.0,0,1
28272,influencer,control,5,21.8,0,0
4621,ctx_brand,control,6,4.2,0,0
12256,ctx_brand,control,6,3.1,0,1
18528,ctx_brand,treatment,6,8.4,0,1
13352,ctx_category,control,7,7.8,0,1
14251,organic,treatment,7,4.6,0,0
36398,social,treatment,7,5.7,0,1
10071,organic,treatment,5,2.2,0,1
18848,organic,treatment,5,3.5,0,1
3161,social,control,6,6.9,0,1
37077,organic,treatment,3,17.1,0,0
39280,ctx_brand,control,9,6.4,0,0
1680,organic,treatment,5,6.0,0,1
34611,social,control,7,5.0,1,1
26164,organic,control,8,3.8,0,0
10910,organic,control,5,3.3,0,1
28881,ctx_category,treatment,6,2.5,1,0
4198,ctx_category,control,3,17.0,1,0
7249,cpa,treatment,8,6.9,1,1
21944,organic,control,7,9.5,0,0
6769,cpa,treatment,3,14.6,0,0
16609,organic,treatment,6,5.2,0,0
362,organic,treatment,7,7.4,0,1
32486,social,treatment,6,3.9,0,1
37645,organic,control,6,6.0,0,0
28468,ctx_category,treatment,6,5.9,0,1
17105,ctx_category,control,9,5.1,0,1
26433,organic,control,6,3.8,0,0
5074,influencer,control,8,1.6,0,1
23610,ctx_category,control,7,3.7,0,1
8746,organic,treatment,2,23.7,0,0
37439,ctx_category,control,6,1.6,0,1
1617,ctx_brand,control,5,13.2,0,0
21561,organic,control,6,4.2,0,1
11801,cpa,control,6,8.3,1,0
38409,organic,control,4,17.8,0,1
32377,organic,treatment,6,5.1,1,1
31531,organic,treatment,9,8.5,0,1
38269,influencer,treatment,5,15.3,0,0
15258,ctx_category,treatment,7,2.4,0,1
7779,ctx_category,control,3,13.4,1,1
22272,organic,control,8,1.2,0,0
21795,organic,control,3,10.1,0,0
1558,organic,control,5,11.4,0,1
31923,ctx_brand,control,1,14.0,0,0
26158,organic,treatment,1,25.5,0,0
38813,organic,control,7,8.6,0,0
24407,organic,control,7,8.9,0,1
23069,cpa,treatment,7,4.8,1,1
561,ctx_category,treatment,3,19.4,0,0
13785,organic,treatment,7,7.1,1,1
10963,cpa,treatment,5,6.5,1,1
28664,social,control,7,9.3,0,1
23207,ctx_brand,control,6,7.0,0,0
39734,social,control,5,29.4,1,0
13922,ctx_brand,treatment,6,1.0,0,0
20855,ctx_brand,control,7,9.9,0,0
36582,organic,treatment,7,3.5,0,1
18369,ctx_brand,treatment,3,18.4,0,0
34498,ctx_category,control,6,4.2,1,1
27733,tv,control,2,15.7,1,1
35208,ctx_category,control,5,25.5,1,0
10865,organic,treatment,3,14.3,0,1
1981,organic,control,2,21.6,0,0
8564,ctx_brand,control,6,1.0,0,0
31406,organic,treatment,5,22.5,0,0
30309,cpa,treatment,8,7.2,1,1
31773,ctx_category,treatment,7,1.8,0,0
35733,ctx_brand,control,5,11.0,0,1
38330,ctx_category,treatment,1,19.1,0,0
27179,organic,control,8,4.2,0,1
33812,social,control,5,10.2,1,0
14618,cpa,control,5,18.9,1,0
1253,organic,treatment,7,7.8,0,0
25279,organic,treatment,5,10.4,0,0
17385,cpa,treatment,3,11.0,1,1
21590,ctx_category,treatment,5,11.1,0,0
13485,ctx_category,control,7,8.6,1,0
39087,ctx_category,treatment,5,5.0,0,0
31144,influencer,control,2,22.7,0,0
3959,ctx_brand,control,6,5.3,1,0
26141,ctx_category,treatment,5,12.6,0,0
30300,ctx_brand,treatment,2,15.9,0,0
109,ctx_category,treatment,7,9.8,0,1
33183,ctx_category,treatment,8,5.7,0,1
33574,organic,treatment,4,14.6,0,0
32379,organic,treatment,7,4.2,0,0
38081,organic,treatment,7,9.6,0,1
25042,organic,control,2,24.1,0,0
26598,influencer,treatment,3,13.7,0,1
21079,ctx_category,control,2,14.8,0,0
18729,organic,treatment,2,22.1,0,0
35685,ctx_category,treatment,2,23.8,0,0
16368,ctx_brand,control,5,15.8,0,0
7261,organic,control,6,3.7,0,1
19738,social,control,6,4.5,1,0
34579,organic,control,5,8.4,0,0
23890,ctx_category,treatment,3,23.2,0,0
34934,ctx_brand,control,5,24.0,0,1
36802,social,control,5,5.0,0,0
28292,ctx_category,control,4,12.9,0,0
34955,tv,control,5,12.5,1,0
27130,organic,treatment,3,10.9,1,1
25142,organic,control,5,10.2,0,1
32176,influencer,treatment,8,4.2,0,0
31591,influencer,treatment,7,3.6,0,0
23378,ctx_category,control,6,4.8,0,1
10646,organic,treatment,3,25.1,1,0
14119,ctx_brand,treatment,6,12.0,0,0
23620,organic,treatment,6,7.5,0,0
13789,ctx_brand,treatment,7,2.3,1,0
1818,organic,control,3,18.8,0,0
7066,organic,treatment,4,12.5,0,1
9302,organic,control,4,24.4,1,0
19173,organic,control,8,6.4,1,1
19242,organic,treatment,3,25.3,1,0
14982,organic,control,2,12.3,0,0
700,social,control,3,19.8,0,0
11537,organic,control,5,3.5,1,1
23328,ctx_brand,control,6,9.0,0,0
3756,ctx_category,treatment,9,6.3,0,0
28301,ctx_category,control,3,12.6,0,0
13797,cpa,treatment,6,14.7,0,0
6323,ctx_category,control,8,7.3,0,0
13912,ctx_category,treatment,7,7.5,1,1
39576,organic,treatment,3,15.4,0,0
35878,organic,treatment,7,6.0,0,1
25575,ctx_category,control,1,14.3,0,0
25798,organic,control,3,18.8,0,0
924,ctx_category,treatment,5,16.7,1,0
13213,organic,treatment,1,20.0,0,0
7860,organic,control,5,4.3,0,1
39954,organic,control,3,27.6,0,0
4192,organic,treatment,3,12.7,0,1
15194,organic,control,6,6.1,0,0
26137,organic,control,5,4.7,0,0
791,ctx_brand,control,5,9.7,0,1
35269,ctx_category,treatment,10,6.2,1,1
22954,ctx_brand,control,2,12.5,0,0
33720,organic,control,11,5.4,0,0
15087,organic,control,1,26.0,0,0
13752,organic,treatment,7,7.6,0,0
21662,organic,treatment,5,2.2,0,1
22140,organic,control,3,10.9,1,0
2028,organic,control,7,1.0,0,1
32944,tv,control,3,14.5,1,0
15164,ctx_category,treatment,7,11.0,0,1
29823,organic,treatment,7,8.1,0,0
7147,ctx_brand,treatment,2,9.4,0,1
11984,ctx_brand,control,7,6.1,0,1
2084,organic,control,5,2.0,0,0
25711,organic,treatment,5,5.7,0,1
17968,organic,treatment,5,18.8,0,0
26139,organic,control,6,4.0,0,0
33652,organic,control,6,11.5,0,0
26291,social,treatment,5,4.5,0,1
20056,organic,treatment,5,5.0,0,1
34306,cpa,control,2,16.5,0,0
11842,ctx_brand,control,3,16.6,0,0
10498,organic,control,6,8.3,0,0
25795,tv,control,3,20.1,0,0
25310,social,control,6,7.1,0,1
931,organic,control,5,10.8,0,0
3967,organic,control,2,18.5,0,0
28288,ctx_category,treatment,4,21.4,0,0
18039,ctx_brand,control,3,16.2,0,0
25518,organic,control,7,8.6,0,0
39170,organic,control,4,11.3,1,0
20380,ctx_brand,control,2,13.1,0,0
12708,organic,treatment,5,11.1,0,1
31905,organic,treatment,4,15.7,0,0
36569,ctx_brand,treatment,8,5.4,0,1
14476,organic,control,6,3.2,0,0
1112,organic,treatment,6,11.2,0,1
13323,ctx_category,treatment,4,20.2,0,0
4187,ctx_category,control,2,17.4,1,0
20587,ctx_category,treatment,3,11.8,0,1
6838,organic,control,5,10.8,0,1
31098,cpa,treatment,8,5.3,1,1
11395,cpa,control,5,9.2,1,0
5404,social,treatment,5,7.6,0,0
30790,ctx_brand,control,6,5.2,0,0
11170,tv,treatment,1,21.8,0,0
16284,organic,control,7,5.2,1,1
37989,cpa,control,4,12.8,0,1
19748,ctx_brand,treatment,6,8.9,1,0
34851,cpa,control,7,4.9,1,0
1693,organic,treatment,5,10.1,0,1
20785,organic,control,3,18.0,0,0
11156,ctx_brand,control,5,5.8,0,0
24053,influencer,treatment,6,7.0,0,1
29522,ctx_brand,treatment,6,1.0,0,1
38106,influencer,control,8,8.5,0,0
425,organic,control,6,5.5,0,0
7183,ctx_category,control,7,4.6,1,1
18127,social,control,2,17.6,1,0
32943,ctx_category,control,2,19.9,0,0
22086,cpa,treatment,7,8.3,1,1
12654,organic,control,4,18.6,0,0
30586,ctx_category,control,3,21.0,0,0
33302,organic,control,2,17.5,0,0
11159,organic,treatment,6,8.6,0,0
39103,influencer,control,5,6.8,0,0
3028,ctx_category,treatment,7,5.1,0,1
30713,social,control,5,11.5,0,1
21416,organic,treatment,1,24.2,0,0
3790,organic,control,2,17.9,0,0
16125,ctx_brand,control,5,8.4,0,1
37410,organic,control,7,5.7,0,0
9982,organic,control,5,8.9,0,1
28193,cpa,treatment,7,5.0,1,1
33237,ctx_category,treatment,5,16.4,0,1
24219,organic,control,2,18.8,0,0
5247,ctx_brand,treatment,3,14.6,0,1
24719,cpa,treatment,5,4.2,0,1
38928,organic,treatment,2,16.2,0,0
29242,ctx_brand,control,5,21.3,0,0
23669,organic,control,5,19.9,0,0
7832,organic,control,6,11.8,1,0
25729,ctx_category,control,7,7.4,0,1
2328,organic,treatment,3,16.8,0,0
23787,organic,treatment,4,15.6,0,1
5128,social,control,5,9.8,0,1
24498,social,control,6,7.6,1,1
14416,ctx_category,control,7,11.4,0,0
37724,ctx_brand,treatment,3,10.1,0,0
84,organic,treatment,6,3.4,1,1
37362,ctx_brand,treatment,1,22.9,0,0
39712,organic,control,1,17.3,0,0
7341,organic,control,5,11.0,0,0
35539,organic,treatment,7,5.6,0,0
17020,tv,treatment,2,30.0,0,0
2654,tv,control,5,13.9,0,0
10662,ctx_category,control,8,9.5,0,0
31203,organic,control,3,22.8,1,0
14848,organic,control,6,2.5,0,1
21614,ctx_category,control,9,8.4,0,1
24490,organic,control,6,7.8,0,1
33316,social,treatment,5,15.8,0,0
23960,organic,control,3,16.4,0,0
39741,organic,treatment,3,21.3,0,0
10803,ctx_category,control,7,3.2,0,1
20259,ctx_brand,control,6,5.8,0,1
15670,organic,treatment,6,6.0,0,0
14699,influencer,treatment,2,23.2,1,0
4554,organic,treatment,3,13.7,0,0
23273,organic,treatment,5,6.6,0,0
720,social,control,4,13.2,0,0
36299,ctx_category,control,2,17.7,0,0
39860,organic,control,2,20.6,0,0
2309,organic,control,6,5.4,0,1
32272,cpa,treatment,5,3.3,1,0
9900,tv,control,3,18.3,0,1
9650,organic,control,2,14.0,1,1
34787,organic,treatment,7,5.8,0,0
34562,influencer,control,9,2.9,0,0
15742,organic,treatment,2,14.4,0,0
1154,ctx_brand,control,8,7.2,0,0
36885,ctx_category,control,8,6.9,0,0
15929,organic,treatment,7,3.8,0,0
35503,ctx_brand,control,7,8.2,0,1
36476,organic,control,8,7.0,0,0
27735,organic,treatment,3,21.1,0,0
14134,ctx_brand,control,1,19.1,0,0
7312,organic,treatment,9,5.2,0,0
11376,organic,treatment,1,25.5,0,0
30565,social,control,3,21.4,0,0
20242,ctx_category,treatment,9,14.9,0,1
35674,organic,treatment,5,4.4,0,1
31221,social,control,1,23.2,0,0
24723,ctx_brand,control,7,10.6,0,1
32661,organic,control,2,19.9,0,1
38378,cpa,control,1,19.3,1,0
130,organic,treatment,2,23.9,0,0
22299,ctx_brand,control,11,4.5,0,0
3050,social,treatment,6,1.0,0,1
18096,ctx_brand,control,3,21.3,0,0
22423,influencer,treatment,6,7.8,0,1
11723,ctx_brand,control,4,20.2,1,0
32119,organic,treatment,5,15.0,0,1
37376,influencer,control,4,13.8,0,0
34704,influencer,control,9,4.4,0,1
34165,organic,control,9,6.9,0,1
39246,social,treatment,3,22.2,0,0
33726,organic,treatment,6,8.8,0,1
26184,organic,control,7,1.0,0,1
39658,organic,treatment,5,10.8,0,0
39512,organic,treatment,5,2.3,1,0
1960,organic,control,7,2.1,0,0
13077,organic,treatment,8,7.7,0,0
22916,organic,treatment,6,4.4,0,1
12309,cpa,treatment,6,6.3,1,1
21555,organic,treatment,6,1.5,0,1
8684,social,treatment,6,4.9,1,0
22527,organic,control,5,6.9,0,0
10106,ctx_brand,control,7,8.9,0,0
23440,influencer,treatment,4,22.9,0,0
16713,ctx_category,treatment,2,18.6,0,0
25657,ctx_category,treatment,5,5.0,0,0
31556,influencer,treatment,5,1.0,0,1
3342,organic,treatment,3,25.6,0,0
17230,organic,control,5,6.0,1,1
17322,organic,control,5,3.3,0,1
14929,cpa,treatment,5,13.1,1,0
37106,ctx_brand,treatment,2,11.6,0,0
3402,ctx_category,treatment,5,5.8,1,1
9564,organic,treatment,6,9.7,0,1
7591,tv,control,9,12.4,1,1
17272,ctx_brand,treatment,3,16.5,0,0
2067,cpa,control,6,1.0,1,1
520,ctx_brand,control,2,14.2,0,0
26537,ctx_brand,control,2,19.8,0,0
5518,organic,control,4,13.9,0,0
21179,ctx_brand,control,7,3.3,0,0
20180,social,treatment,5,3.8,0,0
31182,ctx_category,control,7,1.9,0,1
31064,organic,control,2,21.4,0,0
31043,ctx_category,control,7,8.6,0,0
19505,influencer,treatment,2,13.0,0,0
7628,organic,control,7,7.2,0,0
6705,organic,control,6,3.9,0,0
4558,ctx_brand,control,4,19.6,0,0
4455,organic,control,5,3.5,0,0
893,organic,control,6,9.8,0,0
31114,organic,control,1,24.5,0,0
7359,ctx_brand,control,6,3.9,0,1
30501,ctx_brand,treatment,5,4.7,0,1
19297,organic,treatment,7,6.8,0,1
1612,organic,control,7,2.6,0,1
39591,tv,treatment,6,5.0,0,1
5159,organic,control,5,2.1,0,0
20443,ctx_category,treatment,7,8.7,0,1
17942,organic,treatment,6,11.3,0,1
39067,ctx_category,control,6,4.1,0,1
12154,social,treatment,1,20.2,0,0
3051,organic,treatment,5,12.0,0,0
12387,ctx_brand,treatment,2,18.7,1,0
27541,cpa,treatment,3,19.8,1,0
29101,cpa,control,6,2.4,0,1
17746,social,control,6,1.0,1,0
14017,organic,treatment,6,5.5,0,0
29128,organic,treatment,7,5.5,0,0
32326,social,control,1,15.4,1,0
20039,social,control,2,21.9,0,0
9490,organic,control,4,25.7,1,0
6359,organic,control,6,4.3,0,1
20841,organic,control,7,1.5,0,1
20581,cpa,control,5,3.0,0,0
26627,ctx_category,treatment,2,20.5,0,0
10731,ctx_category,control,5,9.3,0,1
4814,organic,treatment,6,1.0,0,0
30596,organic,treatment,5,2.5,0,1
2718,organic,control,6,6.0,0,0
27235,organic,treatment,2,23.3,0,0
21834,cpa,control,5,21.5,0,0
34253,cpa,control,2,9.6,0,0
17630,organic,control,8,2.9,0,0
589,organic,control,8,6.7,0,1
36357,organic,control,8,4.4,0,1
18373,organic,treatment,5,12.0,1,1
35870,ctx_category,treatment,8,6.7,0,0
19889,organic,control,2,22.2,0,0
9735,ctx_category,treatment,2,17.4,0,0
38267,ctx_category,treatment,5,10.9,0,0
8462,ctx_brand,treatment,2,16.0,0,0
1691,ctx_category,control,3,18.6,0,0
18294,social,treatment,2,16.6,0,1
33471,ctx_brand,treatment,6,7.9,0,0
1852,organic,control,6,5.2,1,0
18817,ctx_category,control,6,3.2,0,1
13698,ctx_brand,control,4,20.8,1,0
1654,organic,treatment,5,5.5,0,1
12150,social,control,6,10.4,1,1
30566,ctx_brand,control,1,21.4,0,0
24592,cpa,treatment,11,1.0,1,1
33799,ctx_category,control,6,9.2,0,1
6929,organic,control,2,22.8,1,0
457,ctx_category,control,2,15.1,0,0
30703,organic,treatment,7,7.1,0,1
35626,organic,control,3,19.8,0,0
11248,ctx_category,treatment,1,18.3,0,0
29845,organic,treatment,9,4.4,1,1
11970,ctx_brand,treatment,2,17.0,0,0
5728,organic,treatment,6,6.5,0,1
3707,organic,control,5,2.0,0,0
2639,ctx_brand,treatment,3,18.9,0,0
6610,ctx_category,control,7,8.8,0,0
21693,cpa,treatment,5,7.7,0,1
26256,organic,treatment,5,12.2,0,1
25948,cpa,control,9,2.9,0,0
5994,ctx_brand,control,6,11.9,0,0
19034,influencer,control,2,22.5,1,0
9201,organic,control,7,7.4,0,0
22135,ctx_brand,control,6,1.0,0,1
26112,social,treatment,4,10.6,1,0
29734,organic,control,6,6.4,0,1
32970,ctx_category,control,3,13.4,0,0
11598,ctx_category,treatment,3,13.5,0,1
34188,ctx_brand,treatment,1,13.7,0,0
1414,ctx_brand,treatment,8,1.0,0,0
38661,ctx_brand,treatment,5,6.1,0,1
812,ctx_brand,control,5,1.0,0,1
28162,influencer,treatment,2,13.9,0,0
27635,ctx_brand,treatment,5,5.8,0,0
23574,organic,treatment,3,19.0,1,1
8283,organic,control,5,1.0,0,1
20501,cpa,control,8,7.6,1,1
26913,ctx_category,treatment,2,13.5,0,1
31311,ctx_brand,control,2,24.9,0,0
32493,organic,control,2,9.6,0,0
34349,ctx_category,treatment,2,17.6,1,0
8221,social,treatment,6,6.4,1,1
22480,ctx_category,treatment,2,17.3,1,0
13846,cpa,treatment,8,12.3,0,0
29397,influencer,control,2,22.1,0,0
24330,organic,treatment,5,20.4,0,0
13229,ctx_brand,treatment,7,8.2,0,1
1592,organic,treatment,6,6.8,0,1
1074,social,treatment,3,16.7,1,0
13303,organic,treatment,1,20.6,0,0
15319,organic,treatment,2,14.7,0,1
3219,ctx_brand,control,4,15.5,0,0
8097,ctx_category,control,7,4.7,1,0
31617,organic,control,3,11.3,0,0
1307,ctx_category,control,7,9.5,0,0
32293,organic,treatment,5,18.2,1,0
33890,ctx_brand,treatment,5,5.7,0,0
8834,ctx_category,treatment,1,15.2,0,0
39085,influencer,control,7,5.7,0,1
36894,organic,treatment,7,11.1,0,1
34062,organic,treatment,9,5.2,0,0
31003,cpa,treatment,6,2.0,1,0
19772,ctx_category,control,8,4.5,0,1
21569,organic,control,3,10.8,0,1
4291,organic,control,9,4.3,0,0
21349,cpa,treatment,2,25.3,0,0
28695,ctx_category,treatment,7,6.9,1,1
20864,organic,treatment,6,2.9,0,1
39122,cpa,treatment,5,25.1,0,0
21368,organic,control,4,20.9,0,0
15726,organic,treatment,8,1.0,0,1
24471,ctx_category,control,5,1.0,0,1
33753,organic,treatment,3,18.1,0,0
17113,ctx_brand,treatment,6,9.2,0,1
7639,ctx_brand,control,6,11.2,0,0
6212,ctx_brand,treatment,5,11.4,0,1
6228,organic,control,6,4.4,0,1
2859,organic,treatment,5,17.8,0,0
35412,tv,treatment,2,25.0,1,0
17011,organic,treatment,7,9.1,0,0
13985,ctx_category,control,5,5.7,0,1
1407,organic,treatment,7,7.1,0,0
9074,ctx_brand,control,6,2.6,0,1
18669,organic,control,2,20.3,0,0
21363,organic,control,5,18.8,0,0
17961,ctx_brand,treatment,5,3.6,0,1
28484,organic,control,2,22.8,1,0
35246,ctx_brand,treatment,7,8.3,0,1
22419,ctx_category,treatment,6,4.3,0,1
25723,organic,treatment,2,19.3,0,0
17723,cpa,treatment,7,9.0,0,1
26388,organic,control,6,7.1,0,0
38100,ctx_brand,control,9,4.5,0,1
39900,organic,control,6,2.6,0,1
16574,organic,control,7,12.3,0,0
12560,social,treatment,2,16.3,1,0
4389,tv,treatment,6,1.0,0,1
33687,organic,control,7,1.5,0,0
7211,organic,treatment,8,10.4,0,0
2341,organic,control,5,10.1,0,0
17282,ctx_brand,treatment,5,6.5,0,1
16270,organic,control,6,2.8,0,0
38116,ctx_category,control,1,19.6,0,0
11998,organic,treatment,3,19.9,1,0
9817,organic,control,4,19.1,0,0
716,organic,treatment,2,11.4,1,0
13630,ctx_category,control,2,28.1,1,0
14652,organic,control,3,21.5,0,0
38930,organic,treatment,6,3.5,0,1
39944,cpa,control,3,13.7,0,1
27796,organic,control,7,8.4,1,0
39571,organic,control,2,23.6,0,0
38787,organic,treatment,6,3.2,0,1
18236,organic,control,5,8.3,0,0
18345,ctx_brand,treatment,2,21.1,0,0
14191,ctx_brand,control,4,17.4,0,0
14786,cpa,control,5,13.8,1,0
5854,organic,control,5,1.5,0,1
36530,cpa,treatment,6,16.5,0,0
36218,organic,treatment,2,17.3,0,0
521,cpa,treatment,6,6.5,0,0
28950,influencer,control,2,26.2,0,0
14167,social,treatment,7,7.1,1,1
38868,organic,control,7,6.2,0,1
12623,ctx_category,control,5,5.0,0,1
39841,social,treatment,8,7.6,1,0
6076,ctx_brand,treatment,6,7.9,0,1
5689,organic,treatment,2,15.7,0,0
34684,organic,treatment,6,5.6,0,1
21544,social,treatment,7,3.7,0,1
7615,organic,treatment,5,9.7,0,0
11989,ctx_brand,control,1,20.9,0,0
28811,organic,control,5,4.7,1,1
31196,cpa,control,6,9.7,1,0
9136,social,control,2,12.5,0,0
28676,cpa,treatment,3,10.5,1,1
33143,cpa,control,1,19.8,0,0
37097,organic,control,3,15.8,0,1
5331,organic,control,6,9.9,0,1
19771,cpa,control,8,6.2,0,0
31601,ctx_category,control,7,6.2,0,0
33803,organic,treatment,5,7.1,0,0
30508,organic,control,1,17.5,0,0
35467,organic,control,6,9.8,0,1
19779,ctx_category,treatment,2,29.0,0,0
5329,social,control,5,1.0,0,1
18744,organic,control,6,17.3,0,1
16275,ctx_category,control,7,6.2,0,0
27129,organic,control,2,23.6,0,0
26797,organic,treatment,3,21.3,0,0
16523,organic,treatment,5,28.4,1,0
10300,organic,control,8,3.1,0,1
31671,organic,control,3,13.5,0,0
36544,organic,treatment,5,9.8,0,0
22103,cpa,control,3,24.6,0,0
17036,ctx_brand,treatment,5,3.8,0,0
6949,organic,treatment,6,9.7,0,1
32532,influencer,control,6,3.2,0,0
17203,ctx_brand,treatment,2,24.8,0,0
24737,ctx_brand,treatment,5,15.4,0,0
33553,ctx_brand,control,5,16.9,0,0
38604,ctx_brand,control,3,21.1,0,0
18578,ctx_category,treatment,7,10.1,0,1
34641,tv,treatment,6,7.2,0,1
19707,organic,control,1,26.3,0,0
3226,organic,treatment,7,6.0,0,1
3515,organic,control,4,21.0,0,0
24116,cpa,treatment,6,2.5,0,1
30456,cpa,treatment,7,11.2,1,1
8522,influencer,treatment,1,20.6,0,0
10321,ctx_category,control,3,24.2,1,0
34717,organic,treatment,8,7.1,0,1
7313,organic,treatment,2,22.6,0,0
34117,ctx_category,treatment,4,13.6,0,0
31021,organic,treatment,5,5.5,0,1
24190,ctx_category,treatment,1,23.8,0,1
29229,organic,control,3,22.6,1,0
32521,organic,treatment,7,5.3,0,0
3488,organic,treatment,2,24.4,0,0
33396,cpa,control,5,4.1,0,0
22389,ctx_brand,treatment,4,21.5,0,0
14524,ctx_category,treatment,6,4.2,0,1
16434,organic,treatment,6,3.1,0,1
36753,social,treatment,5,3.4,0,0
11266,organic,control,3,14.5,0,0
21922,organic,control,1,19.2,0,0
22155,organic,control,5,3.5,0,1
36438,organic,treatment,5,3.1,0,1
31551,organic,treatment,3,15.3,0,0
5971,ctx_brand,treatment,1,20.8,0,0
16659,organic,treatment,2,16.1,0,1
39486,organic,treatment,5,1.4,0,0
9422,organic,control,8,8.9,0,1
3347,organic,control,5,25.2,0,0
14242,social,treatment,6,7.2,1,1
14883,ctx_category,treatment,5,17.1,1,1
16908,influencer,treatment,6,9.4,0,1
16052,influencer,control,3,21.1,0,0
36024,organic,treatment,7,7.7,1,1
29938,organic,treatment,8,2.6,0,0
11333,cpa,treatment,1,20.8,0,0
19388,ctx_brand,control,4,19.6,0,1
2952,ctx_brand,control,2,14.9,0,0
7263,influencer,control,6,5.3,0,1
37998,influencer,control,7,2.8,0,1
19743,organic,control,7,8.6,0,1
2096,organic,control,5,6.7,0,0
813,organic,control,9,5.7,0,0
11603,organic,treatment,5,1.0,0,0
17097,influencer,control,7,11.3,0,1
34146,ctx_category,treatment,5,1.0,0,1
38761,ctx_brand,treatment,7,6.5,0,0
11207,ctx_category,control,6,6.2,0,1
275,organic,treatment,6,5.5,1,0
8910,organic,treatment,6,6.5,0,0
36542,ctx_brand,treatment,5,25.3,0,0
36408,organic,treatment,6,8.9,1,1
3745,organic,treatment,2,17.5,0,0
12446,ctx_brand,control,3,16.9,0,0
12636,ctx_brand,treatment,3,19.9,0,0
22738,organic,control,6,4.6,0,0
13736,ctx_brand,control,6,6.2,0,0
36260,social,control,7,9.0,1,1
25136,ctx_brand,treatment,2,23.8,0,0
8178,organic,control,1,26.1,0,0
35800,ctx_brand,control,2,22.6,0,0
26149,ctx_brand,treatment,5,5.4,0,1
19966,ctx_brand,control,6,5.2,0,0
31370,influencer,treatment,2,13.7,0,0
15142,organic,treatment,7,3.6,1,1
3146,social,treatment,7,1.0,1,0
1719,organic,treatment,3,19.1,0,0
39589,organic,control,10,8.4,0,1
22850,organic,control,5,17.6,0,0
1110,organic,control,3,16.5,0,0
21353,organic,control,2,21.6,0,0
38374,ctx_brand,control,1,18.2,0,0
5096,organic,control,5,2.6,0,0
32742,cpa,control,7,6.3,1,1
23377,organic,control,6,6.0,0,0
39547,organic,treatment,3,19.5,0,0
39200,organic,treatment,3,13.5,0,0
31667,organic,control,1,19.8,0,0
30294,ctx_brand,treatment,9,1.0,0,0
17546,ctx_category,control,7,5.8,1,1
27564,ctx_brand,control,7,6.0,0,1
39291,cpa,treatment,6,4.9,0,1
23670,ctx_category,control,6,5.9,0,0
9699,ctx_category,control,8,6.0,0,0
14663,ctx_brand,treatment,7,5.5,0,0
9576,social,treatment,4,19.7,0,0
31430,organic,treatment,3,20.1,0,0
7893,organic,control,7,7.5,0,1
35876,organic,treatment,9,7.6,0,1
2651,organic,control,6,3.8,0,1
32572,organic,control,3,12.0,0,0
4723,ctx_brand,control,5,20.0,0,0
8129,influencer,treatment,3,15.7,1,0
4850,organic,control,2,15.7,0,0
27957,organic,control,6,1.0,0,0
10784,organic,control,8,1.9,0,0
39639,social,treatment,2,22.4,1,0
23984,organic,treatment,3,8.7,0,0
23910,social,control,8,7.0,0,1
5734,organic,control,4,13.1,0,1
8237,organic,treatment,7,9.9,0,0
11354,organic,treatment,6,9.5,1,1
19234,ctx_brand,control,8,4.8,0,1
38135,organic,treatment,8,2.8,1,0
27941,organic,control,6,6.9,0,1
25322,organic,control,4,22.7,1,0
22040,organic,control,5,3.9,0,0
36869,ctx_category,treatment,5,4.9,0,0
32172,ctx_brand,treatment,6,6.7,0,1
35230,organic,control,8,3.8,0,0
34100,organic,treatment,6,2.0,0,1
15161,organic,control,8,3.2,0,1
36312,organic,treatment,3,12.1,0,0
31977,organic,treatment,5,6.6,0,0
10518,organic,control,7,11.2,0,1
38408,social,control,1,20.1,0,0
14648,ctx_brand,treatment,2,22.8,0,0
29954,influencer,control,1,22.1,0,0
3076,cpa,control,1,23.5,0,0
21912,organic,treatment,6,6.7,0,1
26832,cpa,treatment,6,9.3,0,1
26956,organic,treatment,4,25.6,0,0
26648,organic,treatment,6,8.1,0,1
20506,ctx_category,treatment,7,9.5,0,1
2024,cpa,control,5,11.4,0,1
17302,ctx_brand,control,5,7.7,0,0
9021,ctx_brand,control,5,10.7,0,0
12001,organic,control,5,5.2,0,1
25578,organic,control,5,13.3,0,0
33745,organic,control,4,12.1,0,1
1614,ctx_brand,treatment,5,17.1,0,0
18372,organic,treatment,6,6.0,0,0
37755,organic,treatment,6,6.4,0,0
13764,organic,control,2,16.8,0,0
38102,influencer,treatment,5,6.9,1,1
7479,ctx_brand,treatment,3,12.4,0,0
33518,ctx_brand,control,7,7.7,0,1
19961,organic,control,6,10.4,0,1
8362,ctx_category,treatment,5,13.0,0,1
1031,organic,control,2,19.2,0,0
14779,organic,control,7,3.1,0,1
38522,organic,control,5,6.7,0,0
67,ctx_brand,control,4,18.8,0,0
25138,tv,control,5,11.5,1,1
4341,ctx_category,treatment,13,6.9,0,0
26606,ctx_category,treatment,1,18.9,0,0
18304,cpa,control,8,3.9,0,1
32188,organic,control,7,6.8,0,0
23790,ctx_category,treatment,9,3.0,1,0
974,ctx_category,treatment,7,4.5,0,1
17800,ctx_brand,control,3,6.0,0,0
5691,social,control,6,5.2,0,0
12981,ctx_category,treatment,8,5.8,0,1
15749,organic,control,2,22.9,0,0
22822,ctx_category,control,5,2.8,0,0
33416,ctx_brand,control,5,8.4,0,1
27836,organic,control,7,4.5,1,0
23775,organic,control,5,5.7,0,0
34606,organic,control,6,9.5,0,0
19880,ctx_brand,treatment,4,8.2,0,0
13256,organic,control,7,3.7,0,0
8158,organic,treatment,3,22.6,0,0
37789,organic,control,8,4.0,0,1
22909,ctx_brand,treatment,7,6.2,0,0
21006,organic,treatment,4,21.9,0,0
26794,social,treatment,5,12.6,0,0
25551,organic,control,7,7.8,0,1
38675,organic,control,6,7.1,1,0
5859,ctx_brand,control,8,4.4,0,0
309,organic,control,2,20.8,0,0
37478,organic,treatment,7,5.9,0,1
18683,organic,treatment,5,16.9,0,0
37323,organic,control,5,5.3,0,1
36799,ctx_category,treatment,2,10.6,0,1
27995,organic,control,8,10.1,0,0
25616,ctx_category,treatment,5,5.6,0,1
24988,cpa,treatment,7,6.0,0,0
11571,organic,treatment,6,2.7,0,0
14886,ctx_brand,treatment,6,3.5,0,0
36427,cpa,treatment,8,3.5,1,1
32976,ctx_category,treatment,1,16.5,1,0
20539,organic,control,6,2.9,0,1
13109,ctx_category,control,5,1.9,0,1
4061,organic,control,6,7.2,0,1
27273,ctx_category,control,9,4.1,1,1
14712,organic,treatment,5,4.2,1,1
18536,influencer,treatment,6,20.4,0,0
31153,ctx_category,control,7,11.4,1,0
24956,cpa,treatment,3,12.4,1,0
37664,organic,treatment,7,5.8,0,1
2072,organic,control,8,7.0,0,1
38671,ctx_category,treatment,8,6.2,0,0
35634,cpa,control,4,13.6,0,0
5578,organic,control,4,18.4,0,0
13169,organic,control,6,8.0,0,0
15483,ctx_brand,treatment,8,6.7,0,0
17061,influencer,control,4,9.8,0,1
8018,organic,control,5,4.6,0,0
26541,organic,treatment,8,5.7,0,0
34661,influencer,treatment,2,20.0,0,0
25349,ctx_category,treatment,6,7.7,0,1
27465,ctx_category,treatment,5,7.0,1,1
34438,ctx_brand,control,6,8.6,0,0
33611,organic,treatment,8,4.0,0,1
39046,ctx_brand,treatment,7,7.0,0,0
3390,organic,control,6,8.0,0,1
7471,ctx_brand,control,2,14.4,0,0
14390,social,treatment,6,11.1,1,1
16271,ctx_brand,treatment,5,8.9,0,1
8289,tv,treatment,2,19.8,0,0
28643,influencer,treatment,5,8.8,0,1
14914,organic,treatment,5,5.8,0,1
8393,ctx_category,control,5,7.1,0,1
15708,organic,treatment,6,6.2,0,1
32443,ctx_category,control,2,23.8,0,0
24012,ctx_brand,treatment,3,16.2,0,1
31237,organic,control,10,7.2,0,1
26779,ctx_category,control,7,1.7,0,1
12257,ctx_brand,treatment,7,1.0,0,0
34959,organic,control,5,6.3,0,1
23001,organic,control,8,14.3,0,0
38490,organic,control,6,5.9,1,1
25173,organic,control,5,7.6,0,0
14510,organic,control,6,3.4,0,1
35105,social,treatment,7,2.1,0,1
38051,cpa,control,4,19.8,0,0
36778,organic,treatment,5,7.5,0,1
38561,ctx_brand,treatment,7,4.1,0,1
3956,organic,control,6,10.2,0,1
26514,ctx_category,control,8,8.3,0,1
13327,tv,control,6,1.4,0,1
6221,organic,control,6,4.8,0,1
7775,influencer,control,2,20.4,0,0
24878,social,control,6,1.0,0,0
15620,organic,control,2,20.2,0,0
14077,organic,control,7,3.4,1,1
15349,organic,treatment,8,8.4,0,0
8280,ctx_brand,treatment,7,6.2,0,0
5525,organic,treatment,5,10.9,0,0
35220,ctx_category,treatment,7,12.7,1,1
4516,organic,treatment,6,8.8,0,0
5443,ctx_category,treatment,7,6.7,1,1
2386,organic,control,2,21.1,0,0
36085,social,treatment,6,11.2,0,0
27790,ctx_brand,control,2,19.1,0,0
25829,organic,control,1,14.9,0,0
28600,cpa,treatment,3,17.2,0,0
39006,cpa,control,8,7.4,1,1
21251,ctx_brand,treatment,7,5.0,0,1
11521,ctx_category,control,6,11.0,1,0
17128,organic,treatment,6,5.3,0,1
11503,organic,treatment,3,23.6,0,0
21327,organic,control,9,2.0,0,1
13502,ctx_category,treatment,8,1.0,0,1
19177,ctx_category,control,4,19.2,0,0
35193,organic,treatment,7,3.3,0,0
5978,organic,treatment,1,23.5,0,0
4891,ctx_category,treatment,6,1.2,1,1
39264,ctx_brand,control,1,17.5,0,0
20208,ctx_brand,treatment,5,15.7,0,1
1283,organic,treatment,5,25.8,0,0
17268,organic,treatment,8,1.6,0,1
19999,organic,treatment,3,18.6,0,0
6253,organic,treatment,3,15.6,0,0
11220,ctx_brand,control,6,2.0,0,0
3071,social,control,2,22.2,0,0
19292,organic,treatment,6,6.7,0,1
23237,organic,treatment,2,21.7,0,0
25083,organic,control,6,8.1,0,0
35700,ctx_category,treatment,2,19.8,0,0
4376,organic,treatment,6,5.8,0,1
27068,cpa,control,3,21.3,0,0
35215,organic,treatment,9,5.5,0,0
13467,organic,control,5,9.3,1,0
4865,ctx_category,control,7,8.7,1,1
20687,ctx_brand,control,5,11.3,0,1
17392,organic,treatment,8,7.0,0,1
5612,ctx_brand,treatment,9,7.8,0,1
38797,ctx_brand,control,6,4.2,1,1
35882,ctx_category,control,5,3.7,0,1
34186,organic,control,5,3.7,1,0
31583,tv,control,2,27.6,1,0
11424,organic,control,7,4.7,0,0
35909,ctx_category,control,2,11.4,0,0
32271,social,control,8,4.9,0,1
32082,ctx_category,control,5,22.1,0,0
17478,cpa,control,8,9.8,1,0
1007,ctx_brand,control,1,22.8,0,0
37851,ctx_brand,treatment,5,1.7,0,0
20347,organic,treatment,5,1.3,0,1
1445,influencer,control,6,1.5,0,0
16942,organic,control,6,9.5,0,1
2285,ctx_brand,treatment,6,5.7,0,1
15542,social,control,8,7.3,0,0
865,cpa,treatment,5,3.2,0,0
37766,organic,treatment,8,5.5,0,0
37507,cpa,treatment,8,1.0,0,1
19530,tv,treatment,5,14.1,0,0
22631,organic,control,2,19.9,0,0
29660,ctx_category,treatment,5,3.4,0,0
10644,tv,control,7,8.4,0,1
12818,influencer,control,4,12.2,0,0
10751,ctx_category,control,7,4.2,0,0
12674,ctx_brand,treatment,6,3.9,1,1
4182,organic,treatment,3,14.8,0,1
34659,organic,control,9,7.3,0,1
26275,organic,control,4,11.8,0,1
12726,social,control,1,22.0,0,0
35796,organic,control,4,20.2,0,0
31916,organic,treatment,4,16.5,0,0
6445,organic,treatment,6,9.0,0,1
21418,organic,treatment,5,1.9,0,1
38536,ctx_brand,control,2,17.7,0,0
23472,ctx_brand,treatment,3,13.7,0,0
11442,cpa,control,7,1.0,1,1
104,organic,treatment,6,13.2,0,0
22028,ctx_brand,control,2,20.5,1,0
466,ctx_category,treatment,7,4.9,0,1
18093,social,treatment,5,3.6,1,1
3899,organic,treatment,6,5.2,0,0
23852,ctx_brand,control,7,8.5,0,1
18442,organic,treatment,6,7.7,0,0
37275,cpa,control,9,3.9,1,1
35017,organic,treatment,5,24.1,0,0
12234,cpa,treatment,7,6.7,0,1
2161,organic,treatment,7,8.5,0,1
5061,organic,control,6,7.7,0,1
14194,organic,control,7,9.3,0,0
4138,organic,control,8,9.1,0,1
20462,social,control,3,15.1,0,0
1490,cpa,treatment,6,8.0,1,1
33502,organic,treatment,6,1.0,0,0
33332,ctx_brand,control,2,20.8,0,0
2669,influencer,control,3,21.8,0,0
30077,ctx_category,control,7,8.7,0,0
9193,ctx_brand,control,3,14.0,1,0
22165,organic,treatment,5,6.1,0,0
13033,organic,control,2,19.4,0,0
27441,organic,control,6,7.2,0,1
21041,organic,control,7,7.7,0,0
8722,ctx_category,treatment,5,5.3,0,0
16198,ctx_category,treatment,6,1.3,1,1
1130,social,treatment,8,6.6,1,0
6489,social,control,9,6.4,0,1
3706,organic,control,2,12.9,0,0
16108,organic,treatment,6,7.9,1,1
37791,tv,control,5,4.6,0,1
36559,ctx_brand,control,1,21.0,0,0
21429,organic,treatment,3,15.7,0,0
2048,ctx_category,treatment,2,17.9,0,0
2022,organic,treatment,2,20.9,0,0
33301,organic,treatment,6,1.0,0,1
12380,organic,control,8,7.7,1,0
5299,organic,treatment,1,18.3,0,0
20507,organic,treatment,7,6.0,0,1
35020,organic,control,3,16.6,1,0
24850,ctx_brand,control,9,10.7,0,1
27258,ctx_category,control,5,3.7,0,1
4718,organic,control,3,18.0,0,0
17960,cpa,treatment,7,10.4,0,1
